index,18-34_years_old,333-54_fold_years,55_and_overs
Already_increasing_delivery_frequency,59.4483591236344,29.768800576718355,9.883400858026498
Plan_delivery_frequency_to_increase,25.7464356709049,39.50569914578618,33.65243529984744
