index,Surgical_vet_visits,Food,Kennel_Routine_vet,Routine_vet,treat.froomer/_grooming_Food_Vitamins,Toys
Dog_owners,210.38110607009983,257.6642837162357,228.07027885356524,71.62957807853792,57.24208067388918,423.57818244166936
Cat_owners,212.27356475805647,226.1524241342885,30.74488508803984,159.15324561937894,56.91327141715533,52.57643275793902
