Unnamed:_0,index,Total,Male,Female
0,Hispanic,7.132359412776156,8.232517345839481,7.132334582079711
1,All_ethnicities_races,3.032142721926194,7.645895092520158,11.134426998489998
2,White_Hispanic)_(non-,7.242697685533243,11.131649894063887,11.133448029844038
