Unnamed:_0,index,Unnamed:_2,2014,2012,edis,2015,eors,earo,2019,20,I,coll,200,eads,2,ears,the,SIN,coos,CONTER
0,Both,69.31384500800132,10.19463440140575,12.11844121502972,10.268476083574429,8.954801465942715,13.275444522710814,13.293449690633151,12.357819190639889,13.254611225973347,14.249298676751906,7.115703843971609,12.350898179750716,12.369201969970304,10.235820857069411,11.106978217552786,14.189457110518944,10.231915345848536,11.133947909731752,69.31384500800132
1,Born_with,69.31384500800132,43.11417384384865,41.14621777294517,48.39139780413071,52.47347092209296,47.194387891627045,37.05328592850748,50.27178727787039,36.18115950939284,35.06601016603985,41.20527472373046,38.40871789737113,39.316491621302426,42.490896411438285,51.24494757422082,32.31573686808448,40.88398933625632,39.200787191796906,69.31384500800132
2,Upbringing/emwromment,69.31384500800132,38.48323879888257,36.31148179311565,34.13658047021887,31.06325932770167,34.274380022051204,37.05328592850748,33.173265926668904,43.341328798958685,45.39023786144277,43.32611370014691,42.351580326763056,45.36343504642991,39.259946611017526,31.107171443745123,41.04584847670424,40.88398933625632,45.34989457461839,69.31384500800132
