index,Male,Female
Hillary_Clinton,40.5933934066476,53.45472504699209
Donald_Trump,52.46338390572172,41.47106672123791
