index,>,Unnamed:_2,Unnamed:_3,Unnamed:_4,Unnamed:_5,to,Unnamed:_7,Unnamed:_8,Unnamed:_9,Unnamed:_10,Unnamed:_11
2015,9.81860492575101,6.770193151327483,6.770193151327483,6.770193151327483,6.770193151327483,2.7255656654796425,6.770193151327483,6.770193151327483,6.770193151327483,6.770193151327483,6.770193151327483
2020,39.7685668412751,14.805978437568427,14.805978437568427,14.805978437568427,14.805978437568427,11.905174844068014,14.805978437568427,14.805978437568427,14.805978437568427,14.805978437568427,14.805978437568427
