index,Unnamed:_1,a,Unnamed:_3,bo,Unnamed:_5,Unnamed:_6,Unnamed:_7,2,Unnamed:_9,Unnamed:_10,Unnamed:_11,Unnamed:_12,Unnamed:_13,Unnamed:_14,Unnamed:_15
Total_attendance,491790.6110276216,567902.3048344229,491790.6110276216,611083.9523950104,491790.6110276216,491790.6110276216,491790.6110276216,511578.36988956353,491790.6110276216,491790.6110276216,491790.6110276216,491790.6110276216,491790.6110276216,491790.6110276216,491790.6110276216
Average_attendance,14689.108867010684,15143.318115363014,14689.108867010684,14705.096900009434,14689.108867010684,14689.108867010684,14689.108867010684,11329.468108999892,14689.108867010684,14689.108867010684,14689.108867010684,14689.108867010684,14689.108867010684,14689.108867010684,14689.108867010684
