index,Daily,Sunday
2018,129293.3227623147,376111.7964564787
2019,109273.888269189,336665.9061302451
