index,2-in-1_products,Corrects_improves_skin_or_tone_/texture,Anti-ageing,Specifically_for_skin_type,Refreshing,Moisturising_/hydrating
Male,0.0,39.9642963114886,40.09803951313373,22.909183141596927,103.39669261514956,60.1582151553784
Female,35.98312873291347,25.98571973818104,35.99656312556546,40.04848881286449,103.41438062534851,26.000628637343603
