index,U.S_adults,Reddit_users,Reddit_news_users
Liberal,25.005451935695035,40.58550284854024,43.538238170296765
Moderate,38.654238323697456,37.96044780920509,37.94087383574035
Conservative,34.832429976887894,20.82743716056464,18.75163294520263
