index,Other_domestic_buildings_non-,Commercial_property,Infrastructure,Residential_property:_privately_rented,Residential_property:_occupied_&_owner_social_housing
2013,0.0,0.0,0.0,1092.3278021214178,3804.131716922799
2014,0.0,0.0,936.4022178606164,1093.2623936186517,3805.284836716625
2015,0.0,0.0,936.30625894071,6856.473679032734,0.0
2016,875.3074314135629,873.5507380773051,1091.3133792538424,6857.257477941544,1084.696245667737
