index,EU_realms,U.S_realms
Alliance,50.28044486631972,51.15587847909721
Horde,50.36512263786964,49.26211353727956
