Unnamed:_0,index,Female,Male
0,More_than_a_year_ago,4.925821839292979,0.0
1,have_used_this_application_never,29.60844493845314,29.620367127733395
2,Today,4.917519157942365,4.915800761749807
3,Within_month_the_previous,98.50379678551154,98.52140925889272
