index,British_Columbia,Ontario,Quebec,Nova_Scotia,Alberta,Prince_Edward_Island,Manitoba,New_Brunswick,Saskatchewan,Newfoundland_and_Labrador
1997,2150.5014122741604,2150.619615520488,1862.99077800251,2150.85749620329,2150.8412801116738,2151.20500302611,2151.810225090073,2151.5360257227417,2151.170560583586,2150.196656965602
2005,0.0,1863.69262652974,1863.0473332972376,2151.916232763366,2151.247888557657,0.0,0.0,0.0,0.0,0.0
2014,0.0,0.0,1864.0595658590428,0.0,0.0,0.0,0.0,0.0,0.0,0.0
