Unnamed:_0,index,Apricate,Aprility,March,Marchis,Marching,mantic,Marchy,Ready,Reserria,Ressence,rashinger,Pressence,stany
0,Number_of_patients,-15769.972166807816,-15781.498491348197,-15989.31812281126,-15767.822507281038,-15904.95983508135,-15760.866370420918,-15969.53030515656,-16030.714917398036,-15797.48838506684,-15971.437911867994,-18563.48353767105,-17105.847246807713,-16322.2185466054
1,Number_of_deaths,-15769.972166807816,-19306.297522675883,-19350.14077964636,-15767.822507281038,-15904.95983508135,-15760.866370420918,-17457.106224013543,-17504.2488913837,-15797.48838506684,-17449.562244601864,-18563.48353767105,-10704.483913141075,-3999.8082307754594
2,Number_of_conducted_examinations,-15769.972166807816,-15781.498491348197,-1259.944696694855,-15767.822507281038,-15904.95983508135,-15760.866370420918,1010.370954584264,148.345958020549,-15797.48838506684,984.3517177249224,-16863.293036342217,-10704.483913141075,-3999.8082307754594
3,Number_of_patients_with_no_symptoms,-17788.588909889215,-17796.84463984126,-17414.77291555786,-17656.534691211207,-17793.816098068277,-17810.664702965176,-17457.106224013543,-17504.2488913837,-17779.26123175491,-17449.562244601864,-18563.48353767105,-18397.380556300766,-17800.371695150618
