index,18_24_to,25_to_44,45_64_to,65_to_74,75_and_pover
Less_high_school_diploma_than_a,19.81725763526512,23.677716519462308,36.83733028475898,46.85565860884209,47.804409369449104
Bachelor's_degree_higher_or,59.746235686758986,72.63326265066165,78.71918573562222,82.59606758492677,79.74965795733225
High_school_diploma,35.94322276104955,40.694288225496166,56.836071518571096,65.82955273234623,65.80630489431405
college_degree_Some_or_associate,49.70401539038347,55.847123829894464,69.76267094450488,76.7250493242122,74.57859236995925
