Unnamed:_0,index,Jan,Jul,Jun,Nov,Aug,Feb,Oct,Dec,Sep,Mar,Apr,May
0,2019,2.624080402684489,2.5115138713958576,2.5107146917612395,2.460706788701008,2.501010343857991,2.4877215560543258,2.450110809223453,2.420670329249808,2.532026167171076,2.602459681914304,2.5402557763051274,2.573121692153342
1,2016,2.78338427340928,2.853528868908473,2.7623652666880743,2.692506429208823,2.894286836163738,2.7435003568855616,2.733255079172025,2.650327824484401,2.8140169230863084,2.703929817497541,2.792997472684528,2.7734234226739627
2,2020,2.541608003775721,2.5115138713958576,2.4208743668539547,2.460706788701008,2.501010343857991,2.427771658683189,2.450110809223453,2.420670329249808,2.532026167171076,2.578078436070343,2.459836287414057,2.481080101536299
3,2017,2.834617428105722,2.802918752658617,2.784149261909634,2.6710448788447,2.7731899912317624,2.7629216975884296,2.6970803322501977,2.703109119355066,2.753888860234518,2.84518296000386,2.792997472684528,2.957681511109484
4,2018,2.714212225729147,2.6836724162123096,2.5895939989983905,2.560413404921193,2.71352854169405,2.704118603581944,2.6840906406137437,2.570322178649092,2.6209065891556698,2.602459681914304,2.722478216670299,2.7228258958604044
5,2015,2.8942280762176678,2.8239227851604376,2.8016366544488127,2.7730693933056365,2.8242879620031958,2.823399158892551,2.7829939176939256,2.582703085077413,2.8448462619079704,2.824388261543043,2.792997472684528,2.824376198977427
