Unnamed:_0,index,2002,now,2003,200,nothans,not,nont,20,nothon,nothers,asso,2005,2007,mand,asse
0,Exports,1056.349949898986,2320.800008939958,1087.768512786478,1236.12457894819,2466.6012126482337,2467.50646264647,2389.9781644697064,1528.2668710598898,2310.826249460175,2614.94650013723,1148.7200048757643,1359.3251251098773,1724.341072393925,1942.8951467361744,2599.6992750312284
1,Imports,1474.7726353910268,2846.070091965062,1581.948148402351,1848.888001585733,2949.9829958512414,2971.118387948049,2830.71935989901,2306.271150668488,2804.4046570523547,3194.9678022817343,1525.3632868421175,2078.5967341097203,2431.857904757587,2443.154904823131,3178.516060499739
