index,90_years_and_folder,80-89_years,70-79_years,60-69_years,50-59_years,40-49_years,30-39_years,20-29_years,10-19_years,9_years_and_younger
Men,2559.8911025850884,2561.1301486013517,2560.8551076175213,1364.283613548355,2561.4856471187045,2561.50953681712,2561.535283227848,3986.372721875884,1363.135422654564,0.0
Women,0.0,0.0,0.0,0.0,0.0,0.0,0.0,3988.6013955544863,3987.705717535138,0.0
