Unnamed:_0,index,Unnamed:_2,and
0,2019,8.258587586264124,11.612542109432242
1,2016,7.400419433352885,11.612542109432242
2,2020,8.258587586264124,11.612542109432242
3,2017,7.737733331177889,11.612542109432242
4,2018,8.032801508487392,11.612542109432242
5,2015,7.400419433352885,11.612542109432242
