index,Oil-equivalent_basis,Synthetic_oil,Bitumen,Liquids_(incl._oil_sands),Natural_qas
2012,25219.15902830516,101920.70072233291,101872.28295627204,12658.358526948214,101895.26627630612
2014,25284.27442121584,25296.401607895845,0.0,12681.8315370005,0.0
2016,0.0,0.0,0.0,101934.85089072742,0.0
2018,25293.18517400587,25313.95284740028,25307.439702568176,101938.46603397648,101925.54410448004
2019,0.0,0.0,0.0,0.0,101880.04039541264
