index,Mission:_Impossible_Fallout,Mission:_Impossible_Rogue_Nation,Mission:_Impossible,Mission:_Impossible_III,Mission:_Impossible.1,Mission:_Impossible.2
North_America,198.32753859124955,877.2150268708275,399.75805032033526,207.31401595119416,399.75805032033526,399.75805032033526
Worldwide,179.46601737201848,0.0,399.98960372470185,400.0539503680242,399.98960372470185,399.98960372470185
