index,1993_(Jack_in_the_Box_hamburgers),2006_(Dole_baby_spinach),2006_Bell_fast_food)_(Taco,2015_(Chipotle_fast_food)
Illnesses,99.10228633568306,203.761021160004,70.11018303772201,53.90506612436343
Deaths,3.4047062391528016,0.0,0.0,0.0
