index,40_000,30_000,20_000,Unnamed:_4,Unnamed:_5,Unnamed:_6,Unnamed:_7,Unnamed:_8,Unnamed:_9,Unnamed:_10,Unnamed:_11,Unnamed:_12,Unnamed:_13,Unnamed:_14
Cases,0.0,0.0,0.0,2.9324844900082713e+47,2.9324844900082713e+47,2.9324844900082713e+47,2.9324844900082713e+47,2.9324844900082713e+47,2.9324844900082713e+47,2.9324844900082713e+47,2.9324844900082713e+47,2.9324844900082713e+47,2.9324844900082713e+47,2.9324844900082713e+47
Deaths,0.0,0.0,0.0,9.031742141806537e+47,9.031742141806537e+47,9.031742141806537e+47,9.031742141806537e+47,9.031742141806537e+47,9.031742141806537e+47,9.031742141806537e+47,9.031742141806537e+47,9.031742141806537e+47,9.031742141806537e+47,9.031742141806537e+47
