Unnamed:_0,index,February2s,March,Aprits,Apriliz
0,Fall_in_income,10.851539311573497,39.62838983307159,45.16547030337337,45.38575354014124
1,Rise_in_income,32.96472004398534,18.25847718929389,12.580103067544044,12.544681757388544
2,No_change,61.76680100616132,47.47271371615898,47.73418067287755,45.38575354014124
