index,Trentino-_South_Tyrol,Campania,Sicily,Lombardy,Lazio,Veneto,Aosta_Valley,Calabria,Apulia,Emilia-_Romagna,Marche,Umbria,Abruzzo,Piedmont,Tuscany,Friuli-Venezia_Giulia,Basilicata,Molise,Sardinia,Liguria
0-14_years,118231.92336103728,0.0,796286.0953126804,0.0,0.0,796339.4081003508,796366.5960274627,796649.5843440695,795419.8821080256,796476.0918824985,796327.1562583188,796616.5761275757,78875.07340831099,78607.60586338888,796731.4404687078,796597.2017396337,796746.9080870647,89549.16521447571,796558.4263870859,89172.89280777785
15-64_years,239034.20876570945,238966.8634995297,239143.09335747664,796567.0372261712,239394.1365241435,796406.0092199428,796312.8845898347,796393.0132313233,796137.1862651646,796536.3411794319,796446.1134056828,796615.5662143496,796189.5157162728,796627.9243630369,239131.87800533464,796715.4413170739,796808.0609905688,796537.9889325902,796431.629123888,320024.6783093164
65_folder_years_and,163380.99773849553,0.0,0.0,0.0,0.0,0.0,0.0,0.0,0.0,0.0,0.0,0.0,0.0,0.0,0.0,0.0,79603.16769097054,79227.79889084339,78414.02144395205,0.0
