index,Wyoming,South_Dakota,District_of_Columbia,North_Dakota,Delaware,Vermont,West_Virginia,Nebraska,New_Hampshire,Maine,Utah,Montana,Arkansas,Hawaii,Mississippi,Idaho,Alaska,South_Carolina,Rhode_Island,Oklahoma,Louisiana,Tennessee,Alabama,Connecticut,Kentucky,New_Mexico,North_Carolina,Arizona,Missouri,Nevada,Maryland,Iowa,Oregon,New_Jersey,Colorado,Wisconsin,Michigan,Virginia,Florida,Washington,Minnesota,Massachusetts,Indiana,Kansas,Georgia,Ohio,Pennsylvania,Texas,New_York,Illinois,California
Advance_claims_made_during_ending_December_5_week,0.0,0.0,0.0,0.0,0.0,0.0,0.0,0.0,0.0,0.0,0.0,0.0,0.0,0.0,1002005.2423364224,1002594.3527669556,1002354.5895213428,1002501.5492139148,1002381.3220312594,1002587.7180178554,317553.1354939615,317569.1971157419,1004045.7594222284,1002314.8639611044,1002516.7814920576,1002973.418098888,317517.7501654264,1002640.160180536,317570.2752624707,1002367.1678998454,1002416.7626493704,1002144.9038049844,1002456.7370126996,1002657.5487521364,1002309.915544067,1002558.7462801172,1002074.0225687624,1002102.2478972268,1002340.5459690802,1002177.1652724848,1002628.0794082158,1002230.1326861356,1002571.6011064992,1002606.074157033,1002714.6075943992,1002603.9731531512,1002757.0976334292,1002611.9348520716,1002411.6483636054,317846.5296281356,317864.83047773736
Prior_week,0.0,0.0,0.0,0.0,0.0,0.0,0.0,0.0,0.0,0.0,0.0,0.0,0.0,0.0,0.0,0.0,0.0,0.0,0.0,0.0,0.0,1004408.072012682,0.0,0.0,0.0,0.0,1002088.8678198744,0.0,1002847.164352466,0.0,0.0,1002450.2681323268,1002632.032612888,0.0,1002584.5665120328,0.0,0.0,0.0,1002205.5011801008,0.0,1002668.109061121,0.0,0.0,0.0,1002603.3649678172,0.0,0.0,0.0,1127363.7675909316,0.0,0.0
