index,Immediately,Within_an_hour,that_day_Sometime,don't_expect_a_response
United_States,19.78580440433772,23.805351851599564,30.63724953971016,24.674369487431026
Global_average,17.831328735156763,27.643730450258342,36.62925159229587,16.78777518987758
