index,All_respondents,Democrats,Republicans
Yes,41.07384280029066,65.14248644419652,23.927744538937237
No,33.993545126850194,16.972195000625923,54.03475528413005
Not_sure,24.87567006947344,18.876046177876475,21.983083945520526
