index,10,40,30,20,0,to_>_ad,to,Unnamed:_8,Re:,Unnamed:_10,Unnamed:_11,Unnamed:_12,Unnamed:_13,Unnamed:_14,>_-,Unnamed:_16
Male,0.0,0.0,0.0,0.0,0.0,0.0,0.0,839.5310050591333,0.0,839.5310050591333,839.5310050591333,839.5310050591333,839.5310050591333,839.5310050591333,5162.0498590344905,839.5310050591333
Female,0.0,0.0,0.0,0.0,0.0,0.0,0.0,2815.892271092728,0.0,2815.892271092728,2815.892271092728,2815.892271092728,2815.892271092728,2815.892271092728,3895.334235958288,2815.892271092728
