index,Unnamed:_1,Unnamed:_2,Unnamed:_3,Unnamed:_4,Unnamed:_5,Unnamed:_6,Unnamed:_7,Unnamed:_8,Unnamed:_9
Boys,33.33472966336896,33.33472966336896,33.33472966336896,33.33472966336896,33.33472966336896,33.33472966336896,33.33472966336896,33.33472966336896,33.33472966336896
Girls,9.015545390841822,9.015545390841822,9.015545390841822,9.015545390841822,9.015545390841822,9.015545390841822,9.015545390841822,9.015545390841822,9.015545390841822
