Unnamed:_0,index,Unnamed:_2,60
0,Asian,26.51108368094078,74.69278986559482
1,Hispanic,28.56941120422732,74.69278986559482
2,White,42.33230009486046,74.69278986559482
3,White_Hispanickan_non-,46.95255168268397,74.69278986559482
4,Total,40.540573806250094,74.69278986559482
5,Black,40.540573806250094,74.69278986559482
