index,Unnamed:_1,Unnamed:_2,Unnamed:_3,6,Unnamed:_5,Unnamed:_6,Unnamed:_7,Unnamed:_8,Unnamed:_9,Unnamed:_10,Unnamed:_11,Unnamed:_12,Unnamed:_13,Unnamed:_14,Unnamed:_15
Total_attendance,3111755.8803353305,3111755.8803353305,3111755.8803353305,2894466.079670498,3111755.8803353305,3111755.8803353305,3111755.8803353305,3111755.8803353305,3111755.8803353305,3111755.8803353305,3111755.8803353305,3111755.8803353305,3111755.8803353305,3111755.8803353305,3111755.8803353305
Average_attendance,73914.98634660011,73914.98634660011,73914.98634660011,56984.6802143557,73914.98634660011,73914.98634660011,73914.98634660011,73914.98634660011,73914.98634660011,73914.98634660011,73914.98634660011,73914.98634660011,73914.98634660011,73914.98634660011,73914.98634660011
