index,Innovative_Medicines,Sandoz,Alcon
2017,340.09978241830805,34.5770119756786,24.581405983357
2018,343.17394979372085,35.62760981416852,26.10698722400264
2019,363.3975686187091,55.08995527566543,0.0
