index,Think_Experienced_it_may_be_appropriate_lower_demand,Experienced_lower_demand,Have_completed_(temporary)_layoffs,Experience_urgent_liquidity_problems,Experience_substantial_risk_of_bankruptcy,Experience_the_Are_planning_state's_permanent_compensation_dismissals,Are_planning_permanent_dismissals
Mar_12-13,78.33428219194035,67.12372683378213,23.717473486359964,0.0,0.0,0.0,0.0
Apr_1-2,68.37084375398275,83.34294531313303,59.42367607195217,30.583899715448183,27.565595078305947,0.0,0.0
Apr_16-17,0.0,0.0,0.0,25.503956149864152,21.87406518232628,29.508458728293647,16.75136862742633
Apr_28-29,0.0,0.0,0.0,22.724388999789824,18.71100207283837,40.66170651295021,19.80233147163534
Jun_2-3,0.0,0.0,0.0,18.68769828564392,13.664198537455247,0.0,18.77016055228213
