Unnamed:_0,index,Lines:,the,From:,and,Thiss,about,>the
0,Males,80.72470960365108,80.22556936936263,79.4949098382564,80.52148769365031,81.05100735146061,80.84035460070795,77.6084635628051
1,Females,84.58671969504014,84.24234763930079,83.76338524677548,84.45893518989966,84.86526037759945,84.65836723576466,82.14421993568855
