index,are_cap,Unnamed:_2,Unnamed:_3,Unnamed:_4,Unnamed:_5,Unnamed:_6,Unnamed:_7,Unnamed:_8,Unnamed:_9,Unnamed:_10,Unnamed:_11,Unnamed:_12,Unnamed:_13,Unnamed:_14,Unnamed:_15,Unnamed:_16,Unnamed:_17
Facebook_fans,18.710321036246658,14.545354469615482,14.545354469615482,14.545354469615482,14.545354469615482,14.545354469615482,14.545354469615482,14.545354469615482,14.545354469615482,14.545354469615482,14.545354469615482,14.545354469615482,14.545354469615482,14.545354469615482,14.545354469615482,14.545354469615482,14.545354469615482
Twitter_followers,2.660982599864443,5.101456578547602,5.101456578547602,5.101456578547602,5.101456578547602,5.101456578547602,5.101456578547602,5.101456578547602,5.101456578547602,5.101456578547602,5.101456578547602,5.101456578547602,5.101456578547602,5.101456578547602,5.101456578547602,5.101456578547602,5.101456578547602
