index,jo_no,Unnamed:_2,Unnamed:_3,Unnamed:_4,Unnamed:_5,Unnamed:_6,Unnamed:_7,to_>of,Unnamed:_9,Unnamed:_10,Unnamed:_11,6_so,the_a,the_to,to_ro,the_so,no_to
Apple,0.0,4.401827443335822,4.401827443335822,4.401827443335822,4.401827443335822,4.401827443335822,4.401827443335822,5.137341159001149,4.401827443335822,4.401827443335822,4.401827443335822,4.526632051748205,9.18679706384932,6.196810067814472,5.6405326164342,6.75447254234653,7.581840599825728
Samsung,0.6963714361484641,0.6537727489437657,0.6537727489437657,0.6537727489437657,0.6537727489437657,0.6537727489437657,0.6537727489437657,0.853587554373842,0.6537727489437657,0.6537727489437657,0.6537727489437657,1.003792454157704,2.314501610612181,1.7274239996221326,1.98834464886588,1.899245592895692,1.8222599543311373
Fitbit,0.0,0.5491260085699228,0.5491260085699228,0.5491260085699228,0.5491260085699228,0.5491260085699228,0.5491260085699228,0.0,0.5491260085699228,0.5491260085699228,0.5491260085699228,1.62984505945267,2.4013558466427583,0.0,1.2696553973835591,1.6086293584562927,0.0
Garmin,0.0,0.6811534020153935,0.6811534020153935,0.6811534020153935,0.6811534020153935,0.6811534020153935,0.6811534020153935,0.0,0.6811534020153935,0.6811534020153935,0.6811534020153935,0.8035717360810075,1.0109697277728389,0.7743853867511099,0.0,0.0,1.1397166090106694
Others,0.0,0.8492873403963799,0.8492873403963799,0.8492873403963799,0.8492873403963799,0.8492873403963799,0.8492873403963799,2.122561510526424,0.8492873403963799,0.8492873403963799,0.8492873403963799,2.032414461904974,3.199129182068795,2.616707266131584,3.287046171210511,3.856895865447584,3.03796095071138
