Unnamed:_0,index,now,2002,note,not,nowans,2001,2004,zoot,noth,nows,nothers,and,2000,20110,assit,2005
0,65_and_years_over,25257.63197235953,19117.925271607008,25844.55265831001,27783.18757608101,26561.7615236002,18688.529619896643,20034.751959799934,19433.23309288122,27565.51534156346,21610.623252113863,23724.21959483604,29508.61114007576,18135.45363320137,28617.65053056069,22730.002630250103,20635.84904941941
1,55_64_to_years,37450.64839472732,26432.39012408454,38299.68463359855,40985.93006580898,39301.2783074077,25468.752013693706,28623.174641577167,27459.34462251517,40425.411467187485,31310.7864564966,34226.506565080825,43099.774642045806,24116.08878294989,41967.99969772627,32933.39887479189,30006.10918056872
