Unnamed:_0,index,Unnamed:_2,ins,this,th,palls,knot,ke
0,Total_deaths,12884.09427309517,31416.670772994687,31416.670772994687,11677.819354417816,11395.536651134007,12376.018720493308,11351.491697599628
1,Average_deaths,11158.25269314804,31416.670772994687,13461.854129546537,11137.40213100082,11395.536651134007,31416.670772994687,10841.052486407229
