Unnamed:_0,index,Germany,United_Kingdom,United_States
0,No,79.19081326227015,56.03611543405403,62.55845794887131
1,Yes,19.256676963154035,42.40706468760876,35.14615758294002
