Unnamed:_0,index,1993,Fromp,nothers,2006,200,2004,not,and,nows,astic,2007,nont,now,noth
0,Should_be_valid,36.04698526984288,51.33137185583345,55.389379181115785,43.32400637528913,38.21571204578678,43.44973466626683,65.33111151764084,68.42173369303174,56.34882701272595,64.32719716262066,47.43658970708153,54.349172424937706,41.30130871468579,61.29966131916037
1,Should_not_be_valid,63.449394077839656,49.28068162707424,44.28402136702694,57.32108272330122,60.42259495784414,56.30934214322065,35.20414439107503,32.209918972843774,43.352335146613456,37.433557300677386,54.27406171359978,46.23815696931262,57.31851880870354,38.22169353867941
