index,Unnamed:_1,Unnamed:_2,Unnamed:_3,Unnamed:_4,Unnamed:_5,Unnamed:_6,Unnamed:_7,Unnamed:_8,Unnamed:_9,Unnamed:_10,Unnamed:_11,Unnamed:_12,Unnamed:_13,Unnamed:_14,Unnamed:_15,Unnamed:_16,Unnamed:_17
Mother_only,10178.34020959815,10178.34020959815,10178.34020959815,10178.34020959815,10178.34020959815,10178.34020959815,10178.34020959815,10178.34020959815,10178.34020959815,10178.34020959815,10178.34020959815,10178.34020959815,10178.34020959815,10178.34020959815,10178.34020959815,10178.34020959815,10178.34020959815
Father_only,1009.0440605803796,1009.0440605803796,1009.0440605803796,1009.0440605803796,1009.0440605803796,1009.0440605803796,1009.0440605803796,1009.0440605803796,1009.0440605803796,1009.0440605803796,1009.0440605803796,1009.0440605803796,1009.0440605803796,1009.0440605803796,1009.0440605803796,1009.0440605803796,1009.0440605803796
