index,Similar_ideas_about_having_and_raising_children,a_steady_job,The_same_moral_and_religious_beliefs,At_least_much_as_education,The_racial_same_or_ethnic_background
Men,62.09865337391188,45.95883810318768,30.86772239650988,27.992415751851908,6.733041655529448
Women,69.90402893643893,78.06939680842582,37.881775139234726,28.001269251751083,9.937308342204034
