Unnamed:_0,index,sook,the,of,a,I,Sandings,From:
0,Germany,799.6862668846215,3221.654113675563,720.6874026680443,1170.3994473301282,3004.501974403891,1845.002996467043,3843.902340366722
1,England,799.6862668846215,5014.469973058408,1163.879248587545,1894.1038966845128,5448.1387664065,2662.625841858214,6357.7206838544535
2,France,428.0796460585189,1830.584472517128,519.6711231056524,783.2991935973178,1787.0457531599504,1184.3637998395498,2454.981497836121
3,Italy,799.6862668846215,2211.784755380778,720.6874026680443,1170.3994473301282,2200.7043915184904,1659.481059454235,2842.181811214416
4,Spain,428.0796460585189,3221.654113675563,720.6874026680443,783.2991935973178,3004.501974403891,1845.002996467043,3843.902340366722
