index,Bulgaria,Greece,Netherlands,Portugal,United_Kingdom,Lithuania,Ireland,Poland,Slovakia,Italy,Germany,Switzerland,Denmark,Finland,Sweden,Spain,France,Czechia,Belgium,Hungary,Austria,Norway,Croatia,Slovenia
2018,0.0,0.0,0.0,0.0,0.0,8.057060761299287,8.05793226481044,3.8486757057223135,3.858892035984903,3.858021649785943,4.095324607125099,8.062243600128864,8.057981798984365,8.060772099969647,8.061197423478083,8.06153932100938,7.014859507302567,7.012439409090825,7.01129639871658,7.012150025232635,7.447293962975999,7.446676089332834,8.059925177326758,8.045446673482271
2019,8.04521129304678,7.011984663027953,3.858346787634334,7.01315784083143,4.094443792678997,3.850115548702707,3.849036225123509,3.860682714994145,3.8605154906024737,4.096120878281872,4.094634480626737,6.002666651769172,4.096971897736139,5.999269277825265,8.04662990709549,7.014935484531745,7.015580546104958,7.013266220114226,7.014371986748677,7.012425256469704,7.449531939300154,7.446777019867673,8.046813146295271,8.04511073494934
