index,Higher_frequency_than_before,Same_as_before,than_before_Lower
Women,39.02253294845572,28.151358080331647,31.86111106042663
Men,37.44689838391543,32.17845491220739,29.461963532724024
