index,Unnamed:_1,of,Unnamed:_3,of.1,six,5,ob,a,56,so,o,Unnamed:_12,2
Ischemic_heart_disease,105893.27754068733,94365.40675767302,105893.27754068733,94365.40675767302,98683.84834910168,98993.385228506,97853.25619204958,102438.9231113173,102965.32473230235,109312.20834549108,105094.49448650963,105893.27754068733,111550.47302346672
Acute_infarction_myocardial,31959.29904256502,29878.52845540401,31959.29904256502,29878.52845540401,38591.15259552833,33387.42214674513,33360.972507068975,34686.891894444954,35137.96583378292,36801.95779813048,36838.903326566986,31959.29904256502,41139.59374612964
