index,Unnamed:_1,Unnamed:_2,Unnamed:_3,Unnamed:_4,Unnamed:_5,Unnamed:_6,Unnamed:_7,Unnamed:_8,Unnamed:_9,Unnamed:_10,Unnamed:_11,Unnamed:_12,Unnamed:_13,Unnamed:_14,Unnamed:_15,Unnamed:_16,Unnamed:_17,Unnamed:_18,Unnamed:_19,Unnamed:_20,Unnamed:_21
Male,96145.1852762904,96145.1852762904,96145.1852762904,96145.1852762904,96145.1852762904,96145.1852762904,96145.1852762904,96145.1852762904,96145.1852762904,96145.1852762904,96145.1852762904,96145.1852762904,96145.1852762904,96145.1852762904,96145.1852762904,96145.1852762904,96145.1852762904,96145.1852762904,96145.1852762904,96145.1852762904,96145.1852762904
Female,139685.247738679,139685.247738679,139685.247738679,139685.247738679,139685.247738679,139685.247738679,139685.247738679,139685.247738679,139685.247738679,139685.247738679,139685.247738679,139685.247738679,139685.247738679,139685.247738679,139685.247738679,139685.247738679,139685.247738679,139685.247738679,139685.247738679,139685.247738679,139685.247738679
