index,Boomers,Millennials
2011,75.48784601711539,78.49318496597748
2030,55.353904036801424,77.5552658051885
