index,Less_than_20_years,20_to_24_years,25_29_to_years,30_34_to_years,35_39_to_years,40_years_and_over,Not_reported
Male,226868.55379499283,410758.2229466585,132557.0285269753,57013.0430123806,34409.10008873837,55649.707370337564,0.0
Female,277604.0707596996,495781.8697445376,161434.41823533957,79854.1002769015,55359.792428715504,97082.60880931192,0.0
