index,Honduras,Mexico,Bolivia,Ecuador,Trinidad_and_Tobago,Dominican_Republic,Paraguay,Panama,Chile,Peru,El_Salvador,Uruguay,Bahamas,Costa_Rica,Colombia,Argentina,Belize,Barbados,Jamaica,Puerto_Rico,Brazil,Nicaragua,Venezuela
2019,69.48239344419774,69.47715648739644,69.4762384705607,69.48362908711167,69.50142970470071,69.48870142064074,69.49674278330309,69.49804040203713,69.51582939915991,69.48991188587772,69.49105262831705,69.47829141960264,69.50396490309305,69.50182867404283,69.49242771682628,69.51514379164969,69.53445700659887,69.55383800760133,69.55783544799996,13.692174623070803,11.353774637325252,69.53530336389258,69.49168400698467
2024,0.0,0.0,69.49428505468592,69.50309143137804,0.0,0.0,0.0,0.0,0.0,0.0,0.0,0.0,0.0,0.0,0.0,0.0,13.636683023118527,0.0,0.0,11.303986749569653,11.281832330616211,0.0,0.0
