index,Army_Size,Casualties_Total,Killed,Wounded,Missing_Captured_or
Union,76460.2220078333,4604.35255173617,0.0,3741.29901192736,0.0
Confederacy,32669.949168820545,32113.131595413182,0.0,1590.2863325007784,29458.325499233382
