index,Unnamed:_1,Unnamed:_2,Unnamed:_3,Unnamed:_4,Unnamed:_5,Unnamed:_6,Unnamed:_7,Unnamed:_8,Unnamed:_9,Unnamed:_10
12_weeks_ending_March_13_2076,8.921249069361373,8.921249069361373,8.921249069361373,8.921249069361373,8.921249069361373,8.921249069361373,8.921249069361373,8.921249069361373,8.921249069361373,8.921249069361373
12_ending_March_12_2017_weeks,4.673669757514958,4.673669757514958,4.673669757514958,4.673669757514958,4.673669757514958,4.673669757514958,4.673669757514958,4.673669757514958,4.673669757514958,4.673669757514958
