index,Total,Male,Female
All_ethnicities_races,19.972456519087977,19.973042831278107,66.31073168243455
White_Hispanic)_(non,19.97007462581556,66.31614627551045,66.30628303869192
Black_(non_-Hispanic),66.31651858375118,66.31012045197633,66.31575784368448
Hispanic,19.971788123191224,19.97270277020783,0.0
