index,1-14_years,15-44_years,45-64_years,65-74_years,75_years_and_older
Men,0.0,355.4805484066574,274.546985391688,123.57805282923226,116.4549626779621
Women,0.0,183.7581166498802,129.4842993985593,37.9442928706103,41.451628708534486
