index,The_Dark_Knight_Rises,The_Dark_Knight,Batman_Begins
North_America,1758.2402892170676,2090.297535671956,799.0035502974415
Worldwide,2934.204610902793,6016.6672390866,4258.753012398936
