index,Degree,Higher_ed._below_degree,level_equivilant_a_or,level/GOSE_o,aualification_No
Remain,73.34773985730145,54.54231821313534,43.59085368363888,45.50596098957728,34.54890863918816
Leave,25.71780942842007,44.5138240310834,55.56472213646437,53.70034497863012,64.63398488527909
