index,14_24_to_years,25_34_to_years,35_to_44_years,45_to_54_years,55_to_64_years,Over_64_years
Quite_or_very_concerned,50.69595698494109,47.69781602552143,57.6915016588012,73.35766165916527,67.41165575210366,67.43595753104849
a_little_concerned,40.40419911075512,40.41530329439284,29.68982237857074,21.9199486203962,20.682804898583317,21.865542671466343
Not_all_concerned_at,7.929428134542661,10.894341872329178,11.032791473443254,3.7666448982192255,11.7946567942586,9.806228582350728
