index,Unnamed:_1,Unnamed:_2,Unnamed:_3,to,Unnamed:_5,Unnamed:_6,Unnamed:_7,2,Unnamed:_9,Unnamed:_10,Unnamed:_11,Unnamed:_12,Unnamed:_13,Unnamed:_14,Unnamed:_15
Total_attendance,2894297.2897873637,2894297.2897873637,2894297.2897873637,2533120.349037924,2894297.2897873637,2894297.2897873637,2894297.2897873637,2893766.478550114,2894297.2897873637,2894297.2897873637,2894297.2897873637,2894297.2897873637,2894297.2897873637,2894297.2897873637,2894297.2897873637
Average_attendance,57039.9267828702,57039.9267828702,57039.9267828702,57089.67090506479,57039.9267828702,57039.9267828702,57039.9267828702,56339.77826298447,57039.9267828702,57039.9267828702,57039.9267828702,57039.9267828702,57039.9267828702,57039.9267828702,57039.9267828702
