index,Aaron_Rodgers,lared_Goff,Tom_Brady,Deshaun_Watson,Ryan_Tannehill,Drew_Brees,Dak_Prescott,Kirk_Cousins,Carson_Wentz,Joey_Bosa
Salary/_Bonuses,4.939718519006689,4.936069927527754,4.941323580371055,14.893701888019866,24.98901303607455,24.973391590328816,24.99458956136117,14.901381734614263,14.89434763290652,24.992104905110047
Endorsements,3.47307376691958,24.96497033293862,0.0,24.98773483323306,0.0,0.0,25.002488642330672,0.0,39.94100469400728,0.0
