index,Argentina,Chile,Mexico,Colombia,Peru,Brazil
Good,58.66299354192222,30.340266377492327,26.09226268200716,25.29099979574903,20.04638786911191,18.218734971766864
Neither_good_nor_poor,27.90865054880592,31.292670351202943,37.459985431794166,30.85620246336378,39.22237285955746,25.30586177136707
Poor,15.04032510831894,39.09455408637248,37.37101597853214,44.45735052495736,41.47528066002438,56.864162468110365
