index,Unnamed:_1,Unnamed:_2,Unnamed:_3,to,Unnamed:_5,Unnamed:_6,Unnamed:_7,Unnamed:_8,Unnamed:_9,Unnamed:_10,Unnamed:_11,Unnamed:_12,Unnamed:_13,Unnamed:_14,Unnamed:_15
Total_attendance,2455623.7484907354,2455623.7484907354,2455623.7484907354,2333189.342482498,2455623.7484907354,2455623.7484907354,2455623.7484907354,2455623.7484907354,2455623.7484907354,2455623.7484907354,2455623.7484907354,2455623.7484907354,2455623.7484907354,2455623.7484907354,2455623.7484907354
Average_attendance,55316.709480912425,55316.709480912425,55316.709480912425,55776.3208236238,55316.709480912425,55316.709480912425,55316.709480912425,55316.709480912425,55316.709480912425,55316.709480912425,55316.709480912425,55316.709480912425,55316.709480912425,55316.709480912425,55316.709480912425
