Unnamed:_0,index,Q,of,8,Q2
0,2016,161.3266545458552,167.29335185558665,165.3113586995314,163.29186023888178
1,2017,161.3266545458552,170.27601533581256,165.3113586995314,163.29186023888178
