index,--00
2016,2.5752826739418424
2017,12.820361610445318
