index,Jurassic_World:_Fallen_Kingdom,Jurassic_Park,The_Lost_World:_Jurassic_Park,Jurassic_Park.1,Jurassic_World
North_America,739.7677739716437,740.3118037119361,0.0,740.3118037119361,641.8297533598504
Worldwide,835.119986559265,1317.0486653270375,834.6806292077297,1317.0486653270375,1320.155168482543
