Unnamed:_0,index,Unnamed:_2,the
0,Highest_quintile,3930.6458540647855,22510.85546646382
1,Lowest_quintile,-54355.22112911344,22510.85546646382
2,Fourth_quintile,-30852.43498589305,22510.85546646382
3,Second_quintile,-48069.1967645,22510.85546646382
4,Third_quintile,-41145.08248590535,22510.85546646382
