Unnamed:_0,index,Unnamed:_2,BIT,This,the,RIS,SELLIES,for,I,Things,is,th,Maysis,Abs,FFI,MI
0,Rotterdam,6140.748956276319,2066.1923697712373,2066.395954750433,2211.936371678845,2059.001171214767,2166.1157248356644,6140.748956276319,2085.340579034955,6140.748956276319,2083.295912570671,2060.308844024049,6140.748956276319,2053.0026279694903,2050.982407733023,2066.718164048215
1,The_Hague,6140.748956276319,2269.0455651637244,2270.568444929361,2490.48430582231,2299.264709565789,2487.149199135565,6140.748956276319,2454.297075770281,6140.748956276319,2279.144261799062,2269.627866295164,6140.748956276319,2320.9068348246533,2308.0417068676866,2278.656138758392
2,Amsterdam,6140.748956276319,3304.964487846518,3343.291363969266,5030.712878052397,3483.1388155001105,4568.761528049542,6140.748956276319,4395.975990598221,6140.748956276319,3478.886975270236,3306.329068268095,6140.748956276319,3460.2665640726614,3499.734197367221,3355.702834059206
3,Utrecht,6140.748956276319,2853.2282546295046,2831.6370256154387,3220.7804959177806,2892.772633049096,3115.277389543627,6140.748956276319,3106.8205977503458,6140.748956276319,2844.262901146067,2842.781299437236,6140.748956276319,2896.263634532901,2926.243927266461,2881.0424512753616
