index,Caucasian,African_American,Hispanic
A_frequent_air_traveler,7.071604618754762,5.9304316198100935,7.807101893888117
An_air_occasional_traveler,72.2591358057951,56.5682235035959,69.76234998254009
Never_flown,18.905533305010948,35.73747621583252,21.80277197505573
