index,Esplendor_Boutique_Hotels,Dazzler_Hotels,Dolce_Hotels_and_Resorts,Wyndham_Grand,Ramada_Encore,Tryp_by_Wyndham,Trademark,Hawthorn_Suites_by_Wyndham,Wyndham_Garden,Wyndham_Hotels_and_Resorts,Wingate_by_Wyndham,Americinn,Howard_Johnson,Microtel,Travelodge,Baymont,Ramada,La_Quinta,Days_Inn,Super_8
2018,0.0,0.0,0.0,0.0,0.0,0.0,0.0,79807.23216749371,79811.64011998025,0.0,18785.637553567387,18843.432072659663,18006.326288050826,17968.484200130188,18767.17081111684,137341.91535302467,109959.3338756674,109965.62042628886,137281.0880643943,158785.75698909943
2019,0.0,0.0,0.0,0.0,0.0,0.0,0.0,79865.75111331775,79872.66386331753,0.0,18872.433698768877,18863.212605962763,17957.826532279752,18835.316037579996,18856.34896963972,18879.456954541267,18803.613159250643,50538.69778211565,18823.590147260664,0.0
