index,Unnamed:_1,Unnamed:_2,Unnamed:_3,to,Unnamed:_5,Unnamed:_6,Unnamed:_7,Unnamed:_8,Unnamed:_9,Unnamed:_10,Unnamed:_11,Unnamed:_12,Unnamed:_13,Unnamed:_14,Unnamed:_15
Total_attendance,3062944.0953760627,3062944.0953760627,3062944.0953760627,2822587.8626464475,3062944.0953760627,3062944.0953760627,3062944.0953760627,3062944.0953760627,3062944.0953760627,3062944.0953760627,3062944.0953760627,3062944.0953760627,3062944.0953760627,3062944.0953760627,3062944.0953760627
Average_attendance,73528.06326808734,73528.06326808734,73528.06326808734,57024.22957197251,73528.06326808734,73528.06326808734,73528.06326808734,73528.06326808734,73528.06326808734,73528.06326808734,73528.06326808734,73528.06326808734,73528.06326808734,73528.06326808734,73528.06326808734
