index,Jan,Feb,Mar,Apr,May,Jun,Unnamed:_7,Aug,Sep,Oct,Nov,Dec
2015,4.727441005968572,4.187192759370266,6.231589912347218,8.966409834012701,10.761787450010678,13.852958869894174,15.607108153628651,15.781921021445571,12.55899004427082,10.828983559731173,9.433793374240985,9.43341516401437
2016,5.632436562140811,5.026265817368262,6.000665228499496,7.429468278286517,12.128150497595644,14.73749006308165,16.53946357429682,16.74780728491565,15.645824577609952,0.0,5.694866311655993,6.440781178413641
2017,4.21439427681349,6.156774917097771,8.374998401577638,8.914143914744125,12.865383616952554,15.772636643894597,16.393391266140473,15.485821146377411,13.384296022182484,12.191173763761634,6.878204089244285,5.024655006342854
2018,5.258609928753224,3.010095450521145,4.8506714669746565,9.438379742832426,12.8235287316028,15.788964617322597,18.531387475893016,16.543783373029747,13.70386201911232,10.63450717769248,8.06565205507846,6.755174125225803
2019,4.156904043992913,6.830551879065457,7.782096911984702,9.02511216225834,11.146817991768062,14.15300602940579,17.43731642528567,16.997635644969616,14.144433643998289,10.030944032946216,6.445852840850076,5.925542652644065
2020,6.55693045035753,6.278866190674286,6.748949605110646,10.1638644222282,12.507832554371207,14.943182884551872,15.596927235570602,17.108155052636583,0.0,0.0,0.0,0.0
