index,Total,18-34_years,35-44_years,45-54_years,55-64_years,65+_years
Yes,52.52629423850071,59.693574633711776,48.78233199245112,56.6875091968238,47.72080940926261,46.63308903686253
No,46.57198741641204,39.50152617485762,50.312427414085874,42.48146779544011,51.363371871700025,52.52089421635437
