index,Aged_16-24,Aged_25-34,Aged_35-44,Aged_45-54,Aged_55-64,Aged_65-74,Aged_75+,Aged_55+
2012,30.58829967816226,18.62195289796228,17.772032258104034,7.743758293199477,2.949292143475297,0.9200031528962782,0.0,0.0
2013,39.43851491506443,31.61056231142692,18.6572500890666,16.609414009178522,7.7618860854219776,1.816988529365844,0.0,0.0
2014,48.443189396902405,39.58383947347176,34.45546309389246,21.608671390474903,8.664970328605037,4.832317241264768,0.0,0.0
2015,43.472958809370525,46.487756593140375,27.559765830745285,26.5997116379582,8.817267743107564,4.919476581100568,0.93507062092862,0.0
2016,39.64763253021151,26.73837372902272,26.644091784132243,17.72747785859532,5.8355154706330765,3.9467672398829943,0.9821408029566429,0.0
2017,40.57287145127298,30.59385672591325,25.60109300404172,16.64664432321434,11.860161154384784,4.860862115650576,2.796384842301414,0.0
2018,39.60893467637276,40.59548626686327,18.66486278162504,17.916357582545373,11.860754704806006,3.8277739939694726,0.9316672354858184,0.0
2019,46.465759832346514,31.772544399545477,26.759131657515415,23.62435228469945,10.825003774354457,0.0,0.0,6.8792874998961935
