Unnamed:_0,index,and,any,of,SESSPERS,OFFIES,FISSES,the,Sangers,FEXPERSES,offic,PESSION,SESPES,Stage,SPESES,OPPERS
0,Other_revenue,250.34646518031423,192.75182565517844,7900.312937951948,278.93676230264737,7900.312937951948,270.0283193150726,258.93202342502354,7900.312937951948,7900.312937951948,7900.312937951948,7900.312937951948,7900.312937951948,7900.312937951948,7900.312937951948,7900.312937951948
1,Advertising_revenue,332.16804680534915,408.20710968384446,475.0942427194896,4565.976299583522,7900.312937951948,5245.758370026062,5195.3233614977735,7900.312937951948,7900.312937951948,7900.312937951948,7900.312937951948,7900.312937951948,7900.312937951948,7900.312937951948,7900.312937951948
