Unnamed:_0,index,Q,of,8,Q2
0,2016,191.3965835247825,168.64971648140158,210.36964239811533,204.5449388957593
1,2017,191.3965835247825,168.64971648140158,210.36964239811533,204.5449388957593
