index,Unnamed:_1,Unnamed:_2,Unnamed:_3,Unnamed:_4,Unnamed:_5,Unnamed:_6,Unnamed:_7,Unnamed:_8,Jox
2016,2305335.032508375,2305335.032508375,2305335.032508375,2305335.032508375,2305335.032508375,2305335.032508375,2305335.032508375,2305335.032508375,6838805.01827803
2050,7227701.381219322,7227701.381219322,7227701.381219322,7227701.381219322,7227701.381219322,7227701.381219322,7227701.381219322,7227701.381219322,8021898.809916213
