index,of,60,40,to,Unnamed:_5,Unnamed:_6,Unnamed:_7,Unnamed:_8,Unnamed:_9,Unnamed:_10,-,Unnamed:_12
Patients_with_underlying_health_condition_an,0.0,0.0,0.0,0.0,7.522985401889848,7.522985401889848,7.522985401889848,7.522985401889848,7.522985401889848,7.522985401889848,49.85725482860048,7.522985401889848
Patients_without_underlying_health_condition_an,0.0,0.0,0.0,0.0,10.275644948850626,10.275644948850626,10.275644948850626,10.275644948850626,10.275644948850626,10.275644948850626,29.858735190200832,10.275644948850626
