index,the_or,Unnamed:_2,for_>,Unnamed:_4,Unnamed:_5,Unnamed:_6,Unnamed:_7,the_>,Unnamed:_9,the_2,is,Unnamed:_12,6,-6,6.1,to,11_>,Unnamed:_18,Unnamed:_19,Unnamed:_20,Unnamed:_21,the_>.1,,is_2,6.2,to.1,6.3,the_>.2,the,Unnamed:_30,to_&,Unnamed:_32
Google,33.9475487027563,47.33726847867228,36.04813252566781,47.33726847867228,47.33726847867228,47.33726847867228,47.33726847867228,47.13371375166121,47.33726847867228,0.0,0.0,47.33726847867228,61.285398573604894,48.95341173529195,61.285398573604894,60.19313530613126,56.08895101870129,47.33726847867228,47.33726847867228,47.33726847867228,47.33726847867228,47.13371375166121,0.0,59.17102801744771,61.285398573604894,60.19313530613126,61.285398573604894,47.13371375166121,0.0,47.33726847867228,64.05813921763067,47.33726847867228
Yahoo,0.0,42.13707461513773,39.143075554691286,42.13707461513773,42.13707461513773,42.13707461513773,42.13707461513773,0.0,42.13707461513773,46.0683016750742,0.0,42.13707461513773,44.24094439519587,47.09890959202837,44.24094439519587,49.039886380491424,49.0514507272611,42.13707461513773,42.13707461513773,42.13707461513773,42.13707461513773,0.0,47.9948766054634,50.072355546119226,44.24094439519587,49.039886380491424,44.24094439519587,0.0,50.09679782880779,42.13707461513773,53.1156757121434,42.13707461513773
Bing,0.0,18.191606423292196,0.0,18.191606423292196,18.191606423292196,18.191606423292196,18.191606423292196,0.0,18.191606423292196,0.0,30.023742826230706,18.191606423292196,21.93749438822612,19.9678250029392,21.93749438822612,17.955374677989603,0.0,18.191606423292196,18.191606423292196,18.191606423292196,18.191606423292196,0.0,18.792166682954253,0.0,21.93749438822612,17.955374677989603,21.93749438822612,0.0,22.94260042036837,18.191606423292196,22.99350894485754,18.191606423292196
DuckDuckGo,0.0,46.09570449403255,0.0,46.09570449403255,46.09570449403255,46.09570449403255,46.09570449403255,0.0,46.09570449403255,0.0,0.0,46.09570449403255,0.0,0.0,0.0,0.0,0.0,46.09570449403255,46.09570449403255,46.09570449403255,46.09570449403255,0.0,0.0,0.0,0.0,0.0,0.0,0.0,62.045609521735486,46.09570449403255,0.0,46.09570449403255
