Unnamed:_0,index,Unnamed:_2,CONTERSING
0,33-34,80.76211986733725,82.25835564683354
1,45-54,80.76211986733725,82.25835564683354
2,25-29,80.76211986733725,82.25835564683354
3,16-24,52.89687721519908,61.38246971158495
4,355-44,82.23050932261424,83.69752901921406
5,55_and_over,41.03940359511373,33.44149897257907
