index,College,High_school,Elementary,Kindergarten,Nursery
Public,10.007856997958694,15.443968572756717,19.953946220968312,4.966786709593681,2.7639472240291454
Private,9.999782919670547,15.432178865208837,29.52330937465145,9.998578685256728,29.533034011996307
