index,Unnamed:_1,Unnamed:_2,Unnamed:_3,Unnamed:_4,Unnamed:_5,Unnamed:_6,Unnamed:_7,Unnamed:_8,Unnamed:_9,Unnamed:_10,Unnamed:_11,Unnamed:_12,Unnamed:_13,Unnamed:_14,Unnamed:_15
company_operated_stores,227.39512266226572,227.39512266226572,227.39512266226572,227.39512266226572,227.39512266226572,227.39512266226572,227.39512266226572,227.39512266226572,227.39512266226572,227.39512266226572,227.39512266226572,227.39512266226572,227.39512266226572,227.39512266226572,227.39512266226572
licensed_stores,198.5868482478236,198.5868482478236,198.5868482478236,198.5868482478236,198.5868482478236,198.5868482478236,198.5868482478236,198.5868482478236,198.5868482478236,198.5868482478236,198.5868482478236,198.5868482478236,198.5868482478236,198.5868482478236,198.5868482478236
