Unnamed:_0,index,wos,not,w04,wo7,wo,wo2,wo6
0,Hand_sanitizers,3165.113533297329,145.97039216640223,146.1189740205532,373.29048196420126,2047.991531196708,137.44614247532127,391.5435815492865
1,Cleansers_/Toilet_Soap,236.31576978038947,145.97039216640223,146.1189740205532,141.88946470397286,281.8861868433123,137.44614247532127,136.2843048548125
2,Flour,236.31576978038947,145.97039216640223,146.1189740205532,141.88946470397286,281.8861868433123,137.44614247532127,136.2843048548125
3,Pasta,3165.113533297329,145.97039216640223,146.1189740205532,141.88946470397286,2047.991531196708,137.44614247532127,136.2843048548125
4,Rice,236.31576978038947,145.97039216640223,146.1189740205532,141.88946470397286,2047.991531196708,137.44614247532127,136.2843048548125
5,Toilet_paper,151.80422311304892,145.97039216640223,146.1189740205532,141.88946470397286,187.230848274643,137.44614247532127,136.2843048548125
