index,Civility_online,Civility_culture_in,Your_overall_quality_of_life,Transparency_in_government,Accountability_in_government,Censorship,Foreign_meddling_in_politics,Polarization_politics_in,Distractions_during_day_your,Worsened_privacy_personal,Freedom_of_expression,Ease_of_communication,Access_information_to
Increased,99.63152828004948,99.64536273530652,99.60287505723794,99.60970394914747,99.6084960933979,99.63549076801596,99.61372773128636,99.60791920706974,99.60871963685004,99.62936856185844,99.64023565806504,99.60159869623688,99.63207271652166
Had_no_impact,71.631813117674,75.3666725557146,79.33859261369167,99.6118348230221,99.64274150805298,99.61243334258756,99.59877916430804,99.58234511503474,71.62857173761768,99.57445980003678,99.59573608892704,46.44909158431014,0.0
Decreased,7.616976322421763,0.0,0.0,0.0,0.0,0.0,0.0,0.0,0.0,0.0,0.0,0.0,0.0
