index,Unnamed:_1,Unnamed:_2,Unnamed:_3,6,Unnamed:_5,Unnamed:_6,Unnamed:_7,Unnamed:_8,Unnamed:_9,Unnamed:_10,Unnamed:_11,Unnamed:_12,Unnamed:_13,Unnamed:_14,Unnamed:_15
Total_attendance,3216162.687020343,3216162.687020343,3216162.687020343,3217054.6611472494,3216162.687020343,3216162.687020343,3216162.687020343,3216162.687020343,3216162.687020343,3216162.687020343,3216162.687020343,3216162.687020343,3216162.687020343,3216162.687020343,3216162.687020343
Average_attendance,73702.87883123849,73702.87883123849,73702.87883123849,74356.5518927006,73702.87883123849,73702.87883123849,73702.87883123849,73702.87883123849,73702.87883123849,73702.87883123849,73702.87883123849,73702.87883123849,73702.87883123849,73702.87883123849,73702.87883123849
