index,Very_concerned,Somewhat_concerned,Not_very_concerned,Not_at_all_concerned,Don't_opinion_know/no,0_pinion
18_34_to_years,50.9565549187141,30.028019470496403,5.900676036416854,5.949017441982392,6.867680764219557,0.0
35_44_to_years,59.14569867092411,26.85839368036757,5.925225728754597,5.931341074777578,1.7887939043761492,0.0
45_64_to_years,57.024144578260064,29.081355075314058,8.825305316561142,4.924391583782622,0.0,0.0
65_folder_years_and,63.92731789827846,24.910534548209498,7.878427509784728,2.7649090995392243,0.0,0.0
