index,Conair,Helen_of_Troy,Revion,Others_Spectrum_Brands,Others
2004,49.87358307990047,35.89435881485577,0.0,3.8867327896046433,9.903816468528248
2008,43.84873225969957,33.89026645009677,10.832549995392128,4.817171228458207,5.945206662980368
