index,Unnamed:_1,Unnamed:_2,Unnamed:_3,to,Unnamed:_5,Unnamed:_6,Unnamed:_7,2,Unnamed:_9,Unnamed:_10,Unnamed:_11,Unnamed:_12,Unnamed:_13,Unnamed:_14,Unnamed:_15
Total_attendance,2996354.1498742094,2996354.1498742094,2996354.1498742094,2726732.876572041,2996354.1498742094,2996354.1498742094,2996354.1498742094,2941228.624083871,2996354.1498742094,2996354.1498742094,2996354.1498742094,2996354.1498742094,2996354.1498742094,2996354.1498742094,2996354.1498742094
Average_attendance,73211.3759704032,73211.3759704032,73211.3759704032,57262.38243880123,73211.3759704032,73211.3759704032,73211.3759704032,56190.12906880351,73211.3759704032,73211.3759704032,73211.3759704032,73211.3759704032,73211.3759704032,73211.3759704032,73211.3759704032
