index,90_years_and_older,80-89_years,70-79_years,60-69_years,50-59_years,40-49_years,30-39_years,20-29_years,10-19_years,9_and_younger_years
Women,7093.758249774066,7084.814761779635,13585.488863146456,22096.36613904072,39867.7629703611,39847.11779422781,39848.0230989442,39855.838319701856,2541.95533101241,7077.71648085046
Men,22102.026696131543,39869.898413121,13897.226986368776,22098.62459560497,39871.63406101676,39864.05333532365,39860.683910338856,39865.39687671804,39857.139575101006,39873.152512664215
