Unnamed:_0,index,Unnamed:_2,the
0,Mexico,112.34509910202968,577.6586571383107
1,Canada,414.0605540912876,577.6586571383107
