index,Viceroy,Muratti,Dunhill,Optima,Pall_Mall,Virgina_Slim,APOLLO-SOYU,Alliance,Esse,Camel,Russian_Sty,Next,Lucky_Strike,Bond_Street,Marlboro,Glamour,Peter_the_Fir,Vogue,L&M,Kiss,Chesterfield,LD,Parliament,YAVA,Kent,Winston
2012,49.63397363832736,5.006283468670979,4.991030041795291,49.62612134700122,5.003177172553592,49.62999637984972,4.9964820753492845,4.994757869737832,4.990895103964824,4.99955429625696,5.001116303870184,5.000537025305071,4.997162216535145,4.992119085497698,4.992619309576284,5.007099910695686,4.997171757593861,4.992825123842941,4.992833301893271,5.003714197858656,5.0017064865024,4.998980469725403,5.002229881723579,4.999270790512149,4.995686078450397,4.999195825050784
2013,0.0,0.0,0.0,49.62558704771293,0.0,0.0,0.0,5.00203633453242,5.000692408261358,0.0,5.007148978997677,5.010499253616608,49.64072870790076,49.64315077380712,49.65394443723565,5.006273927612263,5.0082462007504205,5.00914578628683,5.003962265385368,0.0,5.004949083458634,5.004615146403452,5.004604242336349,5.007837298233866,5.0127931967344495,0.0
