index,Strongly_agree,Somewhat_agree,Neither_agree_nor_disagree,disagree_Somewhat,Strongly_disagree
2017,9.64761066897541,39.36437604301696,14.323337616023032,25.290049371809115,10.73223001401184
2018,14.638430148287483,43.12321230164681,16.21600049991929,17.135331042992462,8.051171470762782
2019,10.34814288467529,33.91169996335439,18.82290275554222,22.23269641815716,13.682743142210184
