index,Employer_paid,Employee_paid,Total
2009,7412.8886979571425,2198.9702102129886,9631.613385316072
2019,9940.804790958731,2965.341044101482,12988.834108578538
