index,few_a_weeks)_a_month_or_two,Three_to_SIX_months,than_Longer_SIX_months
March_13_15_to,30.95130323192693,37.91759404467961,29.98831807058797
March_20_23_to,19.8743926003416,39.8490725607032,38.834270669973534
April_4_to_6,15.98484327572038,41.03815104142727,42.98017160706505
May_4_to_6,11.81443492297538,19.845395529097274,68.04972449840692
June_8_10_to,9.94275964899056,17.943781863777012,72.14095716809733
