index,Teck_Resources,Southern_Copper,Newmont,Freeport-_McMoRan,Rio_Tinto,Vale,Xstrata,BHP_Billiton
2000,0.0,0.0,59453.35870495059,59455.25929097096,0.0,0.0,0.0,0.0
2009,0.0,0.0,59460.9839017698,59469.13471155656,59460.67158102096,59904.29654321873,59910.36394508335,0.0
2013,59481.86368646653,156033.3474766388,59468.39199758066,59475.30875953054,59479.28894468343,59928.34143208966,156043.66929650895,156025.50898760086
