Unnamed:_0,index,the,tries,I,and,it,SPEESES,Lines:
0,Patients_within_Japan,73562.77345530198,267646.05514997966,153933.1248131834,267646.05514997966,267646.05514997966,140963.7702076862,13299.327967373916
1,Returnees_from_Hunan_charter_flights_on_government,6609.467380766466,267646.05514997966,153933.1248131834,6595.415951070085,267646.05514997966,7074.356423087302,267646.05514997966
2,Airport_auarantine,6609.467380766466,267646.05514997966,153933.1248131834,267646.05514997966,267646.05514997966,7074.356423087302,13299.327967373916
