Unnamed:_0,index,Unnamed:_2,the
0,2015,-14.521462406330013,4.560508228315937
1,2018,-4.020823933924511,4.560508228315937
2,2017,-8.756786549847334,4.560508228315937
3,2013,-5.054864465472882,4.560508228315937
4,2016,-12.1217560885025,4.560508228315937
5,2014,-12.830612139858433,4.560508228315937
