index,Smartphone,M2M
Devices,18.41023660064937,37.07188957670989
Mobile_data_traffic,48.00506333838959,70.0016976783731
