index,France,Germany,Great_Britain,United_States,Australia
Very_important,30.101236638129397,20.0723420680102,74.8833524091434,30.12180604719498,40.04116200799484
Important,23.86106591950644,0.0,29.81545506500119,0.0,0.0
