index,Best_Actor,Best_Actress,Film_Best,Best_Director
Golden_Globe_(drama)_winner,46.44254082721784,36.48155714667202,31.61653542814102,36.466582697965016
Golden_Globe_(musical/comedy)_winner,6.828484716997615,12.731820172686618,9.744742950426437,0.0
else_/another_film_Someone,17.72574029063116,21.774204041767305,21.59328025357205,34.43683033848896
