index,Portugal,Greece,Lithuania,Republic_of_Ireland,Bahamas,Unknown,South_Korea,Canada,Denmark,Italy,France,Poland,Norway,Spain,Sweden,LUSA,Germany,China,Netherlands
2018,0.0,0.0,0.0,0.0,0.0,6041.980618846748,26221.83187407404,26309.36896908711,26259.484707793235,2859.813128349866,2865.7307944109343,0.0,0.0,0.0,0.0,12328.241225188816,26034.16184865688,0.0,0.0
2019,0.0,0.0,0.0,0.0,0.0,0.0,0.0,0.0,2902.82909449657,2929.973515859674,2909.0636369196727,2883.242174368075,0.0,6277.934679929502,6298.903973187393,12058.171462778131,12041.400781317265,72776.25337083233,0.0
