Unnamed:_0,index,1993,the,I,of,200,go,2000,20,and,2019
0,Male,53.6929550568451,28.51022175509237,18.512746794004197,32.918476559856536,30.26546850680111,53.6929550568451,53.6929550568451,53.6929550568451,53.6929550568451,36.35371586756446
1,Female,53.6929550568451,24.083748181295256,11.775710352236583,33.48552332171618,27.4761421888746,25.64243313087907,53.6929550568451,53.6929550568451,53.6929550568451,37.37779255769101
