index,Unnamed:_1,Unnamed:_2,Unnamed:_3,6,Unnamed:_5,Unnamed:_6,Unnamed:_7,Unnamed:_8,Unnamed:_9,Unnamed:_10,Unnamed:_11,Unnamed:_12,Unnamed:_13,Unnamed:_14,Unnamed:_15
Total_attendance,2996795.5161858685,2996795.5161858685,2996795.5161858685,3260959.1533284364,2996795.5161858685,2996795.5161858685,2996795.5161858685,2996795.5161858685,2996795.5161858685,2996795.5161858685,2996795.5161858685,2996795.5161858685,2996795.5161858685,2996795.5161858685,2996795.5161858685
Average_attendance,73189.69228831679,73189.69228831679,73189.69228831679,74130.9324334655,73189.69228831679,73189.69228831679,73189.69228831679,73189.69228831679,73189.69228831679,73189.69228831679,73189.69228831679,73189.69228831679,73189.69228831679,73189.69228831679,73189.69228831679
