Unnamed:_0,index,Unnamed:_2
0,Apple,24.11537741975883
1,Huawei,15.376495044357211
2,Oppo,2.667733864727744
3,Other,38.26134084209643
4,Samsung,20.353308288472945
5,Xiaomi,5.793011546989121
