Unnamed:_0,index,the,SSS,ASSSS,SASSIS,I,SASPS,SSISS,and,SISSS,for,SSSSIS,SSSSSIS,stoptic,SISS,SHIS
0,Universal_masks,1707.2837114673014,4149.32863464494,4149.32863464494,2214.864316388969,2556.0858164416923,4149.32863464494,2098.501113651583,4149.32863464494,2122.0413979568275,1565.0045146816362,2257.464883425555,4149.32863464494,4149.32863464494,2174.485883131804,1866.391822571782
1,Mandates_easing,1707.2837114673014,4149.32863464494,4149.32863464494,2359.879975867495,3310.5543374594918,4149.32863464494,2098.501113651583,4149.32863464494,2169.4206868730143,1565.0045146816362,2452.7524802643597,4149.32863464494,4149.32863464494,2276.216207453624,1866.391822571782
2,Current_projection,1707.2837114673014,4149.32863464494,4149.32863464494,2288.247729873732,2898.451306858677,4149.32863464494,2098.501113651583,4149.32863464494,2169.4206868730143,1565.0045146816362,2257.464883425555,4149.32863464494,4149.32863464494,2228.449866958548,1866.391822571782
