index,Install,Purchase,Subscribe
APAC,0.0,32.70993714438971,21.63582673837547
EMEA,0.0,41.77039266366239,68.99160082369771
Latin_America,0.0,5.147982767593234,18.287395935516912
North_America,5.138716853683093,74.39481657099961,63.839807517543775
