index,Unnamed:_1,Unnamed:_2,Unnamed:_3,Unnamed:_4,Unnamed:_5,Unnamed:_6,Unnamed:_7,Unnamed:_8,Unnamed:_9
Cases,588.6063580814453,588.6063580814453,588.6063580814453,588.6063580814453,588.6063580814453,588.6063580814453,588.6063580814453,588.6063580814453,588.6063580814453
Deaths,292.62517730648324,292.62517730648324,292.62517730648324,292.62517730648324,292.62517730648324,292.62517730648324,292.62517730648324,292.62517730648324,292.62517730648324
