index,France,Germany,Spain,Czech_Republic,Greece,Italy,Chile,Britain,Australia,Canada,Venezuela,Japan,Argentina,Poland,United_States,Russia,Brazil,South_Korea,Israel,Mexico,South_Africa,Bolivia,El_Salvador,China,Senegal,India,Philippines,Nigeria,Uganda,Kenya,Lebanon,Ghana,Malaysia,Tunisia,Egypt,Turkey,Palestinian_ter.,Pakistan,Jordan,Indonesia
Not_issue_a_moral,46.22778059551423,46.23495442699429,46.23007574590902,46.236280381756046,58.94686786295932,58.94992409949537,58.94650218485237,58.94627326441144,58.943921627154616,58.94758138121676,46.2204432494335,46.20802803175394,46.21482132016337,58.94374622058299,39.231766784179165,58.93483913433587,58.921297152408094,39.26060778674367,39.25032123186549,58.91272898733328,58.93499670295106,39.22266348041125,39.23883656091336,39.246093636190125,39.25364801074084,58.92257256629329,58.93831753584092,46.2084710076721,58.941546205955866,16.638380622746837,16.642468487763452,19.73424120603613,39.24898041214005,58.93741969203364,19.7335366067569,46.23464523574941,0.0,0.0,0.0,0.0
Acceptable,0.0,0.0,0.0,0.0,0.0,0.0,0.0,0.0,0.0,0.0,0.0,0.0,0.0,0.0,58.873735214563865,49.19423572383752,78.6684827688314,78.65620133582512,68.83101628189203,68.84985910987407,49.22787810967609,49.219898597163656,49.21631911390547,49.205973099172496,39.19759817862574,0.0,29.65640825611976,29.646915490303,0.0,0.0,0.0,0.0,0.0,0.0,0.0,0.0,0.0,0.0,0.0,0.0
Unacceptable,0.0,0.0,0.0,0.0,0.0,0.0,0.0,0.0,0.0,0.0,0.0,0.0,0.0,0.0,0.0,0.0,78.66455841841544,0.0,19.67904759582996,19.68848982077016,19.69555067852613,19.71720001165413,68.8809060730512,68.87761497008873,29.64684413847725,39.194975999029616,39.19474707858869,29.67537594979686,29.6404581500731,19.685252231677,19.6787859724689,19.721950854051627,19.690897944889045,19.73145848483209,19.67489432497308,19.670821324920155,19.671062137332044,19.69126659598872,19.699046917987616,19.685189798829484
