index,800_000_690_600_000_400_OOO_200_OOO_16_8,Unnamed:_2,Unnamed:_3,Unnamed:_4,to,Unnamed:_6,Unnamed:_7,Unnamed:_8,Unnamed:_9,Unnamed:_10,Unnamed:_11,Unnamed:_12,Unnamed:_13,Unnamed:_14,Unnamed:_15,Unnamed:_16
Total_attendance,0.0,2777974.0145111177,2777974.0145111177,2777974.0145111177,2780659.4924187977,2777974.0145111177,2777974.0145111177,2777974.0145111177,2777974.0145111177,2777974.0145111177,2777974.0145111177,2777974.0145111177,2777974.0145111177,2777974.0145111177,2777974.0145111177,2777974.0145111177
Average_attendance,0.0,57520.588596974034,57520.588596974034,57520.588596974034,56963.827998780645,57520.588596974034,57520.588596974034,57520.588596974034,57520.588596974034,57520.588596974034,57520.588596974034,57520.588596974034,57520.588596974034,57520.588596974034,57520.588596974034,57520.588596974034
