index,Skin_care,Personal_care,Color,Fragrances,Hair_care,Nail_care,Tools
Frequently,35.85705934967129,29.583642151171503,28.84038485247909,26.960725511280955,23.91800701938781,23.78401934925239,21.75531821208871
Sometimes,41.109937722331,37.70143372400277,40.381204977453336,34.394667055098815,38.44495283357921,31.338798516531924,35.842873959956265
Rarely,12.427514086615602,15.193885240197204,19.27009624644116,16.13400052266973,23.255298219257572,19.4036376480243,21.004652855428503
Never,0.0,7.982596002481017,9.874512853248332,12.978066674187788,12.68116718148208,13.423174928228107,14.690053994924682
Do_not_use,2.2586603470279414,8.365083853265944,0.0,8.342115898442131,0.0,10.697140501524927,4.842906329301925
