Unnamed:_0,index,any,nothers,not,200,2003,2001,noth,assa,noto,now,ROVENT,FOR,2004,nows,DON,astic,noons
0,Food_seed_and_industrial_Total,6350.770094374746,6800.174689888994,6735.460076425086,2621.128874331358,2817.028333086526,2339.714095058236,6956.260592969628,7117.197161144591,6749.566572557415,5436.690833774375,7193.102009853299,6276.890508252249,2977.274670669516,3786.7495583293594,7369.601006417753,7121.048384065404,4723.412988044138
1,Feed_and_residual,4555.141803918386,5343.556598505542,4838.354699829195,5858.477412863334,6093.613036946461,6189.666464018288,5406.953765467999,5572.809875250712,5074.538126191006,5436.690833774375,5786.927904535394,5411.87916890668,6473.307273586965,5836.368052054231,5616.93334211631,5728.205547739375,6192.318942513977
2,Total,10667.456829263843,11845.979403138115,11361.501274984865,8193.273248589332,8654.075441617519,8268.838843832984,12111.85080497227,12417.45149866134,11536.498910102448,10560.163341384314,12709.443951847112,11413.89431983454,9154.562230039788,9401.376086792614,12731.79950955526,12596.907056200964,10642.445862144536
