Unnamed:_0,index,Matter,the,CONTERTICALLY,Contristing,and,Ind,Matters,ALLISH,State,ALLISTS,Lines:,Districtions
0,Manchester,147.20626534477705,48.811289943212415,147.20626534477705,147.20626534477705,20.13105809561964,47.23601125811072,18.93433099181027,147.20626534477705,147.20626534477705,43.94687994068286,25.691318664551986,7.613581245059535
1,Moscow,147.20626534477705,48.811289943212415,147.20626534477705,88.92607686479876,147.20626534477705,54.18473563952085,147.20626534477705,147.20626534477705,31.502565143099616,76.75903474060641,71.29519363300199,20.5862239472834
2,Paris,147.20626534477705,48.811289943212415,147.20626534477705,147.20626534477705,7.596944052796474,70.88061559829666,147.20626534477705,147.20626534477705,51.57963554982558,51.27657522842692,67.26121521795658,7.613581245059535
3,Sao_Paolo,147.20626534477705,25.599703192490026,147.20626534477705,147.20626534477705,7.596944052796474,32.84011221508895,13.086995670378684,147.20626534477705,147.20626534477705,25.217463700246043,20.20642457657132,7.613581245059535
4,Milan,147.20626534477705,21.596378804189328,147.20626534477705,147.20626534477705,7.596944052796474,41.76317913452078,21.524048610825645,147.20626534477705,147.20626534477705,21.73216602170973,34.95072028990862,7.613581245059535
5,Stockholm,147.20626534477705,48.811289943212415,147.20626534477705,147.20626534477705,7.596944052796474,78.18003119612192,49.34509425697294,147.20626534477705,147.20626534477705,43.94687994068286,58.801348527618885,20.5862239472834
6,New_York,147.20626534477705,25.599703192490026,147.20626534477705,147.20626534477705,7.596944052796474,34.07923643051535,13.086995670378684,22.2612148713484,147.20626534477705,25.217463700246043,20.20642457657132,7.613581245059535
7,Berlin,147.20626534477705,48.811289943212415,147.20626534477705,147.20626534477705,20.13105809561964,54.18473563952085,147.20626534477705,147.20626534477705,31.502565143099616,82.09912979859084,58.801348527618885,7.613581245059535
