Unnamed:_0,index,Unnamed:_2,b
0,500_bills_rupee,2623.52653339304,10663.164978837522
1,200_bills_rupee,0.0,755.7252105866428
2,100_bills_rupee,1305.9537452080294,2059.481494420776
3,1000_bills_rupee,585.0393725444483,0.0
4,2000_bills_rupee,6772.317269309782,6574.828937707141
5,50_bills_rupee,501.8707693933138,622.5024129187841
6,10_rupee_notes,580.6961868054568,0.0
