index,Unnamed:_1,Unnamed:_2,a,X_of_6,"X_do,_of_o",,The_1._do_on,the_of_<oo_do,still_<oo_5,Unnamed:_10,The_Jo_do,6_of,JI:_of_>
Production_costs,241.88520144610084,241.88520144610084,312.713056596197,0.0,266.0755340967239,>_Keth,106.6032382511271,106.1898474567056,0.0,241.88520144610084,0.0,0.0,267.13375876102646
Global_box_office_revenue,771.0583571166658,771.0583571166658,2072.760439686074,1326.7700864007677,1077.4506475526289,>_Keth,1021.4973669864576,643.0325177521022,849.0729728863043,771.0583571166658,529.9987173034374,393.9495760827285,473.9849617770367
