Unnamed:_0,index,Unnamed:_2,Prearments,manner,Stater
0,Lotteries_(remote_and_non-remote),619.1134906651696,742.9578956193473,343.4743891932776,339.9284511902579
1,Betting,3445.5881046988047,3000.341100619532,3002.485660966035,3143.7278991103744
2,Bingo,838.748993587612,742.9578956193473,819.343095485593,818.3563549041337
3,Remote_be_in-remote),5462.640376333734,5692.924546675805,819.343095485593,818.3563549041337
4,Arcades,619.1134906651696,742.9578956193473,638.8453589965593,547.8768544443128
5,Casinos,1237.5194861259606,1232.5843115697771,819.343095485593,988.2736716908604
