index,25_to_34,35_44_to,45_54_to,55_64_to,65_and_older
No_high_school_degree,44.45687390720239,42.59208465344554,35.901550210821114,31.86653944822972,29.759982797527528
Bachelor's_degree,80.50481696230551,78.67960223209936,77.68109296576466,74.47439303476602,66.79164806215668
High_school_graduate,53.484647014249234,50.63873752311399,51.5725215049316,47.72064048771759,41.64872737787729
Some_college_degree_no,70.55006918545753,63.50631947848623,61.56895483933681,55.82151256568445,51.68252601419843
Associate_degree,67.60190709830276,70.64349962308223,66.77783306286733,60.5868625444391,60.60413374824152
