index,Nevada,Ohio,California,Indiana,Wisconsin,Michigan,Delaware,Alabama,Kentucky,Idaho,Arizona
2017,74.73243242887216,80.00288818983935,76.90384402589294,80.02503207636148,80.0126033095955,79.9901564430674,90.47421310823236,90.47910030745884,77.73133182106791,73.81761723350274,0.0
2078,101.13649776189988,77.64603306960899,0.0,0.0,101.72390683496546,73.81924081114335,90.51650845841138,72.9323656415404,90.66155025647916,77.73085759149338,101.75121126137162
2019,0.0,0.0,0.0,0.0,0.0,0.0,0.0,72.9031083114002,77.7330113841444,0.0,0.0
