index,Indonesia,"Malaysia,_Singapore"
2010,2.18011654476606,2.0305760902847645
2015,4.07845092055664,3.700101058977225
