Unnamed:_0,index,a,on,wn,of,and,Wre,cors,good,97,the,go,off,93,COM,gh,ants,cans,any
0,Other_revenue,492.71938037174914,16479.859496598212,16479.859496598212,514.0564955893406,491.2654723939068,466.9676046896839,16479.859496598212,16479.859496598212,16479.859496598212,488.7454473044527,16479.859496598212,16479.859496598212,16479.859496598212,489.7598589672325,16479.859496598212,6647.452860326963,2432.579787970726,484.4994450897357
1,Advertising_revenue,492.71938037174914,16479.859496598212,662.3489539187485,514.0564955893406,10153.206014820997,788.1138406253394,16479.859496598212,16479.859496598212,7900.6704473198415,6819.567988664196,16479.859496598212,16479.859496598212,16479.859496598212,489.7598589672325,3046.186815479872,6647.452860326963,16479.859496598212,2432.579787970726
