index,Nov_19,Dec_19,Jan_20,Feb_20,Mar_20,Apr_20,May_20,Jun_20,Jul_20,Aug_20,Sep_20,Oct_20,20_Nov
2019/2020,44.242914506102125,58.90760861530947,58.86659756251282,63.9276793927566,172.15146049419587,291.04941720591694,227.3453593212003,212.9222489253276,227.5236302348105,217.17285379861696,203.6759414699156,69.20532501497775,83.88642354530378
Long_term_average,51.41628809596966,37.06588489214806,43.82075499440703,71.26878500941109,109.7125141094712,152.5712261049021,199.4173887181773,200.56434705714696,209.8283464899864,197.3569330217977,148.53011141177055,107.77889065738016,52.73700295359061
