index,Yunnan,Qinghai,Hainan,Ningxia,Heilongjiang,Tibet,Jiangxi,Gansu,Jilin,Hunan,Guangxi,Shaanxi,Hubei,Chongqing,Anhui,Xinjiang,Liaoning,Zhejiang,Jiangsu,Shanxi,Fujian,Guizhou,Inner_Mongolia,Sichuan,Hebei,Henan,Shandong,Guangdong,Tianjin,Shanghai,Beijing
Minimum_level,13.124621186758928,15.128637844352516,15.289835432756826,15.288055265249325,15.286553840241972,15.135571473070415,16.154882578812074,16.150611923483364,17.13388009560213,0.0,0.0,0.0,0.0,0.0,0.0,0.0,0.0,0.0,0.0,0.0,0.0,18.70637570704527,18.747966562544576,18.73889760616232,0.0,0.0,0.0,30.908921797809068,30.91211532807192,30.909219462776598,0.0
level_Maximum,15.288982466150616,15.28763897096711,15.28914257933608,15.294716701551932,15.297183900182526,16.159269680093853,16.155418230196183,17.137893842046886,17.146866002730654,17.136133324793963,17.696280570701617,17.685822268541834,17.692950216443915,17.687528929541465,15.297808341605847,17.68303775468913,17.68581280730815,18.699095651617,18.708393860969355,18.74152491797838,18.75263022296489,18.745195148861598,18.75262221730561,18.746340685924885,18.7427934510796,18.75159967628025,18.74122652522365,18.746727140931625,18.742417185093757,17.688345506787343,30.91229727487358
