index,Other,Camaraderie_with_others,Speed_of_play,Family_tradition_of_watching,Social_aspect_watching_with_friends,Showing_pride_team,Competition_between_individual_players,Strategy,Athleticism,Teamwork,Rivalry_between_teams,Skill_involved
Total,3.8495344025527913,3.8517675483556815,34.741485122675044,41.64115768430853,37.687677070973685,41.65572425223248,41.65598792486945,50.38026437217662,60.6541933366158,59.6446984311478,91.12150196543736,60.6643258993793
Male,3.8586499422879834,34.73880534771156,34.75536291309834,34.75791354228045,34.7470061048287,3.849157727357124,91.12559158184747,50.39254398355544,60.65060954118271,59.6018704614002,91.13247935685402,91.13005787345328
Female,0.0,0.0,0.0,34.75630460108751,37.69471551605847,41.647394349333965,0.0,0.0,60.66638685080704,59.67874986883631,0.0,0.0
