index,Full_recovery,Improvement,Chronically_ill
Anorexia_nervosa,45.43777154305122,32.569620204873985,19.73405403284349
Bulimia_nervosa,44.50180229376898,26.606210528839966,22.71225864959311
