index,Video_game_consoles,Smartwatches,Automobiles,Smart_speakers,Monitors,Notebooks,TVs,Smartphones
Previous_forecast,0.0,0.0,0.0,0.0,0.0,388.7183483701356,247.71990045663892,388.7487903252246
Revised_(Data_forecast_a_as_of_March_26_2020),0.0,0.0,0.0,0.0,0.0,388.79279953745976,388.7243171918651,0.0
Revised_(Data_of_March_26_2020)_forecast_as,0.0,0.0,0.0,0.0,0.0,388.76469111202914,388.7375373123678,388.73926335290025
