Unnamed:_0,index,Unnamed:_2,the
0,Pacific_Islander,-5637105.268625246,2245453.2896283288
1,Black,-2703699.060250496,2245453.2896283288
2,White,-958740.010144992,2245453.2896283288
3,Asian,-5637105.268625246,2245453.2896283288
4,Hispanic,-3634259.756705837,2245453.2896283288
5,Unknown,-3262573.675957051,2245453.2896283288
6,Native_American,-5637105.268625246,2245453.2896283288
