index,ZDF,ARD,RTL,Sat.1,Vox,ProSieben,kabel_eens,RTLII
Total_(3_and_older)_audience_years,550.2587180144501,485.9386221058076,368.6943534926681,263.09694858467844,212.1314553124108,180.83139732372652,155.5634055982083,124.05447435015152
14-49_years,241.3606346537826,280.48328879572574,515.2679387987997,346.9180921030757,298.1016108857504,397.86277567526014,216.22818961173368,224.0769397065607
