index,Spectrum_Brands_(Remington)_Rayovac),Spectrum_Brands_lington)_Rayovac),Philips_(Norelco),Proctor_&_Conair,Proctor_&_Conair.1,Conair,Matsushita_(Panasonic),Wahl,Others
2004,33.04781672303826,0.0,44.03361053163705,14.018771642393844,14.018771642393844,0.0,4.984985552596072,2.888957554417871,0.930942679728524
2008,0.0,41.05674121118608,34.034444824072885,9.918408953628926,9.918408953628926,7.929686108893257,4.959925485731255,0.0,1.880446332058028
