index,Female,Male
Don't_knowl_can't_recall,4.097857926247244,3.030593109006361
No_haven't,40.537932100200464,32.63777018655624
Yes_have,53.55549622064744,62.504660943165206
