index,Denmark,Germany,Venezuala,Azerbaijan,Spain,Egypt,Other_Africa,Netherlands,Canada,Libya,Saudi_Arabia,Nigeria,Russian_Federation,Algeria,United_States,Norway
Crude_oil,0.0,0.0,0.0,0.0,10062.482001790944,12360.042967779207,12358.365874387517,12360.573873854524,12358.741727398525,12361.117929306323,4367.559918421268,4368.890197008341,3808.1164088000896,11441.641752250844,11443.730859438863,10062.31818247565
Natural_gas,0.0,0.0,0.0,0.0,0.0,0.0,0.0,0.0,0.0,0.0,0.0,0.0,0.0,10056.553824561895,0.0,0.0
