index,England,Wales,Scotland,Northern_Ireland,United_King_dom
Yes,78.66582332852335,66.49961354711932,84.69349365547649,77.41366279496741,77.40710298428594
No,21.84927678434194,33.05106486475422,15.871383300077454,23.12523860559613,21.912867163486737
