index,0-19_years,20-44_years,45-54_years,55-64_years,65-74_years,75-84_years,85_years_and_older,Total
Lower_bound_of_range,1.3339588310973198,14.123180427848313,20.880092164608943,20.13246728350756,28.40930229092933,30.14402033482215,30.89371598730545,20.41020280903768
Upper_bound_of_range,2.421694539539203,20.602043348943557,27.90780883780964,29.890194195469263,43.16827448342109,58.18331933477233,69.66124978789638,31.171031245580927
