index,Derrick_Rose,Kobe_Bryant,Kevin_Durant,Lebron_James,Michael_Jordan
2012,3039.990991199098,3531.1669862096023,236548.64752488967,236547.94299045988,153807.0441893234
2013,22912.377861449266,13599.096809960494,13632.18682867108,22906.33734494468,153793.76198286016
