index,Jared_Goff_(football),Rory_Mcllroy_(golf),Lewis_Hamilton_racing)_(auto,Russell_Westbrook_(basketball),Tyson_Fury_(boxing),Carson_Wentz_(football),Kirk_Cousins_(football),Tiger_Woods_(qolf),Kevin_Durant_(basketball),Stephen_Curry_(basketball),LeBron_(basketball)_James,Neymar_(soccer),Lionel_Messi_(soccer),Cristiano_Ronaldo_(soccer),Roger_Federer_(tennis)
Salary/Winnings,51.46808570171267,51.47097823081147,51.44658796032003,51.49744705236387,51.50704763261392,58.35703620421691,58.36979094936366,59.62296827992995,59.59968269391845,73.63661040649119,73.66730173911495,73.64584033602758,73.65238849863567,51.5127309435568,73.71508661053367
Endorsements,0.0,51.48144366272675,51.503217575239375,0.0,0.0,63.15491346577677,59.35642681083768,59.385526525691,63.14435355426781,73.60830286669255,73.64208295526355,73.63419754302183,0.0,0.0,0.0
