index,Total,Less_than_high_a_school_diploma,"High_school,_college_no",Some_college_or_associate's_degree,Bachelor's_degree,Advanced_degree
Men,1067.002386460753,641.0000926507555,838.2464821646668,987.1806012214512,1446.7258467894324,1881.766750440216
Women,862.9895514846357,487.7939041808511,626.2315246667151,731.9166963981127,1100.2653214852971,1363.6339465612214
