index,Yes,No,Not_sure
Under_30,78.45001496504177,19.861455233606563,0.0
30-44,55.42119424966205,43.78076176764988,0.0
45-64,45.49369960626921,52.43415937361938,1.9269159913113327
655,35.659751436099675,62.52701901098944,0.0
