index,--00_--20,10,I_5,20,Linear_media_(ind
HI_2020,0.0,0.0,0.0,19.74833851313526,2.0052267177381804
H2_2020,0.0,0.0,0.0,2.4850849027889588,9.813056913431115
Total_2020,0.0,0.0,0.0,3.882042852032196,11.93079102596933
