index,Veteran,Non-veteran
Hillary_Clinton,33.76066908096714,49.6305311646758
Donald_Trump,60.2745527943716,44.61098812869004
