index,Millennials,Gen_X,Baby_Boomers
Desktop,0.0494753254612467,0.0494613243090941,0.0494940482814452
Phone,0.0396059987850375,0.0494676626500627,0.0494939745480518
Tablet,0.0396879684716009,0.0397002792174374,0.0495021644164554
