index,employees_Law_enforcement,Officers,Civilians
Male,71.97764015323503,86.34407974491123,32.57142508942782
Female,26.97285732419779,12.662036023299038,66.37830244279354
