index,Social_security_(Mandatory),Defense_(Discretionary),Medicare_(Mandatory),Nondefense_(Discretionary),Other_(Mandatory),Medicaid_(Mandatory),Net_interest
2019,1034.868305797617,670.4398647632104,643.2190452245839,657.4529675891393,643.1566220489589,406.7934250273208,373.2199686273202
2020,1091.176814939448,712.183853224416,689.7595499547934,718.2527810675399,741.9910634176315,448.988183609285,374.54552620004256
2021,1148.197509228993,750.8186928932222,741.9533074646323,731.5910603108559,657.3486892427608,450.1822785494696,374.3169768312214
