index,Male,Female
Barack_Obama,44.64655954314224,54.47882897409801
Mitt_Romney,51.38474023028172,43.47908015926859
