index,Greece,Italy,Portugal,France,Spain,Cyprus,Ireland,Germany
2018,175.28474244535772,134.1674508132215,116.98749468284184,97.65985724407116,94.7102646447568,94.75717084866122,58.36616976737741,59.63991503497832
2019,195.2611843976186,158.1715865897992,130.62444682448307,115.56119018104404,114.6949539670135,114.6494850641042,65.4406793368932,75.23538370404103
2020,181.4972934823761,152.9296243819178,124.40031752944842,111.13339054399675,112.80328334301608,104.51010222974436,66.2808616185994,71.88136198186012
