index,Lebanon,United_Arab_Emirates,lordan,Morocco,Egypt,Saudi_Arabia
More_frequently,263215.46204642777,270623.2574297298,797081.6200644711,796691.3446569877,797264.0744151147,804292.9629252286
Less_frequently,150954.74518639268,0.0,0.0,0.0,0.0,0.0
No_change,146416.09692690114,797396.5125272573,797075.324871415,277966.4009147255,797016.7291082006,798193.345845783
trarely_do_this_activity_or_never,230260.63107555563,230534.00713856664,230338.40459989457,0.0,0.0,0.0
