index,Indigenous,Afro-_descendant
Fully,21.28838784455067,1.0655088854599306
Partly,1.5111642577400095,0.4845248265051545
