index,Unnamed:_1,Unnamed:_2,Unnamed:_3,Unnamed:_4,Unnamed:_5,Unnamed:_6,Unnamed:_7,Unnamed:_8,Unnamed:_9,Unnamed:_10,Unnamed:_11,>on,Unnamed:_13,Unnamed:_14,Unnamed:_15,Unnamed:_16
First_name,98.86189724490735,98.86189724490735,98.86189724490735,98.86189724490735,98.86189724490735,98.86189724490735,98.86189724490735,98.86189724490735,98.86189724490735,98.86189724490735,98.86189724490735,0.0,98.86189724490735,98.86189724490735,98.86189724490735,98.86189724490735
Surname,51.0215722293633,51.0215722293633,51.0215722293633,51.0215722293633,51.0215722293633,51.0215722293633,51.0215722293633,51.0215722293633,51.0215722293633,51.0215722293633,51.0215722293633,99.21494438808612,51.0215722293633,51.0215722293633,51.0215722293633,51.0215722293633
Middle_name,48.38437505954653,48.38437505954653,48.38437505954653,48.38437505954653,48.38437505954653,48.38437505954653,48.38437505954653,48.38437505954653,48.38437505954653,48.38437505954653,48.38437505954653,0.0,48.38437505954653,48.38437505954653,48.38437505954653,48.38437505954653
