index,Unnamed:_1,Unnamed:_2,Unnamed:_3,to,Unnamed:_5,Unnamed:_6,Unnamed:_7,2,Unnamed:_9,Unnamed:_10,Unnamed:_11,Unnamed:_12,Unnamed:_13,Unnamed:_14,Unnamed:_15
Total_attendance,3053743.685631681,3053743.685631681,3053743.685631681,3054125.561845529,3053743.685631681,3053743.685631681,3053743.685631681,2920051.222819069,3053743.685631681,3053743.685631681,3053743.685631681,3053743.685631681,3053743.685631681,3053743.685631681,3053743.685631681
Average_attendance,74019.02929409221,74019.02929409221,74019.02929409221,74575.50113333948,74019.02929409221,74019.02929409221,74019.02929409221,56708.41088954872,74019.02929409221,74019.02929409221,74019.02929409221,74019.02929409221,74019.02929409221,74019.02929409221,74019.02929409221
