index,the_of,the_of.1,the_&,the_Ot,the_a,the_of.2,the_I,the_ot,the_of.3,it_a,fix_of,the_&.1,it_Ot,the_a.1,the_o,the_ot.1,the_Ot.1
Gross_bookings,482.05385850094655,482.05385850094655,546.8064644181176,68.83358609271977,219.674086347796,482.05385850094655,0.0,503.0156574461287,482.05385850094655,644.089670041271,613.266660722502,546.8064644181176,586.4027828222643,219.674086347796,529.6310719096317,503.0156574461287,68.83358609271977
Revenue,20.118548355548118,20.118548355548118,40.68628492552557,461.39179637754137,207.53424861554916,20.118548355548118,456.62190207577777,607.3606498812193,20.118548355548118,605.5022974726114,516.8314716116822,40.68628492552557,547.9847593735274,207.53424861554916,491.1739281787365,607.3606498812193,461.39179637754137
