index,Unnamed:_1,a,Unnamed:_3,Unnamed:_4,Unnamed:_5,Unnamed:_6,Unnamed:_7,Unnamed:_8,Unnamed:_9,Unnamed:_10,Unnamed:_11,Unnamed:_12,Unnamed:_13,Unnamed:_14,Unnamed:_15
Total_attendance,2497753.3690926638,2367773.533993884,2497753.3690926638,2497753.3690926638,2497753.3690926638,2497753.3690926638,2497753.3690926638,2497753.3690926638,2497753.3690926638,2497753.3690926638,2497753.3690926638,2497753.3690926638,2497753.3690926638,2497753.3690926638,2497753.3690926638
Average_attendance,57500.59366974421,45459.69507604279,57500.59366974421,57500.59366974421,57500.59366974421,57500.59366974421,57500.59366974421,57500.59366974421,57500.59366974421,57500.59366974421,57500.59366974421,57500.59366974421,57500.59366974421,57500.59366974421,57500.59366974421
