index,to_of,to_,the,2_>_Dot,the_X_Apr,for_I_pot,is_>,-6__port,>>,4_4_to__cap_the_to_>po_doce,o_to__to
Main_bingo_stage,600.214722656758,710.4222008585381,678.8503472242336,659.0541540849987,637.1264339155678,610.8350819007925,622.4326743809323,603.9809325340507,609.9001618563535,594.0455600574888,621.6881636989924
Mechanised_cash_bingo,0.0,570.9859200336089,501.2214995677591,557.3737075062006,545.4202308604379,519.1279553434636,413.5533518554293,486.6341106955072,454.6345076335432,384.615410447614,375.959256426253
Prize_bingo,0.0,49.61091593032063,25.97786499556429,0.0,0.0,0.0,0.0,0.0,0.0,0.0,0.0
