index,Commuting,Business,Other_private,All_diesel_cars
0-3_years,5425.9108006045135,2280.889968911839,5323.070115239949,13107.073025301786
3-6_years,4112.79789695531,1402.07829416375,5765.908025545543,11295.005268861963
6-13_years,3511.681123223869,677.5163972234404,5067.905692995977,9309.312572892171
Over_13_years,2484.9618054383645,479.7941956266568,4308.70956007815,7360.021900465384
All_vehicle_ages,4107.423282744758,1304.2897161564688,5242.537903930457,10786.915221948466
