index,YouTube,Facebook,Instagram,Snapchat,Twitter,Twitch,TikTok
Male,93.88343549561044,68.9274297432987,67.9417692364774,52.23757458290605,49.33990910106832,42.23603400374486,20.44159868450184
Female,90.73630093544102,76.81510798711736,77.94670521129977,63.19541420256186,41.49972286579283,11.61466911590412,22.62296627396749
