index,Wisconsin,Pennsylvania,Michigan,Georgia,Arizona,Ohio,Iowa,Florida,North_Carolina,Indiana,Virginia,New_Mexico,Nevada,Colorado,New_Hampshire,Louisiana,Kentucky,Missouri,West_Virginia,Tennessee,Arkansas,Montana,Vermont,New_Jersey,Maryland,Maine,Illinois,Delaware,Connecticut,California,Washington,Rhode_Island,Oregon,New_York,Massachusetts,Hawaii,Texas,South_Carolina,Mississippi,Alabama,Minnesota,Wyoming,Utah,South_Dakota,Oklahoma,North_Dakota,Nebraska,Kansas,Idaho,Alaska,District_of_Columbia
Democrat,0.0,0.0,0.0,0.0,0.987545114667471,0.9817567307314068,0.0,5.01289875875249,8.033272477020613,2.9915823856931194,2.9961532677606737,4.009256189847109,4.012835962905172,4.01464300816899,4.010055223467166,5.007511940430609,8.036670418710006,8.036081387515734,6.0277190909210105,6.023253722267388,6.023641970654568,8.035606577153047,8.034409051125039,8.037384426957672,8.045605253625563,8.038903615237857,8.039718527090107,8.03745306189683,8.040075019012901,8.03602811860773,9.08783807317345,9.086355251166998,9.087696193485783,9.087348408980644,9.08728540825291,9.088054222011696,9.085541363716825,9.083189848749084,9.08799787989746,9.089455091851988,12.078104614398669,8.033976753448545,9.084102078798647,8.029876584135373,8.037432573855291,8.030928645068446,9.087265944613447,14.1022370687677,14.111528907807092,0.0,15.126597145278245
Republican,0.0,0.0,2.991927609193066,1.990647311477236,1.9965284038012692,1.9926802373990335,1.9972070701772804,1.998758014921849,1.9921132308494176,2.994154147107416,2.992513054980069,2.988454886152052,2.9891140888885985,2.9966931276552504,6.021255626016208,6.033315399467638,6.035067639220339,6.022755862857967,6.023669629510646,6.022617568577573,6.031423841032467,6.023070866496644,7.014191144412829,7.021430081689919,0.0,0.0,0.0,0.0,12.078396056789574,12.078962038937114,9.085226360078147,14.10093198052161,14.096158779043844,9.088168442843282,12.077491509755584,9.088635057989354,9.086037174322092,11.106954542772474,11.10801275011801,11.110712049590894,11.10470546801243,12.078346885489877,12.078978429370345,14.101833454349364,14.104148603043374,14.102872710256475,14.104187018121262,14.101517426308613,14.10218328765866,14.095464746636685,14.091272381136577
