index,2002_Salt_City_Lake,2006_Torino,2010_Vancouver,2014_Sochi
National_sponsoring,594.452964819409,356.189156789038,445.614154261628,345.3900519227291
Entrance_fees_other_and_spectator_revenue,180.6933937487981,90.63429540751258,203.3552524364392,127.97082300443844
Licensing,32.5397744178905,13.251027467924246,42.43829212777951,34.118727996782695
Other_revenue,0.0,339.49823655346097,211.8035311027704,512.4552361398269
