index,Unnamed:_1,Unnamed:_2,Unnamed:_3,to,Unnamed:_5,Unnamed:_6,Unnamed:_7,Unnamed:_8,Unnamed:_9,Unnamed:_10,Unnamed:_11,Unnamed:_12,Unnamed:_13,Unnamed:_14,Unnamed:_15
Total_attendance,2899649.1167978724,2899649.1167978724,2899649.1167978724,2875774.7613849565,2899649.1167978724,2899649.1167978724,2899649.1167978724,2899649.1167978724,2899649.1167978724,2899649.1167978724,2899649.1167978724,2899649.1167978724,2899649.1167978724,2899649.1167978724,2899649.1167978724
Average_attendance,74104.9961333368,74104.9961333368,74104.9961333368,57794.75593445683,74104.9961333368,74104.9961333368,74104.9961333368,74104.9961333368,74104.9961333368,74104.9961333368,74104.9961333368,74104.9961333368,74104.9961333368,74104.9961333368,74104.9961333368
