index,Superstores_and_hypermarkets,Convenience,Small,Discounters,Online,Other_retailersst
2014,41.861745815033466,21.176226178330527,20.240049716345805,5.989253198161549,4.284942478164027,5.253766484807201
2019,34.64408815457915,23.86046231186978,17.435947520839015,10.393366855650072,8.208460017085514,4.451881466393409
