index,Racism,Anti-_Muslim_Racism,Anti-_Semitism,Total
2016,599.7666566595012,180.2697690602838,326.2880983605978,1110.5261053032218
2017,510.5856721965439,118.09493675965632,304.11136710169035,938.4817774140678
2018,486.5845262922064,94.5644495693948,532.2357009869822,1121.3449984145875
