index,Other,Acute_Therapies,Advanced_Surgery,Clinical_Nutrition,Pharmaceuticals,Medication_Delivery,Renal_Care
2017,15131.4097534498,3585.85980104953,6118.547316909899,6109.784169875158,35437.46173721871,35443.70488268418,35439.98260685605
2078,6121.821669620647,3588.9344981071845,6121.29735651426,6085.48781302966,35461.35010207746,15127.969599740176,6083.026840088256
2019,3597.438092792901,3592.7956648244217,3582.5594062970704,0.0,35446.349017985594,35440.552059501395,0.0
