index,Unnamed:_1,Unnamed:_2,Unnamed:_3,Unnamed:_4,C,Unnamed:_6,Unnamed:_7,Unnamed:_8,Unnamed:_9,Unnamed:_10,Unnamed:_11,Unnamed:_12,Unnamed:_13
Exports,289.0736852523114,289.0736852523114,289.0736852523114,289.0736852523114,338.4150473942427,289.0736852523114,289.0736852523114,289.0736852523114,289.0736852523114,289.0736852523114,289.0736852523114,289.0736852523114,289.0736852523114
Imports,908.4559954655688,908.4559954655688,908.4559954655688,908.4559954655688,681.2968745928556,908.4559954655688,908.4559954655688,908.4559954655688,908.4559954655688,908.4559954655688,908.4559954655688,908.4559954655688,908.4559954655688
