index,Healthy,Overweight,Very_overweight
Men,38.47854575200242,37.55791767166202,17.725555902901085
Women,45.449382193109386,22.713298405466038,18.592686565364534
