index,Veterans,Non-Veterans
Male,44748.7438675675,40097.78825368801
Female,36954.25427135197,26647.1680037363
