index,Unnamed:_1,a,Unnamed:_3,Unnamed:_4,Unnamed:_5,Unnamed:_6,Unnamed:_7,Unnamed:_8,Unnamed:_9,Unnamed:_10,Unnamed:_11,Unnamed:_12,Unnamed:_13,Unnamed:_14,Unnamed:_15
Total_attendance,446236.312305863,521842.4345775712,446236.312305863,446236.312305863,446236.312305863,446236.312305863,446236.312305863,446236.312305863,446236.312305863,446236.312305863,446236.312305863,446236.312305863,446236.312305863,446236.312305863,446236.312305863
Average_attendance,14757.375045461347,11545.473830126342,14757.375045461347,14757.375045461347,14757.375045461347,14757.375045461347,14757.375045461347,14757.375045461347,14757.375045461347,14757.375045461347,14757.375045461347,14757.375045461347,14757.375045461347,14757.375045461347,14757.375045461347
