index,DS,Seat,Mini,Skoda,Hyundai,KIA,Opel,BMW,Audi,Mercedes,Fiat,Nissan,Ford,Toyota,Dacia,Volkswagen,Citroen,Peugeot,Renault
2016,0.0,0.0,0.0,497731.0922868697,497786.3767293453,497766.21762038814,497842.975341582,497760.3612716468,497829.1063849767,497684.4456398144,0.0,0.0,0.0,0.0,0.0,0.0,0.0,555119.7246929181,0.0
2017,0.0,0.0,0.0,0.0,0.0,0.0,0.0,0.0,497866.8090222985,497849.1379046367,0.0,0.0,0.0,0.0,0.0,0.0,555281.3037788888,0.0,0.0
2018,0.0,0.0,0.0,497810.3762761481,497836.6086356519,497830.9053940672,497850.23517259257,497815.58191947377,497841.95462720445,497796.5328374023,497889.91544402094,497914.9994998499,497981.16730937647,0.0,0.0,0.0,555368.6386528204,0.0,0.0
