Unnamed:_0,index,Cannabis_(resin),(herbal)_Cannabis,MDMA,Cocaine,Amphetamine,Heroin
0,Maximum_price,34.32997480400519,64.28833832697433,39.09516266104384,350.6155000534581,156.08204100041604,199.7153848042498
