index,Canada,Germany,U.S,South_Korea,Italy,France,Spain,Japan,U.K
Government_debt,0.0,0.0,0.0,0.0,0.0,0.0,608.9878014467427,0.0,0.0
Total_debt,198.62511251881853,198.64126870783,198.5655462052993,198.597508275668,198.52839958164856,198.62053049470163,198.6646972837425,198.58947922423383,348.8779926082282
