index,Streaming,Physical,Digital_downloads,Synchronization
2017,64.36109215911922,16.899244371258405,14.729143831653886,2.7354524225205523
2018,74.45180066722412,11.734717712218128,10.88232152495992,2.7543211966487178
2019,78.41539232333182,9.694090341437942,7.865305771152279,1.920620508164177
