index,a_days,5_days_up_to,sup_to_10_days,than_10_days_more
Female,25.718776955383102,56.35133922115028,9.858323957461486,6.756670265951968
Male,26.53423968218796,48.37316041498559,11.722192420320198,10.715359343754969
