index,Theatrical,Home_Entertainment,Licensing,Other
2018,2235.3587582268106,1853.1314627872043,4497.900246572744,300.5134696963287
2019,1637.713656513135,1870.0190826343603,5150.836043919094,311.44485212686686
