index,Most_YouTube_subscribed_channels,YouTube_Most_viewed_channels_(last_90_days),YouTube_Most_subscribers_aained_(last_90_days),YouTube_Most_views_gained_(last_90_days)
Music_artist/label_channels,14.768921264832445,34.83377691333793,30.8921435382794,38.73960664051522
Native_YouTuber_channels,33.881485751203655,44.80168184117576,52.47931018464104,41.545762267952384
Other_channels_(e.g._TV),50.23183219801062,18.543170797056348,15.442291037501334,18.503628160630527
