index,Lithuania,Poland,Hungary,Estonia,United_Kingdom,Italy,Portugal,Czechia,Germany,Switzerland,Slovenia,Finland,Denmark,Sweden,France,Norway,Netherlands,Ireland,Spain,Belgium,Austria
2018,0.0,1.0899766708509129,0.0,0.0,15.907071235954296,15.912663295584888,0.0,3.9705260139467367,4.586742902288252,4.586188856144245,0.0,0.0,7.377971125314241,7.374270858357045,7.375610719566373,7.37297286781051,0.0,0.0,7.973508558532649,10.0614225705711,13.272365700906438
2019,4.585334948384892,4.588162698399271,1.0935813542748676,1.0925747666239207,4.588008749699714,15.912607045098513,15.91446373408492,15.912511884501257,4.588192726854405,15.916055242206983,3.982676541940025,4.796530148568955,7.928800418199105,6.0619123304449625,5.979929572699312,6.071768853640464,6.0697349544751695,6.063991906696938,7.93519055803866,7.967633554726226,10.060961993280394
