index,Unnamed:_1,Unnamed:_2,<ty,Unnamed:_4,Unnamed:_5,Unnamed:_6,Unnamed:_7,Unnamed:_8,Unnamed:_9
Never,25.45348167553678,25.45348167553678,23.974533359301876,25.45348167553678,25.45348167553678,25.45348167553678,25.45348167553678,25.45348167553678,25.45348167553678
Monthly,22.38813716734477,22.38813716734477,29.04557373207443,22.38813716734477,22.38813716734477,22.38813716734477,22.38813716734477,22.38813716734477,22.38813716734477
Weekly,17.87739722921313,17.87739722921313,24.411887368203335,17.87739722921313,17.87739722921313,17.87739722921313,17.87739722921313,17.87739722921313,17.87739722921313
Daily,30.067993089153944,30.067993089153944,21.96545599289938,30.067993089153944,30.067993089153944,30.067993089153944,30.067993089153944,30.067993089153944,30.067993089153944
