index,Asda_Petrol_Fueling_Station,Asda_Supercentre,Asda_Living,Asda_Supermarket,Asda_Superstore,Retail_units_(total)
Jan_2017,0.0,0.0,0.0,204.32032525703173,337.23269377060257,626.6725588266639
Jan_2019,206.36236906481247,337.80600542993375,33.190235102492124,33.25762948970953,206.2906668267309,337.9027381190085
