index,Computer_software_small_accessories,Backpack/_book_bag_flunch_box,Shoes,Clothes,"School_supplies:_paper,_pencils,_books_etc."
2013,8.780484469041468,60.14314114028589,81.94095749773325,90.7640415810853,90.8586457103918
2014,72.87036120772119,72.86814876316305,84.67256222802015,90.8924438179874,8.962596814562545
