index,Healthcare,Life_Science,Performance_Materials
2014,6654.118978853181,2689.3520192444284,2059.7521128364824
2015,6965.928336003585,3366.4940352805,2543.505445429202
2016,6873.358458628438,5688.5106952375545,2527.3511398145592
2017,7016.1602495763545,5906.518623008007,2443.254679360819
2018,6268.607445424871,6198.458375933646,2405.7721489637897
2019,6722.652027994493,6888.260201024785,2574.9551772298164
