index,Kidney,Liver,Lung,Heart,Pancreas,Small_bowel,16_20_all_bowell
2017,7153.423294052365,1949.732732723833,676.55974683758,468.4781461383318,158.3610190786003,0.0,0.0
2018,7186.660778815041,1811.964299922056,633.4987904750851,464.31348660745607,197.15427090759115,0.0,0.0
2019,7313.193202768629,1784.157651558795,426.8114889706503,702.8070416212904,188.77662100389895,0.0,0.0
