index,Unnamed:_1,Unnamed:_2,Unnamed:_3,Unnamed:_4,Unnamed:_5,Unnamed:_6,Unnamed:_7,Unnamed:_8,Unnamed:_9
Q2_2019,6.209059962498287,6.209059962498287,6.209059962498287,6.209059962498287,6.209059962498287,6.209059962498287,6.209059962498287,6.209059962498287,6.209059962498287
Q3_2019,0.6007226724394599,0.6007226724394599,0.6007226724394599,0.6007226724394599,0.6007226724394599,0.6007226724394599,0.6007226724394599,0.6007226724394599,0.6007226724394599
