Unnamed:_0,index,Other,African_American,Hispanic,White
0,Basketball,74.9891896302693,33.89642027376419,75.05619464705187,9.11319308444746
1,Baseball,14.966608326008624,0.0,33.88990192601274,0.0
2,Soccer,11.082206356304646,0.0,0.0,0.0
3,don't_have_favorite_sport,0.0,5.906284856615628,24.351210761409845,42.92582897705953
4,Football,0.0,2.8198006137334417,22.13958580702864,0.0
5,Don_No_opinion_'t_know_:,0.0,0.0,0.0,2.144289040694531
