Unnamed:_0,index,Jan,Jun,Apr,Sep,Jul,Nov,Aug,Dec,Feb,Oct,May,Mar
0,2017,242.74654680937317,331.8802362310522,359.09704395638886,302.3370924866544,275.8047913868974,263.6042402524959,236.84663715003103,209.5407589241801,254.63460504569176,334.8434394290693,361.86555423660434,370.4225990279936
1,2014,242.74654680937317,281.4412943211604,326.3832569558633,286.8990069362556,265.86878852442965,263.6042402524959,223.7701444544899,209.5407589241801,254.63460504569176,334.8434394290693,305.12515066031955,311.72755419684785
2,2015,210.5742911368245,316.6966947827117,359.09704395638886,286.8990069362556,287.9927890372771,295.9908164771199,245.28998291780675,209.5407589241801,237.0680660269972,346.6370503550204,368.18000226577857,311.72755419684785
3,2016,210.5742911368245,316.6966947827117,370.2740646557968,302.3370924866544,257.58811403780817,270.0724969398035,231.230149162616,203.5731151305423,237.0680660269972,346.6370503550204,355.30084532678046,326.9664699517494
4,2013,221.8466362956651,281.4412943211604,326.3832569558633,260.6973910340215,244.76811339874249,233.6978542712517,207.59836358159103,209.5407589241801,225.8390998764644,334.8434394290693,298.8569637006668,261.5040036443835
