index,85_years_and_over,75_to_84_years,65_to_74_years,55_to_64_years,45_to_54_years,35_44_to_years,30_to_34_years,25_to_29_years,20_to_24_years,18_and_19_years,15_to_17_years,10_to_14_years,5_9_years_to,Under_5_years
Male,8883.297531306016,8913.662380884067,26657.465222439525,26633.1047622908,26595.740386856465,26656.321415028277,44641.24461388224,26637.221989387508,26626.433751351367,26634.109490394192,26680.48284789161,49480.44918315548,49468.812081757525,49482.01262640943
Female,4320.093450576795,4323.359416392574,0.0,0.0,0.0,0.0,0.0,0.0,22550.410098567496,0.0,0.0,26657.36211191819,0.0,44731.52866596017
