index,"Bar,_hotel,_foodservice",Hotel_Restaurant,Open-air_hotel_Catering,Catering,Cafe
March,17.989480717310954,26.01265308513314,18.000506825066726,15.065397035417924,14.049070564896944
April,18.96090586993014,31.09444331155364,26.969218051617844,18.961948338299777,14.063123840418392
May,20.01748264562685,34.07710068496562,34.08046364783113,18.918891387513497,15.007309495013663
September,22.031651820576407,39.136648244922426,38.16545363819268,21.082509429358204,16.032672362027213
