index,Other,Thailand,Taiwan,Philippines,Singapore,Indonesia,Malaysia,Japan,New_Zealand,South_Korea,China,Australia
2012,57.876282173428365,393.7633188166861,393.938494337403,393.918887198195,393.8823309298479,393.9037906215279,393.9196926557916,81.36825843498207,81.41416951798652,138.57529739795768,0.0,355.3329117338142
2013,84.15445132688785,84.1013141385884,84.09660796491704,393.9177020248744,394.0149552763916,393.9714375531027,393.97708726281576,81.22341414604466,393.9403008637267,84.14187468184423,84.10866681579137,81.48338133860608
