index,North_America,Australia,Singapore,United_Kingdom,Eastern_Europe,South_America,Indian_Indonesia,Indonesia
ios,445.1020751025112,326.2675678580373,186.6044351178673,206.5957657223348,103.86111237543103,126.55952488471588,88.95194443008012,31.16515675091648
Android,498.73095586639033,326.3816950407864,175.44627965449197,206.6256200893581,103.9996892553113,100.64101577291422,76.18571379889909,34.29122925499189
X-platform,371.3832356576671,278.67084202040286,181.12124023352555,146.82978220943755,110.579660377979,91.11100996551544,69.02158078968716,34.015676878903264
Windows,445.0921522429737,268.2709989178745,124.30403317533172,201.553122924546,126.81317261986608,85.8197523526876,60.99001256085319,40.27828807319474
