index,The_Hunger_Games:_Mockingjay,The_Hunger_Games:_Mockingjay_Part,The_Hunger_Games:_Catching_Fire,The_Hunger_Games
North_America,515.7982478828371,627.8587141068222,526.7115920911449,527.0031421335266
Worldwide,159.95841218543455,202.46389875518253,1641.403179009421,2156.61512577497
