index,Android_owners,iPhone_owners,BlackBerry_owners
Under_$50,60.34783636327825,33.41998773282185,47.267495778476174
$50,19.08907186397026,32.98917730843908,31.138497883759197
$100,8.05000969556481,19.523388781607338,15.623402624488136
$200_and_up,6.240481632383563,8.766127719023359,0.0
