Unnamed:_0,index,Subject,MATE,From:,the,Maros,sport,May,From,spook,State,Mark,spig,FIS,Sposting
0,Female_self-employed_jobs,-334.87464741210226,-334.8510204820017,-334.7669463062307,-342.4089455865404,-324.3319207847147,-343.4028921673529,-319.0775877083869,-344.3178803749232,307.6947195325772,307.6947195325772,307.6947195325772,-344.7666574204519,-328.695363775911,307.6947195325772
1,Female_employee_jjbbs,-334.87464741210226,-317.3287236886058,113.70345398007474,-282.6458711911601,-324.3319207847147,-343.4028921673529,-343.5590587708667,87.38894375225605,307.6947195325772,307.6947195325772,307.6947195325772,-344.7666574204519,157.92044590501604,123.83557014132684
2,Male_employee_jobs,-289.0278348459635,-317.3287236886058,113.70345398007474,-282.6458711911601,-324.3319207847147,-328.6885651436029,-343.5590587708667,307.6947195325772,307.6947195325772,307.6947195325772,-159.66561330871536,114.35215120337756,157.92044590501604,123.83557014132684
3,Total_self-employed_jobs,-289.0278348459635,-317.3287236886058,-290.33997088143536,-282.6458711911601,-324.3319207847147,-307.6664536017185,-264.5217944687068,-298.11848131343737,307.6947195325772,307.6947195325772,307.6947195325772,-344.7666574204519,-237.85210618768093,-254.3383183425921
4,Total_employee_jobs,-289.0278348459635,-317.3287236886058,113.70345398007474,177.92907321235097,-324.3319207847147,-297.6187481821932,157.92044590501604,87.38894375225605,307.6947195325772,307.6947195325772,51.70103799745502,114.35215120337756,-300.65571742819856,123.83557014132684
5,Male_self_employed_jobs,-334.87464741210226,-334.8510204820017,-328.6885651436029,-326.2526353815522,-324.3319207847147,-343.4028921673529,-333.7787213466677,307.6947195325772,307.6947195325772,307.6947195325772,307.6947195325772,-344.7666574204519,-300.65571742819856,113.70345398007474
