index,Nov_19,Dec_19,Jan_20,Feb_20,Mar_20,Apr_20,May_20,Jun_20,Jul_20,Aug_20,Sep_20,Oct_20,20_Nov
2019/2020,177.9462483931615,178.08923021835523,133.44120927390765,371.27162600106055,148.49526992360234,50.36536840899191,118.5818743019052,267.4754448858323,148.30681250357628,267.55291727306485,148.45245731405294,223.48430047268675,58.35420135091192
Long_term_average,196.52016105188736,207.3822322071273,180.3505553826512,145.77500997253844,169.8463894494435,172.47905766919956,211.15338808886287,253.10630405091956,231.60087477018095,229.09451399084668,180.46174526046656,165.8970593677745,196.700793392082
