index,go,o,a,Unnamed:_4,o.1,Unnamed:_6,do,a.1,Unnamed:_9,Unnamed:_10,Unnamed:_11,Unnamed:_12,Unnamed:_13,Unnamed:_14,Unnamed:_15,the,Unnamed:_17,Unnamed:_18,the.1
Total_worldwide_box_office_revenue,22.46449294038157,7.134439671085168,5.776984668751698,5.351544269763103,7.134439671085168,5.351544269763103,9.20841372777108,5.776984668751698,5.351544269763103,5.351544269763103,5.351544269763103,5.351544269763103,5.351544269763103,5.351544269763103,5.351544269763103,3.497824125993468,5.351544269763103,5.351544269763103,3.497824125993468
Average_of_series_revenue,0.9219776335128138,0.8052736429302811,0.7816951442920548,0.9211722379721792,0.8052736429302811,0.9211722379721792,0.6398279849264767,0.7816951442920548,0.9211722379721792,0.9211722379721792,0.9211722379721792,0.9211722379721792,0.9211722379721792,0.9211722379721792,0.9211722379721792,0.9018427449969691,0.9211722379721792,0.9211722379721792,0.9018427449969691
Highest_film_in_series_grossing,2.758945550037268,1.219159881027842,1.905687746842851,0.8402626373090563,1.219159881027842,0.8402626373090563,1.2246757521088298,1.905687746842851,0.8402626373090563,0.8402626373090563,0.8402626373090563,0.8402626373090563,0.8402626373090563,0.8402626373090563,0.8402626373090563,1.0203752011312126,0.8402626373090563,0.8402626373090563,1.0203752011312126
