index,"Apple_Wallet,_Google_Wallet,_Baidu_Wallet,","Gift_card,_paid_card_pre","Visa_Checkout,_Masterpass","PayPal,_Alipay,_WeChat_Pay,_Union_Pay,_etc",Credit_debit_card
Americas,80.79733209418029,41.36935262405797,66.3499512607567,80.81457076274295,80.83568760765434
Asia_Pacific,19.967486208016997,40.86194041583833,40.87850127700311,66.39101800382228,0.0
Europe,40.85394648116639,40.87170223990887,40.834730292051134,80.7356516209729,40.8583137968744
India,20.04229657916896,20.05421061642041,80.82944758697073,80.82686213607158,80.82178207444002
