index,"Newspaper,_Software_periodical,_book_publishers_and",Software_publishers,Motion_picture_and_video_industries,Broadcasting_(except_internet),Sound_recording_Internet_publishing_and_industries,Sound_recording_industries
2009,364114.3314183264,555137.9704146856,268591.7760716725,88639.20168230741,21476.16306143452,303124.62038710783
2010,358336.2977694933,506862.6388447154,290719.3904185237,260711.7491783721,88545.58508361212,21292.62299591908
2011,0.0,357803.9714587469,283737.05223124474,260831.47536055677,0.0,20650.70514394762
2012,445020.2008408854,379905.5621088964,287738.5176745616,271684.5593001301,152534.33391441114,20904.07116793957
2013,429186.9285676903,416935.2212322875,305516.6533139551,274676.51143971755,157979.04093981616,21294.51250525052
2014,425788.603091656,415256.5210214624,372989.87206894567,263504.1004231266,193007.53790760995,26219.5185777148
2015,382463.0988758225,256700.32086767128,392159.0301234489,335829.8368016834,192372.06156472303,26272.59661257139
2016,369020.78594462713,541706.6939357219,384581.8829873035,263313.7753013754,217286.4445151221,21346.64578544139
2017,362045.9199078864,636126.7205874657,335818.6715192702,257563.0536510608,0.0,20913.175167445675
