index,Stepping_on_crack_is_bad_luck_a,13_is_unlucky_number_an,a_black_your_path_is_bad_cat_crossing_luck,prevents_bad_luck,Throwing_spilled_salt_the_left_fover,Breaking_mirror_brings_seven_years_bad_a_lluck,Friday_the_13th_is_an_unlucky_day,Opening_umbrella_indoors_bad_luck_an_is,It's_unlucky_to_walk_under_ladder_a,Knocking_wood_bad_luck_on_prevents,Seven_is_lucky_number_a,before_the_wedding,It's_bad_luck_for_the_groom_to_see_the_bride_before_the_wedding,Finding_and_picking_penny_is_good_up_a_luck
Men,6.958562840345792,3.103449463777249,13.055652292648222,13.067399585853892,15.137961013142188,14.014154376532224,15.139342126526271,15.138743957237471,20.15685815182601,24.16820645672073,24.17836280752478,20.162708310105995,20.15941994490579,52.15633138703871
Women,7.058034321763714,13.100408508911162,7.033130435980851,14.011545606806727,13.085598338404726,14.018388538199533,15.139201196589116,15.139254436787605,20.186929468637764,24.201315596622194,24.18604505498773,13.08425480633721,13.048063998476705,24.18672778223882
