index,Canary_Islands,Balearic_Islands,Region_of_Valencia,Murcia,Aragon,Castile-La_Mancha,Galicia,Extremadura,Asturias,Catalonia,Castile_and_Leon,Navarra,Community_of_Madrid,La_Rioja,Andalusia,Basque_Country,Cantabria
Olive_oil,5.499476381663437,5.497372065867251,5.502092504856265,5.097480017858141,5.1349104612644485,5.134438023667549,8.068278256295823,8.067048737449891,10.043607171287764,8.070426666267721,8.072154606778376,8.07549670907844,8.071338470829733,8.069281398793237,7.7642745051413025,15.793882956734953,15.794342402297938
Virgin_olive_oil,0.0,5.4751852152228855,0.0,0.0,0.0,0.0,0.0,10.04454023554164,0.0,0.0,0.0,0.0,0.0,7.777010241659705,7.775164979145818,0.0,0.0
Extra_virgin_olive_oil,0.0,0.0,0.0,0.0,0.0,0.0,10.043952838129494,10.046929588687956,0.0,0.0,0.0,0.0,0.0,7.768077627796339,7.774343725123209,7.77170004307056,0.0
