index,All_prescriptions,Non-_controlled_substances,Controlled_substances
2017,65.52492243938322,75.32507561825491,16.828094595415138
2018,72.38628325696604,82.21214168692475,25.84295030299137
2019,79.34807728390142,85.1094529454579,37.74208009069975
