index,Unnamed:_1,a,Unnamed:_3,Unnamed:_4,Unnamed:_5,Unnamed:_6,Unnamed:_7,Unnamed:_8,Unnamed:_9,Unnamed:_10,Unnamed:_11,Unnamed:_12,Unnamed:_13,Unnamed:_14,Unnamed:_15
Total_attendance,685492.8746538959,609699.4274769739,685492.8746538959,685492.8746538959,685492.8746538959,685492.8746538959,685492.8746538959,685492.8746538959,685492.8746538959,685492.8746538959,685492.8746538959,685492.8746538959,685492.8746538959,685492.8746538959,685492.8746538959
Average_attendance,14511.87640311115,15018.380393585772,14511.87640311115,14511.87640311115,14511.87640311115,14511.87640311115,14511.87640311115,14511.87640311115,14511.87640311115,14511.87640311115,14511.87640311115,14511.87640311115,14511.87640311115,14511.87640311115,14511.87640311115
