index,Conservative,Labour,Liberal_Democrats,UKIP,Green,SNP,Plaid_Cymru
Remain,41.78324738370604,62.40054868051149,69.39389735816525,3.946486980149629,74.51280194991146,63.61624275302351,43.646415418303405
Leave,57.06862554817445,36.41878802095179,29.351293650047083,94.77744980252028,24.31511979167287,33.299709585119885,55.14368332751869
