index,Unnamed:_1,Unnamed:_2,Unnamed:_3,Unnamed:_4,Unnamed:_5,Unnamed:_6,Unnamed:_7,Unnamed:_8,Unnamed:_9,Unnamed:_10
Tickets_available,2.575434486710581,2.575434486710581,2.575434486710581,2.575434486710581,2.575434486710581,2.575434486710581,2.575434486710581,2.575434486710581,2.575434486710581,2.575434486710581
Tickets_sold,2.4135936599161187,2.4135936599161187,2.4135936599161187,2.4135936599161187,2.4135936599161187,2.4135936599161187,2.4135936599161187,2.4135936599161187,2.4135936599161187,2.4135936599161187
