index,Kuoni,DER_Touristik,Thomas_Cook,TUI
2012,4.846894793410803,4.678347764935266,0.0,18.382807526357595
2014,4.85293206958883,4.914466545221337,7.530089620271454,4.915841132434675
