index,<id_the_o,Still_the_o,<it_o,Unnamed:_4,Unnamed:_5,Unnamed:_6,to,Unnamed:_8,Unnamed:_9,Unnamed:_10,of,Unnamed:_12,Apr_of,>it_of,of.1,Unnamed:_16
18-24,49.989713944461016,0.0,30.579119737235036,12.629498954911924,12.629498954911924,12.629498954911924,27.42108569722302,12.629498954911924,12.629498954911924,12.629498954911924,9.548096745297071,12.629498954911924,7.512021498954937,14.17042938190508,9.548096745297071,12.629498954911924
25-49,55.763435055240365,0.0,36.84936160047775,15.32109166915501,15.32109166915501,15.32109166915501,26.965766497461917,15.32109166915501,15.32109166915501,15.32109166915501,5.436311734846186,15.32109166915501,0.0,0.0,5.436311734846186,15.32109166915501
50-64,61.38637682890413,0.0,46.96732397730665,14.547626157061814,14.547626157061814,14.547626157061814,29.616501642281264,14.547626157061814,14.547626157061814,14.547626157061814,20.68512869513285,14.547626157061814,17.451456554195317,0.0,20.68512869513285,14.547626157061814
655+,62.51179456554192,0.0,49.33532397730667,38.37458345774857,38.37458345774857,38.37458345774857,6.262043595103023,38.37458345774857,38.37458345774857,38.37458345774857,0.0,38.37458345774857,0.0,0.0,0.0,38.37458345774857
