Unnamed:_0,index,Jan,Jun,Jul,Mar,Apr,Nov,Sep,Dec,May,Feb,Aug,Oct
0,2019,261.27109846790944,281.2720236911741,275.9659255828463,284.5141916011835,274.5238163794813,262.77526040326904,256.41460973932584,297.53469211967695,260.09996778094205,248.0231458655416,266.37539965073506,271.61491443527063
1,2016,246.30731795652295,258.89155523617006,275.9659255828463,284.5141916011835,261.7383826142088,262.77526040326904,242.97498581119632,297.53469211967695,260.09996778094205,227.9507573798496,266.37539965073506,271.61491443527063
2,2017,246.30731795652295,258.89155523617006,261.51795567689294,284.5141916011835,261.7383826142088,262.77526040326904,275.9795118996949,301.8825809798933,268.6090523680461,233.35771847039032,281.63437278118704,277.2224006104836
3,2018,246.30731795652295,281.2720236911741,261.51795567689294,284.5141916011835,274.5238163794813,290.59527199994653,288.0152528104339,307.83792926845547,274.8313998941861,239.9882450247757,278.9858925286311,284.3029404768939
4,2015,249.8730247063269,258.89155523617006,270.6343524481094,237.8658319824573,241.71916035033485,244.1420225899128,256.41460973932584,274.850963317081,260.09996778094205,220.69219254851384,259.325771520891,280.1456476092053
