index,Kidney,Liver,Heart,Lung,Pancreas,Small_bowel
2015,16361.65218285202,3027.883459938592,943.4702570984956,486.82547349896777,0.0,0.0
2016,17539.923337679837,3040.6516007080863,947.9713054752648,500.462876391779,0.0,0.0
2017,18678.48832813644,3167.809630684773,839.3112645050278,479.4663276696083,334.8729930100053,0.0
