index,Focus_research_and_development_on,Expanding_into_markets_knew,Reducing_costs,Developing_Jdigital_channels_e-commerce_(new),Introducing_new_products
Strong_priority,41.94855595406791,43.81520542946559,46.60176962625107,54.7799538232597,63.74284506410153
Somewhat_of_priority_a,17.575121919570485,10.868022710658131,0.0,0.0,27.427743980679665
Not_priority_a,9.971927814853345,89.47774495182107,99.43445684061668,99.46776492427372,99.4822204672802
