index,Paper_and_cardboard,Rigid_plastics,Metal,Flexible_plastics,Glass,Other_packaging_materials
2003,38.71048959879838,17.75257607800915,17.749563459805803,11.798463242447312,6.961286960895464,5.881576055271275
2009,35.73380558073199,19.75949543180732,16.811412189251392,13.842422044774024,6.965326065491382,5.880917194237902
