index,Unnamed:_1,a,Unnamed:_3,6,Unnamed:_5,Unnamed:_6,Unnamed:_7,in,Unnamed:_9,Unnamed:_10,Unnamed:_11,Unnamed:_12,Unnamed:_13,Unnamed:_14,Unnamed:_15
Total_attendance,549501.4113398917,582713.376633948,549501.4113398917,647939.0310338441,549501.4113398917,549501.4113398917,549501.4113398917,358870.10680700134,549501.4113398917,549501.4113398917,549501.4113398917,549501.4113398917,549501.4113398917,549501.4113398917,549501.4113398917
Average_attendance,14846.318045963068,15068.188618752409,14846.318045963068,14858.90822126984,14846.318045963068,14846.318045963068,14846.318045963068,11258.951869990213,14846.318045963068,14846.318045963068,14846.318045963068,14846.318045963068,14846.318045963068,14846.318045963068,14846.318045963068
