index,Unnamed:_1,Unnamed:_2,Unnamed:_3,to,Unnamed:_5,Unnamed:_6,Unnamed:_7,2,Unnamed:_9,Unnamed:_10,Unnamed:_11,Unnamed:_12,Unnamed:_13,Unnamed:_14,Unnamed:_15
Total_attendance,2831.758799369581,2831.758799369581,2831.758799369581,2970.518542454737,2831.758799369581,2831.758799369581,2831.758799369581,2335.6793841606886,2831.758799369581,2831.758799369581,2831.758799369581,2831.758799369581,2831.758799369581,2831.758799369581,2831.758799369581
Average_attendance,73.16134643298892,73.16134643298892,73.16134643298892,57.44899228302347,73.16134643298892,73.16134643298892,73.16134643298892,0.0,73.16134643298892,73.16134643298892,73.16134643298892,73.16134643298892,73.16134643298892,73.16134643298892,73.16134643298892
