Unnamed:_0,index,Unnamed:_2
0,Divorced,3394285.212197855
1,Married,22974276.860754624
2,Single,23101862.805240124
3,Widowed,2818463.9523827285
