index,Superstores_and_hypermarkets,Convenience,Small,Discounters,Online,Other_retailersst
Year_to_April_20014,73.08409250137545,36.99194498019687,35.20468004512001,10.487438441861684,7.345011917212673,9.253284508447294
Year_to_April_2019,70.24237525517592,48.706746791658574,35.54244135214595,21.126618765415103,16.716792241756963,9.255500276105424
