index,Female,Male
0-14,5.570357334750653,5.8164381568327
15-64,17.255488215396205,16.613570679784164
65+,2.282363895776424,1.8334938179547609
