index,Decline_Scenario_1:_--12_or_more,2:_Scenario_Decline_-3_to_6,3:_Growth_+2_Scenario,4:_Growth_6_Scenario_t_or_more
Technology_chain_supply_recovery,2.9718007891627263,8.980063032717252,2.9738735698492533,2.978567214804592
Global_disru_&_initiatives,11.970376004745502,8.972093307425903,8.982596948882355,2.9774679423506125
Impact_broader_technology_industry_&_initiatives_on,11.96320822044636,8.98398501325221,8.979996268994764,2.981742373234516
