Unnamed:_0,index,Thailand,Taiwan,Singapore,Philippines,Malaysia,Indonesia,Hong_Kong,China,United_States,United_Kingdom
0,Very_scared,25.84606849877545,25.85312746619762,0.0,100.15002344252794,100.18339045932794,100.15749301820362,100.18247314301688,40.07421525773676,40.089698974644215,0.0
1,Not_very_scared,0.0,0.0,59.96689798568986,100.1813112090229,100.16105453518271,40.1474986385861,40.13824393624797,98.97737577644271,59.94194989414461,59.9110698237879
2,Somewhat_scared,44.81766372640094,49.946414166858375,59.95571837515616,100.16896092814936,40.17449977139894,100.17980564542664,100.15320347240625,0.0,0.0,0.0
3,Not_all_at_scared,0.0,0.0,0.0,0.0,0.0,0.0,0.0,0.0,38.96767260835252,30.745693709539797
