index,Wyoming,Wisconsin,West_Virginia,Washington,Virginia,Vermont,Utah,Texas,Tennessee,South_Dakota,South_Carolina,Rhode_Island,Pennsylvania,Oregon,Oklahoma,Ohio,North_Dakota,North_Carolina,New_York,New_Mexico,New_Jersey,New_Hampshire,Nevada,Nebraska,Montana,Missouri,Mississippi,Minnesota,Michigan,Massachusetts,Maryland,Maine,Louisiana,Kentucky,Kansas,Iowa,Indiana,Illinois,Idaho,Hawaii,Georgia,Florida,District_of_Columbia,Delaware,Connecticut,Colorado,California,Arkansas,Arizona,Alaska,Alabama
Hillary_Clinton,22.468284699189557,50.05140107536857,22.47326638081732,50.027893200456354,50.06202404459538,50.054235272715445,50.0464465008355,50.05250945435225,50.07454149855248,50.060704832652846,50.038103539463705,50.07592396038268,50.05018125610663,50.05099446894792,50.07095733825196,50.076496221271,50.06607504930479,50.047196463789135,50.05496716427261,50.05240403787282,50.051145063918526,50.06788821275093,50.05254258524579,50.06334024463851,50.04597363262778,50.04628084636782,50.055144866337926,50.07349636945645,50.06003317908392,50.072619906727496,50.04800967663043,50.06835806905925,50.06707801180906,50.01699313648362,50.07070433870133,50.03401639196136,50.03665782774585,50.05414491573308,50.05254860904461,50.03825714633373,50.06306314989259,50.06073495164696,50.05831037262015,95.33090534082052,95.3237942463083,95.33223961226012,93.78187041363016,93.82360630378498,94.20478325769449,94.24516379311382,50.06249992470251
Donald_Trump,0.0,0.0,0.0,0.0,0.0,0.0,0.0,0.0,0.0,0.0,0.0,0.0,0.0,0.0,0.0,0.0,0.0,0.0,0.0,0.0,0.0,0.0,0.0,0.0,0.0,0.0,0.0,0.0,0.0,0.0,0.0,0.0,0.0,0.0,0.0,0.0,0.0,0.0,0.0,0.0,0.0,0.0,0.0,0.0,0.0,0.0,94.08652403917397,94.20616270762528,94.217800686954,94.24791365727717,94.23553776259244
