index,Zandalari_Troll,Mag_'har_Orc,Highmountain_Tauran,Nightborne,Pandaren_(Horde),Goblin,Troll,Undead,Tauren,Orc,Blood_Elf,Kul_Tiran,Dark_Iron_Dwarf,Lightforged_Draenei,Void_Elf,Pandaren_(Alliance),Dwarf,Gnome,Worgen,Draenei,Night_Elf,Human
US_realms,62.19109242820495,62.17848771037223,62.1715135829911,62.1829364343132,62.18755240351509,62.20007907355937,62.18159010996264,62.18332109841335,62.18139777791256,86.62188154486454,62.189130083809935,99.13327094713443,99.15039128701248,99.14152171334072,99.13768064718116,99.13453364885451,11.394614747196528,19.13783618527385,24.516990111568205,24.58273422364303,111.67113248678984,111.65930824684152
EU_realms,0.0,0.0,0.0,62.18645694705595,62.1753964604659,62.19079974899831,62.18668272815821,62.18004309129896,0.0,37.65987253235192,24.570098844179142,19.142273759530752,24.58409169767765,11.385081767323044,19.158181571267008,11.399587506288428,19.157576700906603,19.154262457319007,24.59261005630144,24.596741014246614,111.69201305761798,111.67124398363048
