index,Pedigree,Crossbreed,Designer_crossbreed,Not_sure
2011,62.23389051034485,31.918798430062004,3.977320991652988,1.8184202702526733
2013,63.89528938101293,30.92793113183024,1.8351940477746356,2.782636472211081
