index,Unnamed:_1,Unnamed:_2,the,the.1,Unnamed:_5,,Unnamed:_7,Unnamed:_8,Unnamed:_9,Unnamed:_10,Unnamed:_11,Unnamed:_12,Unnamed:_13,rus_Sto,Unnamed:_15,Unnamed:_16,Q0,with,Unnamed:_19
Reading,1449.020944120195,1449.020944120195,1451.5994464501637,1451.5994464501637,1449.020944120195,1496.7628548385446,1449.020944120195,1449.020944120195,1449.020944120195,1449.020944120195,1449.020944120195,1449.020944120195,1449.020944120195,1408.8600988459466,1449.020944120195,1449.020944120195,1255.2169486838302,1254.676403273511,1449.020944120195
Mathematics,1285.4401519704809,1285.4401519704809,1508.1324385497514,1508.1324385497514,1285.4401519704809,1487.6521466059876,1285.4401519704809,1285.4401519704809,1285.4401519704809,1285.4401519704809,1285.4401519704809,1285.4401519704809,1285.4401519704809,1398.577985062705,1285.4401519704809,1285.4401519704809,1334.729835571794,1269.0015281319477,1285.4401519704809
Science,1443.9905143793192,1443.9905143793192,1463.1046701276869,1463.1046701276869,1443.9905143793192,1464.7793536722031,1443.9905143793192,1443.9905143793192,1443.9905143793192,1443.9905143793192,1443.9905143793192,1443.9905143793192,1443.9905143793192,1409.441604840153,1443.9905143793192,1443.9905143793192,1326.2167489730057,1250.069680556128,1443.9905143793192
