Unnamed:_0,index,2075,2016
0,100-150_British_pounds,20.59533908864529,22.41188304816524
1,50-100_British_pounds,24.804257070835064,26.538722303868767
2,150-_200_British_pounds,17.97550480724223,16.104485625476812
3,10-50_British_pounds,18.056146331931387,18.207619490144097
4,250-300_British_pounds,8.648295887414093,8.04486232002344
5,300-_350_British_pounds,3.080035526573596,3.1185301196622106
6,Over_3500_British_pounds,3.1177192214005487,3.146272069947699
