Unnamed:_0,index,Unnamed:_2,State,The
0,Crime,2.7662980555607675,129.37176811010428,129.37176811010428
1,EU/Brexit,8.87561835807334,129.37176811010428,129.37176811010428
2,Immigration,2.7662980555607675,129.37176811010428,129.37176811010428
3,NHS,8.87561835807334,129.37176811010428,129.37176811010428
4,Pandemics)_Disease,80.46144489409045,129.37176811010428,129.37176811010428
5,Economy,5.350697140945528,129.37176811010428,129.37176811010428
6,Defence,2.7662980555607675,129.37176811010428,129.37176811010428
