index,Firearms,Poisoning,Suffocation,Other
Female,41.72483511375116,31.67651898819137,20.045622191251688,6.044504530314853
Male,69.48603227241358,8.278980526992399,16.666829099565796,5.096916355454425
