Unnamed:_0,index,Unnamed:_2,the,I
0,Latin_America_Caribbean_and,-20284.53190019493,16719.86789218735,16719.86789218735
1,World,-20284.53190019493,16719.86789218735,16719.86789218735
2,Europe,-28333.87218243743,16719.86789218735,16719.86789218735
3,Oceania,-22113.338095162864,16719.86789218735,16719.86789218735
4,North_America,-26934.41742482254,16719.86789218735,16719.86789218735
5,Asia,-22113.338095162864,16719.86789218735,16719.86789218735
6,Africa,-5250.225907205426,16719.86789218735,16719.86789218735
