index,18-29_years,30-44_years,45-64_years,65+_years
Very_closely,4.111586227184588,14.913367539183112,10.774928164125171,6.053378837793261
Somewhat_closely,15.514201023964333,18.893092956627896,12.915463703200672,10.570349577037277
Not_very_closely,24.088481806108987,14.09556609051505,18.280120846004092,23.489460566876105
Not_closely_at_all,56.49423606185137,51.31675311020943,56.42642502480868,58.29899327480236
