Unnamed:_0,index,2019,2018
0,Oil,5.268820162703882,7.388457691638679
1,Renewables,0.2141964488807417,5.349202035136546
2,Natural_gas,1.996379303424007,2.042810120823688
3,Nuclear_energy,1.7588343123218753,1.4218954466997609
