Unnamed:_0,index,Jan,Jun,Sep,Apr,Nov,Jul,Aug,Dec,Oct,Feb,May,Mar
0,2017,147.66554834633024,142.73191770893533,127.83697786676098,161.74893423709065,123.82911018481488,141.70243472065604,125.86832511074805,138.8148749821906,124.21193220596491,160.42740968419693,136.891677613206,166.7669820218239
1,2014,137.72956206081903,132.84701907014158,113.8267318900562,150.92989100131294,123.82911018481488,130.0415116927793,115.12336579643434,138.8148749821906,126.11217779886874,149.5300138335227,131.91454317312198,162.7210584452627
2,2015,141.76097589388087,139.72815606190622,127.83697786676098,163.73638450089223,142.65933084972505,149.09406676246064,132.0578797323437,150.81651793649834,140.97980181724606,149.5300138335227,145.87050395613005,169.0596851862432
3,2016,144.89848463767,137.8285843059404,125.01636637086445,146.78765006281066,130.86488321841685,144.18393777751572,123.85182993213874,145.86699809696688,133.8143819210821,151.7944237927373,136.891677613206,162.7210584452627
4,2013,126.98643672722802,122.06260215324276,109.23769256300952,124.96228777811568,117.88297597858724,120.16020155352788,115.12336579643434,133.87769716544295,124.21193220596491,136.8913216238803,120.04875782371964,130.9411348605964
