Unnamed:_0,index,ALLASALATE,I,ALLALALISM,ALAMALATAD,babbled,th,Ind,S,SALASTATA
0,Imports,-3713.033711304208,-3021.557041527813,-3480.162171579839,-1231.7012107316373,-2339.1627466264217,-2330.0584512971755,-2826.629808099413,4623.849247190711,-2824.6926894392045
1,Exports,-4826.756784360292,-1894.3212262334575,-3891.224271983151,-3703.432552345436,-2339.1627466264217,-3396.0339037982712,-4435.216878132747,4623.849247190711,-3825.79983475225
