index,English_Premier_League,Football_League_Championship,Football_League_One,Football_League_Two,All_Leagues
Becoming_feasier_to_find,27.10281059219055,7.802627435924975,17.96681937539175,0.0,14.851845189520148
Becoming_harder_find_to,17.403154313521156,49.9079985430494,58.59450297480621,42.421838709083104,44.75309678019048
No_change_real,54.59908012256368,41.179233243085775,23.70919371236029,56.444218963050176,39.32481108265034
