index,Unnamed:_1,Unnamed:_2,can,Unnamed:_4,Unnamed:_5,Unnamed:_6,git,gitt,Unnamed:_9,Unnamed:_10
Very_unfavorable,7.849931009683701,7.849931009683701,11.850101388013954,7.849931009683701,7.849931009683701,7.849931009683701,7.793738049695051,15.851357510605553,7.849931009683701,7.849931009683701
Very_favorable,11.917933830189142,11.917933830189142,25.88604134529332,11.917933830189142,11.917933830189142,11.917933830189142,14.02318436036262,16.007605980218656,11.917933830189142,11.917933830189142
Somewhat_unfavorable,8.137994906720522,8.137994906720522,8.416750255054993,8.137994906720522,8.137994906720522,8.137994906720522,8.485334366334214,7.32282115233302,8.137994906720522,8.137994906720522
So_on,13.8999713682405,13.8999713682405,29.7944321667606,13.8999713682405,13.8999713682405,13.8999713682405,25.5968689261435,16.672734433255542,13.8999713682405,13.8999713682405
Never_heard_of,4.74231834036928,4.74231834036928,4.782430137102153,4.74231834036928,4.74231834036928,4.74231834036928,16.735684822563186,36.60945148731399,4.74231834036928,4.74231834036928
Heard_of_opinion_no,17.890324492515163,17.890324492515163,18.687556892429853,17.890324492515163,17.890324492515163,17.890324492515163,25.83420654758457,26.903839275226986,17.890324492515163,17.890324492515163
