index,Non-tech,Overall,Leadership,Tech
Female,46.92003814908043,31.74081863324569,26.3556219914811,23.39492528379003
Male,52.083448408039104,67.19031111321215,72.6356122064527,75.59250881464176
