index,BAE_Systems_PLC,Honeywell_International_Inc.,Leonardo_SpA,Rolls_Royce_Holdings_PLC,Safran_SA,Raytheon_Co,Northrop_Grumman_Corp.,General_Electric_(GE_Aviation),United_Technologies_Corp.,Lockheed_Martin_Corp,Airbus_Group_SE,Boeing_Co
2017,0.0,12.45834523397923,12.509996542549189,12.459254693865276,25.18048644829608,25.182831501886568,29.88531785998828,29.8991175984246,0.0,49.71833801842972,63.393352675014654,135.4974670414744
2018,29.91422515520948,12.472498233693614,12.479518362070266,25.04515731401169,25.07029147813537,25.200569727763337,25.173037896667324,25.178893014446142,29.891233107346324,29.90607759722201,49.72620747711318,49.72049516708508
