index,Several_per_times_day,Once_per_day,a_few_times_a_week,Once_week_a,Less_than_once_a_week,Do_have_not_an_account_or_do_not_use
Male,11.997014389111088,6.684260624086889,6.673156035752172,4.64989603228949,7.694026498173571,60.24607988237956
Female,7.746011606199033,3.747127076128322,4.668086310112173,1.7191566425958626,6.692488843421543,73.99546946827012
