Unnamed:_0,index,Sweden,Australia,Japan,South_Korea,United_States,Spain,France,Germany,Italy,China
0,The_UK_handled_things_much_this_government_worse_than_country,97.9800025443597,97.98066892428108,98.04289972193784,98.04495338369551,98.09093662726949,98.02152104246052,0.0,0.0,0.0,0.0
1,Don't_know,22.337006500233244,97.96800164777582,0.0,0.0,0.0,0.0,0.0,0.0,0.0,97.88333504976649
2,About_the_same,44.01167982262179,0.0,98.0575237322122,98.03379454901226,98.04981492812183,98.01703206499022,98.05056006203392,97.96997049754349,97.94455113254295,0.0
3,The_UK_governm_About_the_same,0.0,0.0,22.447165159234515,98.04841855928662,0.0,0.0,0.0,0.0,97.93321055788115,0.0
