index,Unnamed:_1,a,Unnamed:_3,Unnamed:_4,Unnamed:_5,Unnamed:_6,Unnamed:_7,Unnamed:_8,Unnamed:_9,Unnamed:_10,Unnamed:_11,Unnamed:_12,Unnamed:_13,Unnamed:_14,Unnamed:_15
Total_attendance,617388.4580612257,703513.4530969216,617388.4580612257,617388.4580612257,617388.4580612257,617388.4580612257,617388.4580612257,617388.4580612257,617388.4580612257,617388.4580612257,617388.4580612257,617388.4580612257,617388.4580612257,617388.4580612257,617388.4580612257
Average_attendance,14559.588268716354,14912.322299109072,14559.588268716354,14559.588268716354,14559.588268716354,14559.588268716354,14559.588268716354,14559.588268716354,14559.588268716354,14559.588268716354,14559.588268716354,14559.588268716354,14559.588268716354,14559.588268716354,14559.588268716354
