index,Ireland,U.S,Rest_of_the_world
2017,0.0,16678.892384502196,12992.151609523546
2078,0.0,15884.217808642656,14027.564070121907
2019,0.0,16237.731320612847,14313.661064234731
2020,0.0,14920.617874532132,13959.63454643861
