index,Total,White,Black,Hispanic,Other
Very_likely,4.099030616501594,4.094295642446625,4.082526500204253,4.80601004793364,7.815074677711593
Somewhat_likely,20.72822535107386,20.737103427426906,18.41547507895513,23.61290585471575,20.068447692252192
Somewhat_unlikely,44.63341341434084,43.95603895290145,46.16488727631658,48.20228628677529,47.607352731778406
Very_unlikely,28.798413829220195,30.34968693967815,30.33911292309868,22.46670066894029,23.62207417587264
