index,Unnamed:_1,Unnamed:_2,Unnamed:_3,Unnamed:_4,Unnamed:_5,Unnamed:_6,Unnamed:_7,Unnamed:_8,Unnamed:_9,Unnamed:_10,Unnamed:_11,Unnamed:_12,Unnamed:_13,Unnamed:_14,Unnamed:_15,Unnamed:_16,Unnamed:_17
Facebook_fans,4.902409407251881,4.902409407251881,4.902409407251881,4.902409407251881,4.902409407251881,4.902409407251881,4.902409407251881,4.902409407251881,4.902409407251881,4.902409407251881,4.902409407251881,4.902409407251881,4.902409407251881,4.902409407251881,4.902409407251881,4.902409407251881,4.902409407251881
Twitter_followers,0.2316018195367348,0.2316018195367348,0.2316018195367348,0.2316018195367348,0.2316018195367348,0.2316018195367348,0.2316018195367348,0.2316018195367348,0.2316018195367348,0.2316018195367348,0.2316018195367348,0.2316018195367348,0.2316018195367348,0.2316018195367348,0.2316018195367348,0.2316018195367348,0.2316018195367348
