index,Air,Trucking,Ocean
2013,84.38597332097157,9.677567568537953,4.905486199570049
2016,64.31524847191115,9.672990041199457,24.61123075131802
