index,Leisure_spending,spending_Domestic,Visitor_exports,Business_spending,Capital_investment
2016,379.4304263934631,355.45273202295056,138.5593257877377,114.9613936411718,79.86542914920267
2017,421.5320677145469,394.7357973677844,147.55450765882966,121.62944308341956,88.01283889408967
2018,445.19421947986336,403.2378667586942,162.2287248364803,121.57681454573223,93.54084721543428
