index,Unnamed:_1,Unnamed:_2,Unnamed:_3,Unnamed:_4,Unnamed:_5,Unnamed:_6,Unnamed:_7,Unnamed:_8,Unnamed:_9
Online_(excl_social_media),19.19706994156485,19.19706994156485,19.19706994156485,19.19706994156485,19.19706994156485,19.19706994156485,19.19706994156485,19.19706994156485,19.19706994156485
Online_(ind,43.79490010358026,43.79490010358026,43.79490010358026,43.79490010358026,43.79490010358026,43.79490010358026,43.79490010358026,43.79490010358026,43.79490010358026
TV,29.378769683635436,29.378769683635436,29.378769683635436,29.378769683635436,29.378769683635436,29.378769683635436,29.378769683635436,29.378769683635436,29.378769683635436
Print,6.160502550250179,6.160502550250179,6.160502550250179,6.160502550250179,6.160502550250179,6.160502550250179,6.160502550250179,6.160502550250179,6.160502550250179
Radio,7.662120590703981,7.662120590703981,7.662120590703981,7.662120590703981,7.662120590703981,7.662120590703981,7.662120590703981,7.662120590703981,7.662120590703981
