index,Botnets,"Viruses,_and_trojans_worms",Malware,Stolen_devices,Phishing_and_social_engineering,Denial_of_service,Web-_-based_attacks,Malicious_code,Malicious_insiders
Six_year_average,8.94403995861034,23.519178294742183,49.7485934138264,12.481368230572414,49.766145474562855,23.54104424878465,49.80438248075055,55.92827769415732,59.347366746158265
FY_2015,0.0,0.0,8.958711149017596,8.945631108260436,0.0,0.0,0.0,0.0,90.38784025648144
