index,Unnamed:_1,Unnamed:_2,Unnamed:_3,Unnamed:_4,Unnamed:_5,Unnamed:_6,Unnamed:_7,Unnamed:_8,Unnamed:_9,Unnamed:_10,Unnamed:_11,Unnamed:_12,Unnamed:_13,Unnamed:_14,Unnamed:_15,Unnamed:_16,Unnamed:_17,Unnamed:_18
Cerebrovascular_diseases,49136.45582240191,49136.45582240191,49136.45582240191,49136.45582240191,49136.45582240191,49136.45582240191,49136.45582240191,49136.45582240191,49136.45582240191,49136.45582240191,49136.45582240191,49136.45582240191,49136.45582240191,49136.45582240191,49136.45582240191,49136.45582240191,49136.45582240191,49136.45582240191
Chronic_lower_respiratory_Ischaemic_heart_diseases,40723.42139945237,40723.42139945237,40723.42139945237,40723.42139945237,40723.42139945237,40723.42139945237,40723.42139945237,40723.42139945237,40723.42139945237,40723.42139945237,40723.42139945237,40723.42139945237,40723.42139945237,40723.42139945237,40723.42139945237,40723.42139945237,40723.42139945237,40723.42139945237
Alzheimer_disease_Dementia_and,77010.0312066811,77010.0312066811,77010.0312066811,77010.0312066811,77010.0312066811,77010.0312066811,77010.0312066811,77010.0312066811,77010.0312066811,77010.0312066811,77010.0312066811,77010.0312066811,77010.0312066811,77010.0312066811,77010.0312066811,77010.0312066811,77010.0312066811,77010.0312066811
Influenza_and_pneumonia,40967.88511571055,40967.88511571055,40967.88511571055,40967.88511571055,40967.88511571055,40967.88511571055,40967.88511571055,40967.88511571055,40967.88511571055,40967.88511571055,40967.88511571055,40967.88511571055,40967.88511571055,40967.88511571055,40967.88511571055,40967.88511571055,40967.88511571055,40967.88511571055
Ischaemic_heart_diseases,120836.26393887044,120836.26393887044,120836.26393887044,120836.26393887044,120836.26393887044,120836.26393887044,120836.26393887044,120836.26393887044,120836.26393887044,120836.26393887044,120836.26393887044,120836.26393887044,120836.26393887044,120836.26393887044,120836.26393887044,120836.26393887044,120836.26393887044,120836.26393887044
Malignant_of_trachea_bronchus_lung_neoplasm_and,57015.93794172476,57015.93794172476,57015.93794172476,57015.93794172476,57015.93794172476,57015.93794172476,57015.93794172476,57015.93794172476,57015.93794172476,57015.93794172476,57015.93794172476,57015.93794172476,57015.93794172476,57015.93794172476,57015.93794172476,57015.93794172476,57015.93794172476,57015.93794172476
