Unnamed:_0,index,Inter,Thing,Aprist,I,the,SCISSISS,FISIS,havs,In,SESI
0,China,9.159503485068246,8.613188492413984,26.43326381585249,13.61021016756886,13.04334662543149,26.43326381585249,26.43326381585249,26.43326381585249,26.43326381585249,26.43326381585249
1,Asia_Pacific_(other),9.159503485068246,9.44787224529846,26.43326381585249,10.464555444937435,9.694293525613691,26.43326381585249,8.395385418734948,26.43326381585249,26.43326381585249,26.43326381585249
2,Japan,3.2616535548014767,26.43326381585249,26.43326381585249,3.607001821647433,3.50008085589349,26.43326381585249,26.43326381585249,26.43326381585249,26.43326381585249,3.1846134221978097
