index,White,Black,Hispanic,Asian
Barack_Obama,38.35328239394991,91.79219057620271,70.10279098458301,72.23764473228974
Mitt_Romney,58.29483554239153,5.938582528004389,26.515317053094947,25.42064485192894
