index,Hispanic)_White_(non,Nonwhite,Black,Hispanic
Obama,36.52471028866956,78.34539393529981,89.37095501444641,68.38959266291323
Romney,58.38341721245338,14.672906746141363,4.98478806904339,24.592887899682708
