index,2008_Austria_Switzerland,201_2_Poland_Ukraine,2016_France
UEFA_EUROTOP_Sponsor,6.062486246451314,5.0147611613033725,0.0
Global_Partner,4.012279971495561,5.044196236729022,10.063444395917369
National_Sponsor,8.074180046144987,5.075718781746836,5.985225867025788
