index,Unnamed:_1,Unnamed:_2,Unnamed:_3,Unnamed:_4,Unnamed:_5,Unnamed:_6,Unnamed:_7,Unnamed:_8,Unnamed:_9,Unnamed:_10,Unnamed:_11,Unnamed:_12,Unnamed:_13
Apps,816976.8799505644,816976.8799505644,816976.8799505644,816976.8799505644,816976.8799505644,816976.8799505644,816976.8799505644,816976.8799505644,816976.8799505644,816976.8799505644,816976.8799505644,816976.8799505644,816976.8799505644
Games,438796.38312454335,438796.38312454335,438796.38312454335,438796.38312454335,438796.38312454335,438796.38312454335,438796.38312454335,438796.38312454335,438796.38312454335,438796.38312454335,438796.38312454335,438796.38312454335,438796.38312454335
