Unnamed:_0,index,1.5-3_years,4-10_years,11-18_years,19-64_years,65_years_and_over
0,Neither_veaetarian_or_vegan,98.58231310817015,97.43608554157244,97.44238261692064,96.55259388122953,97.32340043438973
