index,Outdooor_area_lamp,Interior_downlight,Replacement_lamp
LELED_package,13.019357505051149,7.816889583020995,17.925671594724903
Mechanica//hermallfflec.,40.57801757323658,44.66107981183498,25.515306814174536
Optics,7.507456943953237,4.420157160257716,5.570197483529469
Driver,13.654405617094689,18.611386440094847,19.701637968139863
Assembly,13.686497964704005,14.927291984958956,15.698732574342088
Overhead,10.886674096800562,8.766671607309021,14.802282155396313
