index,Men,Women
September_2013,14.483557777570374,14.920977990382848
February_2017,14.135237663066366,14.222563343613611
