index,Laptop_notebook_or_Chromebook,Smartphone,Tablet,Hybrid_in_or_2_computer
Never,16.87153209228285,41.83294013677896,41.84603873558677,83.56602433428579
a_few_month_less_times_a_or,22.08293727369725,15.94358345215123,20.64586709383846,4.47138803155498
2-3_times_week_per_or_more,60.22225148927967,40.485478449584,36.44018855301759,10.06950608023118
