index,Male,Female
Wireless_broadband,67.22726286235098,69.29895070375152
3G_device_(e_tablet)_network_from_a_portable_g._smarpthone),20.63431469100385,17.76663269737768
Broadband_(no_wireless),46.50339648032492,34.72225396223415
A_dongle/_USB_wireless_stick,5.700201001951299,5.658938714590676
