index,Vancouver,Calgary,Toronto
Tim_Horton's,57.76211217958888,128.60577846734412,294.37797384436976
Starbucks,106.70751241485924,119.30875667321313,157.5887898214025
