index,Umbro,Le_Coq_Sportif,Abercrombie,Speedo,K-Swiss,Asics,Fred_Perry,Diadora,Kappa,Fila,Timberland,Converse,Reebok,Champion,Puma,Lescon,Nike,Adidas
2012,0.0,0.0,0.0,0.0,0.0,0.0,0.0,0.0,0.0,0.0,0.0,12.864974949886424,12.848994277691538,0.0,14.877761775498058,19.918611439354848,19.914691579890203,0.0
2013,0.0,0.0,0.0,0.0,0.0,0.0,0.0,0.0,0.0,0.0,0.0,0.0,0.0,8.879497876679238,14.887698695502806,19.9185313644047,19.93285906084285,0.0
