Unnamed:_0,index,Online_behavior_towards_others,"Content_to_via_TV._music,_consume_books,_magazines,_other_media",Content_for_them_be_viewing_online_to,To_share_online,"Behavior_their_school,_home_and_social_at_lives"
0,Frequently,78.59454776709539,39.82559469256324,38.8023220035837,39.68153898553848,39.76659026476304
1,Occasionally,3.902338293149661,78.53900692882446,42.67918111200146,41.39082453175725,43.34559712777108
2,Rarely,21.76805961652059,0.0,0.0,0.0,0.0
