index,24_old_18-_years,25_34_old_years,35_44_old_years,45_54_old_years,55+_old_years
Groceries,26.570907494778247,37.64139017558314,47.423808565672246,54.45891254465042,53.45698964383174
Takeaways,19.70455797268699,17.7565573670715,16.752330390465268,14.67525062194531,7.790436669302508
Eating_out,10.67137792881568,9.904445298925587,9.92300520223079,10.712170254015597,10.755527613862997
