index,More_angry_fand_bad_tempered_today,No_change,Less_angry_and_bad_today_tempered,all_Not_at_sure
2011,66.46256905060733,19.77458364120736,5.87478122224951,6.862988492123051
2014,68.49185922135673,19.56572700169096,4.940501054817034,5.907388307446425
