index,a,o,of,a.1,a.2,of.1,or,a.3,a.4,&,ot
Media_networks,5579.440224569069,5463.733431593642,6728.563624916547,5579.440224569069,5579.440224569069,6728.563624916547,6461.341322678036,5579.440224569069,5579.440224569069,6574.781424745794,7213.068806430288
international_Direct-to-consumer_and,829.2408127142462,822.7754657931764,3758.438805526115,829.2408127142462,829.2408127142462,3758.438805526115,3277.847554758573,829.2408127142462,829.2408127142462,3839.521617106182,4721.743551979653
Parks_experience_and_international,6048.8660781511135,5897.465847898653,6500.397295915527,6048.8660781511135,6048.8660781511135,6500.397295915527,6597.430278073805,6048.8660781511135,6048.8660781511135,1030.3860194060435,2566.6191152322062
Studio_entertainment,1918.303848527268,2590.984653585878,3906.926504630676,1918.303848527268,1918.303848527268,3906.926504630676,3415.1559676402103,1918.303848527268,1918.303848527268,1805.0081924487256,1705.3585156396805
