index,Haircuts,Hair_colour,Facial,Massage,Hair_removal,Manicure_pedicure
2012,18.942983987486667,37.80038443278464,0.0,32.86614938865024,20.884933095391915,23.8784957161695
2013,15.96014186272044,30.73095728787895,28.801806999668557,28.85071840626832,19.85539092326389,19.87247885491217
2014,11.930436679215587,23.928900775174764,28.83502363664964,28.856887145025595,16.868985957897387,17.93845478347036
2015,12.93020172586511,23.86013795158933,0.0,26.896109794871165,17.89660967739449,17.89405630829762
2016,10.865914720783778,23.89393012435969,26.874072712209557,28.858394500664176,17.92673395144431,18.94964832650693
2017,13.859472773817004,25.821442876217265,32.86325343872642,32.871043726731266,18.925526068545288,20.900143684108507
