Unnamed:_0,index,Jan,Jul,Nov,Feb,Aug,Sep,Jun,Mar,Oct,May,Apr,Dec
0,2019,105.08810553155156,126.14697123775603,116.89316681746794,106.99732896458264,119.63893042038248,118.58574311885349,121.68067318706716,119.44125036380744,119.12050442475352,132.4085699256107,131.15438673387854,116.35416491822686
1,2016,94.74718906300622,104.22054790746196,102.91520523490004,88.75872385693208,103.9476107787712,104.77034289266736,110.535541967781,93.7645748623074,108.62502323775476,106.08029036188192,101.97917738823152,106.89099426553967
2,2020,116.41427429956578,104.22054790746196,116.89316681746794,114.23951498253248,119.63893042038248,118.58574311885349,102.96702978264662,93.7645748623074,119.12050442475352,93.6125405651232,79.73505792574497,116.35416491822686
3,2017,114.2416970354167,108.97095937802942,122.67387778666998,108.72732003051706,111.48504850396364,118.58574311885349,108.45264739387194,108.00991234734737,114.37283873045692,112.86316849913716,117.89848196892744,118.80565224537676
4,2018,122.45107403556588,135.5039433717689,115.42976307466137,121.38508261239552,133.48994973044205,132.09064577047528,134.51313776354465,124.72092208677728,127.7354107279094,137.43982965419372,131.15438673387854,108.4307666923087
5,2015,92.78973244357935,121.00363823273352,105.5639767454602,102.2613494461101,116.88179100620508,107.66691516944798,120.4647725138611,108.00991234734737,106.01666562683982,114.27298051638962,107.87308274667568,100.95577241663466
