index,Unnamed:_1,2-3,4-5,6-10,More_than_10
Male,21.861101206111552,24.25382473939841,12.909860297504244,15.015071120430868,25.020860556244248
Female,39.33165941058138,29.783897933512367,14.374221513598222,7.070254695264367,8.418772459436028
