index,Local,Commerce,Navigation,Information,Command
Google_Home,93.75520518668978,84.88290291381769,92.76568885485824,92.7778942373178,72.10953542787513
Apple_HomePod,87.79665267657761,55.06238208471573,86.67267063522739,65.00017729323365,83.8333813134562
Echo_Amazon,69.98257635462559,51.08198188565822,62.09575274699223,89.91546577106186,67.10281254996985
Microsoft_Invoke,65.03439149090295,30.447505783087905,58.87574896201944,73.88451648602909,63.92097911512879
