index,Botnets,Viruses_Worms_and_Trojans,Stolen_devices,Malware,Malicious_insiders,Web-_-based_attacks,Phishing_and_social_engineering,Denial_of_service,Malicious_code
Six_year_average,3.991422213426141,5.968436597120292,11.01939238481478,11.015320897442704,8.943808275831849,9.943522733306624,11.01436661358076,3.9832346806806527,23.914175348360025
FY_2015,23.91207926571385,12.991704042784594,11.012855354702111,11.019293985895166,9.94293233978892,12.998833322998356,12.998721927995014,17.964631343806193,12.990419287079405
