index,Volvic,Vittel,SSA,Perrier,Evian,Dasani,Buxton,Aquafina,SANAYA,Aqua,Abant,Pure_Life,Guzelpinar,Sirma,Saka,Aytac,Damla,Pinar,Hayat,Erikli
2012,0.0,0.0,0.0,0.0,0.0,0.0,34.197384302822435,0.0,0.0,0.0,0.0,0.0,17.846338588299794,19.8579065784594,9.84071122869009,9.890458826754257,17.856469505607784,44.73589503350387,44.743650504803874,44.73168257591637
2013,0.0,0.0,0.0,0.0,0.0,0.0,0.0,0.0,0.0,34.19998865544573,0.0,0.0,0.0,19.87969013818473,9.88923367247984,9.895660333679617,9.89600153410622,0.0,0.0,0.0
