Unnamed:_0,index,Unnamed:_2,March
0,Milan_Italy,-26.525684342830477,-71.51074181257351
1,New_York_US,-36.71778060294559,-71.51074181257351
2,Barcelona_Spain,-32.85303968934632,-71.51074181257351
3,Madrid_Spain,-29.42626292013833,-83.63793937227368
4,Stockholm_Sweden,-0.5141531806423262,-45.59379286083453
5,Manchester_UK,-39.6020726210264,-64.55035790138672
6,Sao_Paulo_Brazil,-39.6020726210264,-52.70933493605159
