index,34_18_to,35_54_to,55_to_64,65_and_older
Income_below_level_poverty,0.0,1109822.3481149971,1378907.3892816305,2295343.545765698
Income_above_level_poverty,6473460.95499824,18600569.070532557,13821168.781216651,40256482.07275281
