index,Highly)_somewhat_affected,Marginaly)_affected_not,Did_answer/is_not_not_sure
April_25,71.74492618108107,26.644383945413253,0.0
May_14,75.9867770960055,23.01736753571558,0.0
