index,Transformers:_The_Movie_(1986)5,Bumblebee_(2018),Transformers:_The_Last_Knight_(2017),Transformers:_Age_of_Extinction_(2014),Transformers_(2007),Transformers:_Dark_of_the_Moon_(2011),Transformers:_Revenge_of_the_Fallen_(2009)
North_America,0.0,0.0,0.0,0.0,658.0746971996343,658.4645374726754,986.6908749007086
Worldwide,535.8054495960375,327.29577108254944,966.9334082358708,660.064113994845,1780.3004560242716,988.455989355693,988.9220518972328
