Unnamed:_0,index,I,the,a,SPISTION,for,SPISIS,lange
0,Deaths,319982.14493092895,418122.2167795561,16570575.916421091,16570575.916421091,16570575.916421091,411803.7281469628,16776385.295658477
1,Recoveries,319982.14493092895,418122.2167795561,16570575.916421091,16570575.916421091,16570575.916421091,8520643.023669397,16776385.295658477
2,Confirmed,319982.14493092895,418122.2167795561,16570575.916421091,16570575.916421091,16570575.916421091,9844796.6272586,16776385.295658477
