index,Urban,Suburban,Rural
Hillary_Clinton,58.55410084974824,44.65376523623988,33.62392646296182
Donald_Trump,34.46341111738666,49.4809692881377,61.4759012294145
