index,All_leagues,Football_League_Two,Football_League_One,Football_League_Championship,English_Premier_League
Significantly_higher,12.90901586204231,99.01896137934357,28.560697051837693,24.7462663927582,39.6455525242824
Higher,15.512495433035724,6.882008603759601,39.70042902117103,26.755584823020563,19.87377311831956
The_same,1.8590115229704625,19.82913537247832,99.00200618263044,19.818327801928305,13.57661305907483
