index,person_In,Phone_call,Text_message,Online,Other
Non_LGBT,37.64951169359063,9.867932597888178,12.771969648477338,14.671407858059789,7.789222069468892
LGBT,58.47600058468748,18.603826136358933,26.56742265230934,41.59197411324786,23.62557835815548
