index,16-17_years,18-25_years,26-34_years,34_years_and_older,Total
A_necessity,1.8500803533202368,1.885835332514489,2.952625470135736,2.992479190847384,1.8771309572441908
a_chance_encounter,37.58575131376384,42.59802164865882,47.41522295491466,42.58806639416213,42.582621390470806
A_possible_love_story,17.767717450637278,18.64126718698519,19.75287095859044,22.76838376865656,18.63120564863266
Impossible,41.5284708560129,36.51387045197073,28.653767803567813,30.60939075096085,35.60964283446508
