index,(resin)_Cannabis,MDMA,Cocaine,Amphetamine,Heroin
Minimum_price,15.46655896492689,8.618615919733998,118.62950993067771,13.8976902675343,118.62303580682196
Maximum_price,37.84760513417143,38.08128822498918,395.2691398457192,118.36747181639056,395.26030963248553
