index,1.5-3_years,4-10_years,11-18_years,19-64_years,65_years_and_pover
High_Alibre_breakfast_cereals,18.683741749032947,17.891760668547676,10.87379551128312,19.77797168546477,40.67706295045348
Other_breakfast_cereals,4.904458290558743,9.695573941578058,10.740374908133305,5.800230940193714,5.763313218344784
