index,48_Lower_onshore,48_Lower_offshore,Alaska,Total
2000,162.62839086402886,80.33884743746029,47.48772603453574,291.4543934024137
2020,218.91423337123564,91.13923583470164,23.471645414428792,336.7186522571438
