Unnamed:_0,index,Retirees,Baby_Boomers,Generation_X,Millennials
0,Never_heard_of_this_service,0.8187601654378227,0.796648307911866,19.72237585525265,9.877752047776085
1,Used_this_service,98.92228987097276,98.91218587066992,98.91397108962197,49.578840861854005
2,Aware_(net),97.87034112935436,88.91857537267857,98.89298346808158,97.86319460411922
