index,Unmarried_men,"Unmarried_women,_no_children","Unmarried_women,_children_at_home",Married_men,Married_women
1971,56.65564065962717,48.67219834376355,40.66232837919989,64.44723895401796,64.4579406807794
2001,53.61612483921501,48.61225950426572,42.65766361456362,55.63250438411176,55.62463378178096
2015,49.59098418682327,45.6034237502207,40.5723819131457,51.61046612448342,51.61349974499344
