index,Salvadoran,Honduran,Guatemalan,Mexican,All_Hispanics,Dominican,Puerto_Rican,Ecuadorian,Nicaraguan,Cuban,Peruvian,Spaniard,Colombian,Argentinean,Venezuelan
Bachlor's_degree_or_more,0.0,0.0,0.0,89.19347776525076,911.5020909002895,911.1088642304582,364.36270795791336,911.353120110432,911.1877906413864,910.830345068817,911.182112886754,911.3067143040066,910.7080765903492,910.6947535423504,910.9149492343776
Some_college,366.2968266410991,366.3109929199836,366.47977963566177,456.6132068695209,456.7131016218141,456.3937700852913,456.3442724322839,456.366814804636,366.4531335396646,0.0,0.0,911.0715372099052,0.0,0.0,454.3479233097125
High_school_diploma_less_or,0.0,911.1179430163306,0.0,0.0,0.0,89.3274952607301,181.8214911445141,911.1196294781024,910.9910086602936,728.0337979431413,911.041518190364,0.0,918.8207728367224,918.9045899867896,0.0
