index,Grindr,Zoosk,Black_People_Meet,hppn,Vlover,Plenty_of_Fish,Tinder,Match,Bumble,okCupid,eHarmony,Coffee_Meets_Bagel,Christian_Mingle
Female,50.1631176180008,40.138568545697325,100.39033325440772,100.40287221141168,100.38951595359173,100.36018026290644,100.3521244412607,100.3411960476294,80.16238144630994,100.27818876523874,100.39393598851932,100.37082019742624,100.35252407732146
Male,0.0,100.37126190044074,0.0,0.0,0.0,0.0,100.35020739008203,100.34351573965122,100.39787225347864,100.35171278607032,0.0,0.0,0.0
