index,Male,Female,Total
Very_unfavorable,21.676121107161137,22.85966267381002,22.824085800765573
Very_favorable,12.857180024131893,8.885897764412618,10.949147774966647
Somewhat_unfavorable,19.224568978635705,16.194509159418743,17.317567587468304
So_on,22.24465156508788,18.29911621107651,19.93496513245543
Never_heard_of,7.295971112413596,13.842514596458358,10.59971145793756
Heard_of_opinion_no,17.373037565447206,19.635243169583987,17.964492341706844
