Unnamed:_0,index,Iran_(Islamic_Republic_of),Brazil,Turkey,Netherlands,Canada,Germany,Switzerland,France,Italy,Spain,United_States,United_Kingdom
0,November_25_2020,0.0,0.0,0.0,108092.983098478,108157.51598830766,148608.04011289185,150502.58883983473,150877.41318012297,150533.22434432013,150643.24235056952,150510.45158350974,0.0
1,July_26_2020,0.0,0.0,0.0,0.0,0.0,0.0,150210.01624836205,150691.31482310253,150573.86697711924,0.0,0.0,0.0
2,June_11_2020,0.0,0.0,0.0,0.0,0.0,0.0,0.0,150641.02749319628,0.0,0.0,0.0,0.0
