index,Incentive_meetings,Other_meetings,Trade_shows,Conventions_conferences_I_congresses,Corporate_business_meetings
2009,0.0,0.0,24.72756937949505,50.9398257824235,106.75600411194392
2012,0.0,26.352666574589197,26.374430629107337,60.70607486662706,106.82701208779604
