index,Best_scenario,Pessimistic_scenario,Extreme_scenario
Three_months,0.7916428752439355,1.3001549656074864,2.0037817830183355
Six_months,1.494814063955233,2.51209619663457,4.125910042173199
Nine_months,2.2965501194810107,3.8283002457024753,6.136920312938494
