Unnamed:_0,index,Febo9,Augil,Juliz,Julis,I,Septo,Feb12,Julos,Janto,Juli4,Febis,Febli,Marts
0,Europe,-2468.730028270332,-819.6049213851541,-1528.1205572620845,-1239.9965272346128,-783.7361711594003,-869.4087470124555,-874.0302084157681,-2895.6774995870715,-1171.9527900556277,-1222.323927346689,-1140.5468915847848,-298.0591707055373,-473.0723437936677
1,Middle_East_Africa,-1889.4574940959235,-1482.7633461972227,-459.7806176401323,-26.083424619175275,-128.34308463913112,-1084.490954798128,-85.29947548678967,-1914.0821865503196,-34.735868060588814,-1749.4465595963345,416.9890639299509,-1026.0475566746638,-1191.084559105941
2,Americas,-2018.7946527060492,-1035.624728028733,-459.7806176401323,-719.0273949022453,-128.34308463913112,-869.4087470124555,-766.8449366554892,-2105.7103638558183,-1171.9527900556277,-811.0407924296171,164.11686982162098,-298.0591707055373,-1191.084559105941
3,Global_average,-2320.52247980576,-819.6049213851541,-1269.089615851105,-1137.264602531213,-559.0599607835613,-456.41001410068384,-596.8235121648186,-2569.027562190393,-502.69373520908175,-977.2468727187786,-829.8955391352185,-84.21792005661302,-879.0791832159596
4,Asia,-2468.730028270332,-671.3549978085252,-1008.2414949852134,-1239.9965272346128,-783.7361711594003,34.385464257726426,-213.2519184024405,-2463.5111569928254,102.35593605605152,-977.2468727187786,-829.8955391352185,218.0047453843664,-1064.130505512691
