index,and_of,Unnamed:_2,Unnamed:_3,Unnamed:_4,Unnamed:_5,Unnamed:_6,Unnamed:_7,<o_ad,cor,Unnamed:_10
Men,0.7732130098483907,19.12394045570926,19.12394045570926,19.12394045570926,19.12394045570926,19.12394045570926,19.12394045570926,28.89135788541173,6.693884186861538,19.12394045570926
Women,0.8434298122252244,2.6532182495219843,2.6532182495219843,2.6532182495219843,2.6532182495219843,2.6532182495219843,2.6532182495219843,18.266433873325187,27.81498728990941,2.6532182495219843
