index,Fulani_extremists,Communist_Party_of_Nepal_Maoist_(CPN-_-Maoist-_Chand),New_People's_Army_(NPA),Communist_Party_of_India_Maoist_(CPI-_Maoist)//abists,Al-Shabaab,Boko_Haram,Islamic_State_of_Iraq_and_the_Levant_(ISIL),Houthi_extremists_(Ansar_Allah),Taliban
2017,475.2759604549428,475.6450986666128,476.1075094885123,750.4070796124415,2653.475653635482,750.3436858553196,749.5265229362094,750.3764103134845,749.7857891748126
2019,101.540199546474,102.05999673703992,0.0,0.0,0.0,750.0984895528354,750.8024606263116,0.0,0.0
