index,Sep'19,Oct'19
Positively,72.44275491501199,65.58216024747335
Neutral,18.676210972577,22.795996389873597
Negatively,6.66505223418757,8.679599456565612
Do_know_him_not,0.0,2.7467881230671907
