index,10-49_employees,50-249_employees,250-999_employees,1000+_employees
2011,5.371893378708478,22.74225365426979,43.4790848021587,57.469831744872224
2012,6.833991192013443,23.19467357004476,47.55662789401726,59.871922620959005
2013,6.969748799872278,29.45838570270968,52.62111349340432,65.60321613260018
