index,Groceries,"DIY_and_home_improvement,_garden_accessories_and_flowers",Furniture_and_decoration,Jewellery_and_watches,Pharmaceuticals,"Clothing,_textiles,_shoes",Toys,Gift_vouchers_of_various_retailers,Computers_and_accessories,Telecommunications_mobile_phones_and_accessories,"Consumer_electronics,_media,_video_and_audio_recordings",Books
Online_and_mail_order_retail,0.0,0.0,0.0,0.0,52.93104175997816,52.93822119630226,57.239219883760335,52.94212235119984,56.89227936039091,57.9913314043379,58.721994768682414,136.46629947182788
Traditional_retail,59.1196585014238,59.1307554840526,59.14140170298525,59.12434644386374,57.17830941485545,57.23526955464137,54.46865409746248,56.96839285941131,58.10135052901217,58.06434692741025,58.105153335466944,136.4872231030327
