index,Direct_mail,Sponsorships,Print_Advertising,Search_marketing,Public_relations,Online_display_ads,Videos_Podcasts_Blogs,E-mail
Increase,15.761082157251565,0.0,0.0,0.0,39.52297396982741,0.0,0.0,98.87535430110934
Maintain,98.82945127394588,59.33653175897619,98.80819166928656,98.8025437696838,98.81838618959344,98.8366834155396,98.84199293335786,72.90017183642254
Decrease,15.425539703565256,0.0,0.0,0.0,0.0,0.0,0.0,0.0
INJA,34.391143502792886,98.819182924886,0.0,0.0,98.88399534140568,98.8856964789222,98.8637601106939,98.86023478773926
