index,18_to_24_years,25_29_to_years,30_to_39_years,40_to_49_years,50_to_64_years,65_years_and_older
Hillary_Clinton,55.24937214175178,52.42047009559161,50.54045675345472,45.52816840359933,43.40805067848776,44.44993668529338
Donald_Trump,34.41565719170287,38.6271246533836,39.46288514325698,49.439991321566666,52.37269417477659,52.42082321366395
