index,Southern_pride,Racism,Both_equally,Neither,No_opinion
Blacks,17.00768502817254,72.3466571713284,6.859427934144335,3.9918038167719354,0.0
Whites,66.36122509041101,24.970573548426596,2.748738155106423,5.870973547541482,0.0
