index,Fashion_Apparel,Perfume_Cosmetics_&,Watches_Jewelry_&,Accessories,Other
2007,43.99337043109465,18.301275543509146,16.038158999897938,11.0447469117507,9.936288643825876
2012,41.59203567302553,17.513791989069556,17.971816695975722,11.989544820623642,9.930330146673292
