index,Romance,Crime_and_horror,Theater_and_entertainment,Fiction_and_classics,Myths_and_legends,Handbooks,Science_fiction_and_fantasy,"Comics,_graphic_humor_novels,"
7-9_years,1.9117676730168327,9.941994667390162,9.938289915906864,0.0,0.0,0.0,79.08751928037671,0.0
10-14_years,37.873330983699525,9.957307353996091,37.88611516668591,37.90053064233007,37.895254698444816,37.892571651310334,79.0911982746075,79.0957487225476
