index,Unnamed:_1,st,2,Unnamed:_4,5,Unnamed:_6,Unnamed:_7,of,for,Unnamed:_10,>,Unnamed:_12,x,Unnamed:_14,Unnamed:_15,Unnamed:_16,Unnamed:_17,it,Unnamed:_19,it.1,Unnamed:_21
Facebook_fans,10.01283154765366,12.044009216184293,23.96423536121074,10.01283154765366,29.365366438374224,10.01283154765366,10.01283154765366,27.464880458908222,127.20543325395022,10.01283154765366,181.54965580121487,10.01283154765366,199.14759976132265,10.01283154765366,10.01283154765366,10.01283154765366,10.01283154765366,200.11225404000135,10.01283154765366,200.11225404000135,10.01283154765366
Twitter_followers,13.47101284738909,0.0,0.0,13.47101284738909,0.0,13.47101284738909,13.47101284738909,0.0,8.867365097134297,13.47101284738909,50.39361520494396,13.47101284738909,68.71892222040339,13.47101284738909,13.47101284738909,13.47101284738909,13.47101284738909,115.82680754966724,13.47101284738909,115.82680754966724,13.47101284738909
