index,Nunavut,Northwest_Territories,Yukon,Prince_Edward_Island,Newfoundland_and_Labrador,New_Brunswick,Saskatchewan,Nova_Scotia,Manitoba,Alberta,British_Columbia,Quebec,Ontario
55_64_to_years,0.0,0.0,0.0,0.0,0.0,0.0,0.0,0.0,0.0,193.412064231547,687.8418996579869,0.0,1078.8564348923444
65_years_and_over,0.0,0.0,688.2105657029688,394.45421861604655,393.9414582963154,394.2270528894729,393.9484295539822,394.1459917538128,393.841558552728,688.1255163594342,688.3176636754026,214.31296472349084,1078.9473530621008
