index,Fresh_food,Medication,Packaged_food,Beverages,Home_care_products,Health_and_wellness_products,Personal_products_care,Hardware_and_tools,Kitchenware,Sports_equipment,Appliances,Toys,Entertainment_goods,Clothes
After_COVID-19_outbreak,35.94677795165764,25.959651079827783,25.949471490803035,26.95831510133886,29.10715207641611,30.974062466410107,35.96380882092811,38.04874565288596,40.02315004853872,40.0037007069641,40.0054569029505,40.01059853698296,40.01055833490616,0.0
During_COVID-19_outbreak,40.02392235159298,25.96748836890441,26.99513385598854,28.03940819157517,30.004466662322024,31.000606416590003,28.03545780855517,38.04311313033682,40.02299135613031,40.02945542689951,40.01521331221949,40.01634743396493,38.02640810947829,40.00385939937252
Before_COVID-19_outbreak,0.0,24.95885423234769,26.928218557109386,29.994932422424803,30.01353328858913,30.98699272384728,30.96600935565804,40.00253907853456,39.99995768202443,40.01510751728055,40.00770610335235,0.0,0.0,0.0
