index,Non-Hispanic_White,Black_Asian_or,Asian,Two_or_more_races,American_Indian_and,Native_Hawaiian_and_Other_Pacific_Islander,Hispanics_(may_be_of_any_race)
2015,197.2427915967832,39.26102536317836,16.509737417603077,6.474768905321355,0.0,0.0,56.23391039234559
2060,181.0805120082213,54.00141096470827,37.65387751127372,20.04849284727913,0.0,0.0,118.45626268392007
