index,English_Premier_League,Football_League_Championship,Football_League_One,Football_League_Two,All_Leagues
Increasing,91.25028224694026,57.76955544236198,37.90053948741273,42.5876363706612,56.62215567080685
Largely_unchanged,0.0,41.14084466648831,55.64989657255772,43.03729368248023,35.67521427961131
Falling,7.6306813022276,0.0,5.53562941678824,13.331547781701516,5.771908936151277
