index,All_other,Cigarettes_&_Cigars,Cold_drinks_(cup),Bulk_vending,Milk,Ice_cream,Vended_food,Hot_drinks,"Snacks,_confections,_pastry",Packaged_cold_beverages
2009,0.0,0.0,0.0,0.0,0.0,39.94076365450106,39.915986883455865,39.93341045313076,39.918630328806685,39.90445893412913
2010,0.0,0.0,0.0,0.0,0.0,39.95055388078841,0.0,39.925614922259534,0.0,0.0
