Unnamed:_0,index,2002,corp,1993,200,ears,20,eois,ecco,2005,any,earo,cont,eads,colp,2004,eors,zoos,2019,rook,80
0,Public_sector,75.1220173992895,65.29396277099293,74.1034266155167,73.23756565819575,62.34847712801172,73.70977351443368,62.398078530188265,75.87729345703187,72.52274534171488,65.39584590798174,65.90206620269126,69.52752614362059,69.6815656395588,59.60853674084598,73.01653987185401,60.59686789069089,72.25412924980759,61.80297691432212,76.61488812957425,90.80596518024262
1,Private_sector,23.132886131184662,17.988585713674567,24.84985096791437,23.69316714254431,17.24618440163311,21.892586770898063,17.969677678140677,24.391856329426773,22.55313458717668,18.71276347462261,18.852350860963675,18.937138829624796,19.771315273279143,17.219821585064345,22.361031656981808,16.47121247354294,20.63245091598504,16.99145453367168,24.01785674198113,90.80596518024262
