index,100_heads_Less_than,100-499_heads,500-_999_heads,Over_000_heads_1
2009,67.14261439220314,12.85229474599042,9.962915942942033,9.944076441332996
2014,59.17248924783207,17.013792674100777,9.950002896508948,14.798859194188909
2018,47.142234326055984,23.979365261006286,10.87704772715152,18.93243284343911
