index,Actress_Best,Best_Actor
White,98.20985255913588,92.64219953511687
Other_Ethnicities,0.0,6.408863543138423
