Unnamed:_0,index,and,the,th,I,a,F,Lines:,Hay,go,Say,tay,From:,sing
0,Current_projection,277397.82375115086,568972.9940530173,316274.385229409,528511.5397303078,993795.4081482012,993795.4081482012,993795.4081482012,993795.4081482012,993795.4081482012,993795.4081482012,417025.34560588887,993795.4081482012,575422.7552459689
1,Universal_masks,277397.82375115086,516287.9041648363,316274.385229409,490936.453059993,993795.4081482012,993795.4081482012,993795.4081482012,993795.4081482012,993795.4081482012,402091.4482541764,993795.4081482012,993795.4081482012,520911.61988470535
2,Mandates_leasing,277397.82375115086,712475.6842762041,316274.385229409,490936.453059993,993795.4081482012,993795.4081482012,993795.4081482012,993795.4081482012,993795.4081482012,993795.4081482012,417025.34560588887,993795.4081482012,728179.2916587419
