index,Rural,Urban
Female,198.5721076768268,361.4095939406088
Male,318.4240613377259,464.6497985604464
