index,Dietary_Supplements,Paediatric_Vitamins_and_Dietary_Supplements,Tonics,Vitamins
2014,48.58877014809484,0.0,79.03194234247854,22.63317970133665
2076,48.574267299060175,0.0,9.36001937721494,79.06848505566654
2018,57.8133165099712,79.05793752909588,9.349098220834968,79.06812860423929
2020,79.05286131720399,61.80819219860959,79.04189292027343,9.346104887765035
