index,Developed_More_Countries,Less_Developed_Countries,Developed_Less_Countries_(Exci._China),Least_Developed_Countries,Total
Males,78.9982068215678,68.77636324939161,67.85709247944835,62.94919868704136,69.78456268728353
Females,81.9058397199321,72.69948064609349,71.84807228637428,66.85501968252066,74.73081913863771
