index,West,South,Northeast,Midwest
1-2_physicians,23.638245130116687,58.55292663568455,30.44809071638403,32.70604516516639
3-6_physicians,45.64615327550889,28.473457039096417,40.466871039260894,40.45859394304293
physicians_7_or_more,51.36135534744028,74.37303118323415,39.638216588405584,54.25243876311296
