Unnamed:_0,index,Unnamed:_2,of
0,15_seconds,35.966575478610835,53.09183145109132
1,30_seconds,58.89969925011681,59.80897292998161
2,Other,3.9158241729062127,0.0
