Unnamed:_0,index,Unnamed:_2,State,the,MALLEATED
0,Blackberry,38.14470836205872,80.14580223740856,80.14580223740856,42.953629183268426
1,Other,1.9136475930120724,80.14580223740856,80.14580223740856,1.8023731867948385
2,Windows,1.9136475930120724,80.14580223740856,80.14580223740856,1.8023731867948385
3,IOS,38.14470836205872,80.14580223740856,80.14580223740856,42.953629183268426
4,Android,65.05432404272361,80.14580223740856,80.14580223740856,60.42476276259622
