index,Men,Women
2003,57.48082952430076,21.76975294148007
2017,32.591615105210224,14.65563233976178
