index,North_America,Europe,Pacific_Asia-,Rest_of_world
2018,447.8929843496781,294.6797973138091,182.3764443113787,76.45243467808541
2028,4587.934578638065,2857.566151948185,2323.772375757269,1220.3240998952006
