index,"Gay,_lesbian,_bisexual,_transgender",Straight
Hillary_Clinton,44.87408478910511,63.87159099189614
Donald_Trump,49.93360318916406,30.92081387528588
