index,Highmountain_Tauren,Mag_'har_Orc,Zandalari_Troll,Nightborne,Pandaren_(Horde),Goblin,Troll,Undead,Tauren,Orc,Blood_Elf
US_realms,24.93934755013167,24.958045688338373,24.94796289766029,39.883108631567815,39.88104300930247,4.396420469286081,4.3941218484138,4.395617296203515,4.383027530129635,4.389601899476336,32.8203170752581
EU_realms,4.398123151413696,4.393373564426131,24.94454633154896,24.95347085030601,4.400828399662512,4.400195494792708,4.395713632165997,4.402580369956983,4.395328288316062,4.400735424256862,24.94297695150896
