index,Netflix,Amazon_Prime_Video,Hulu
2013,0.0,0.0,15.618061325321223
2014,2.967247308038853,15.620878106179452,15.61628898182201
2015,3.482585578128271,15.62398712901558,15.610178888331566
2016,4.976272110438166,2.964487973163088,15.612869210919673
2017,5.994881138864676,4.475372444665832,2.493183783577466
2018,6.00599288826448,4.979458627519093,4.976991920164735
