index,Ability_speak_and_to_read_write_understand,Ability_only_to_understand,ability_Some
Irish,183.005642931022,202.4481215853328,547.5248990667299
Ulster_Scots,43.79974504217091,262.4794439502552,402.14099969551023
