Unnamed:_0,index,Andrew_Johnson_All_three_articles,Bill_Clinton_Article_One_(perjury),Clinton_Article_Bill_Two_(obstruction_of_justice),Trump_Donald_Article_One_(abuse_of_power),Donald_Trump_Article_Two_(obstruction_of_Congress)
0,Not_Guilty_Democrat,8.666085403069388,44.46325083890309,44.47848064898759,0.0,0.0
1,Not_Guilty,2.832097745729783,0.0,0.0,0.0,0.0
2,Guilty_Independent,0.0,0.0,0.0,1.8963943873881988,1.8864478388551331
3,Guilty_needed_votes_to_convict,35.69233582270344,66.64154272135815,66.61904842664043,66.55144424311493,66.64460665365245
4,Not_Guilty_Republican,6.827896744133909,9.818330603910267,4.841641984677864,51.622164585053376,52.75029367364248
5,Guilty_Republican,34.90181882793134,44.54472807657044,49.58374211034626,0.0,0.0
6,Guilty_Democrat,0.0,0.0,0.0,44.521326282844754,44.50517549604423
