Unnamed:_0,index,Unnamed:_2,CONTERSED
0,Well_Poor,81.40893152467366,114.5328618558416
1,Poor,7.563720388097295,114.5328618558416
