index,D&D_5th_Editon,Pathfinder,D&D_3.5
Q2_2015,10509.14018264115,7851.628556521264,4856.976209019602
Q2_2016,18906.39877510875,8321.071047199574,4145.610902758701
Q2_2017,34780.784073255505,9437.07572913833,3788.484997662061
