index,Unnamed:_1,0,Unnamed:_3,6,Unnamed:_5,Unnamed:_6,Unnamed:_7,2,Unnamed:_9,Unnamed:_10,Unnamed:_11,Unnamed:_12,Unnamed:_13,Unnamed:_14,Unnamed:_15
Total_attendance,2943353.189332221,2613998.143283843,2943353.189332221,2822579.112325268,2943353.189332221,2943353.189332221,2943353.189332221,2602485.291116732,2943353.189332221,2943353.189332221,2943353.189332221,2943353.189332221,2943353.189332221,2943353.189332221,2943353.189332221
Average_attendance,74213.8432720257,57216.05080662528,74213.8432720257,57953.36235698359,74213.8432720257,74213.8432720257,74213.8432720257,58659.05677396432,74213.8432720257,74213.8432720257,74213.8432720257,74213.8432720257,74213.8432720257,74213.8432720257,74213.8432720257
