index,Rigid,Religious,Patriotic,Willing_to_sacrifice,Politically_active,Moral,Responsible,Self-reliant,Compassionate,Cynical,Tolerant,Entrepreneurial,Hard_working,Idealistic,Environmentally_conscious,Greedy,Wasteful,Self-absorbed
describes_Yes_my_generation,0.0,0.0,0.0,0.0,0.0,0.0,0.0,0.0,0.0,0.0,0.0,40.42595146581592,0.0,0.0,0.0,0.0,0.0,100.62842332062765
Not_selected_no_answer,100.63025038993412,100.66153009972754,100.62452840543943,100.6318437643293,100.67154357259324,100.63059385063708,100.6309196071801,100.68145790216327,100.63876609086836,100.65568418611322,100.6424273111453,100.67051673131635,100.6766884014737,100.65815568684174,100.671632093393,100.66016333857966,100.65364820771936,100.68178365870628
