Unnamed:_0,index,Unnamed:_2,any,Sender,X,Zz,in,3,the
0,fixed_2_year_rate_mortgages,1.679684704396839,1.4789950130713143,1.720568554694771,1.815844799698536,2.721146526358015,1.6263050421617318,5.1070923751805335,5.1070923751805335
1,3_fixed_year_mortgage,2.477551888294013,1.4789950130713143,1.8608855635100257,1.815844799698536,2.721146526358015,1.6263050421617318,5.1070923751805335,5.1070923751805335
2,2_year_variable,1.7705316693523452,2.458336182355663,1.720568554694771,1.815844799698536,2.721146526358015,2.125684335163545,5.1070923751805335,5.1070923751805335
3,10_year_fixedkak,2.477551888294013,2.458336182355663,2.677448981607472,2.7671474106945464,2.721146526358015,2.6733976718549264,5.1070923751805335,5.1070923751805335
4,5_fixed_year_mortgage,1.7705316693523452,1.4789950130713143,2.0663885830938256,1.815844799698536,2.721146526358015,1.6263050421617318,5.1070923751805335,5.1070923751805335
