index,June_2019,June_2020
United_Kingdom,17.230789658112712,0.0
China,217.34633859893492,225.69799924960023
United_States,114.44236179567493,112.56893261023328
Rest_of_world,48.37357191416061,43.08613933392724
Japan,31.14413353386101,28.71885423979205
France,18.04778397415356,17.797063188614686
Germany,12.19901296499654,15.69045045359968
Netherlands,14.27575071010017,15.493310770910568
Ireland,22.19999631336168,0.0
Canada,11.001722071382574,22.929098820341835
