Unnamed:_0,index,Unnamed:_2,X,93,ag,S,vg,of,SC,gg,po,ng,xts,sc,it,F,>,I,2
0,Metal_trades,-11.6208378183009,-4.24425195392632,-3.681449770999184,-4.870517784660153,-2.1645949760300383,-10.695635913356472,-10.754986338098794,-11.340666507270065,-3.49171703630242,-11.288919207321328,-10.70710456075848,-10.46775149387796,-11.58389207423664,-10.992134522047431,-3.0648710050451804,-10.974227988616477,-2.4450325941238464,-2.535566529318896
1,Book_and_job_printing,-11.6208378183009,-2.453561397616679,-4.587972968321321,-3.034054975081101,-0.9164277268215164,-10.031563782983698,-10.754986338098794,-11.340666507270065,-1.576199405146773,-14.274130676061764,-10.70710456075848,-10.46775149387796,-11.58389207423664,-10.992134522047431,-1.5372429846114049,-10.974227988616477,-1.290342612758364,-0.9293755994816192
2,Planing_mills,-11.6208378183009,-2.453561397616679,-3.681449770999184,-3.661068558834556,-2.1645949760300383,-10.695635913356472,-10.754986338098794,-11.340666507270065,-1.576199405146773,-11.288919207321328,-10.70710456075848,-10.46775149387796,-11.58389207423664,-10.992134522047431,-1.5372429846114049,-10.974227988616477,-1.290342612758364,-2.535566529318896
3,Payroll_manufacturing_industries,-14.418769135732404,-9.396127220814838,-8.316169513632595,-10.162733384997678,-2.1645949760300383,-13.491413516025403,-13.796987497290411,-14.09732837033102,-9.22703735369392,-14.274130676061764,-13.658454330548231,-13.500700538754304,-14.276663500442371,-13.953748161434644,-9.387093713106584,-13.7904937914404,-9.393973506052262,-2.535566529318896
4,Building_trades,-10.917940676554837,-0.2919876694015277,-1.0037927242584566,-1.620204030749278,3.5010656934170754,-8.17258697891034,-8.90103331792086,-10.110197630076463,0.9294511888226396,-10.078892013765168,-8.581664863376336,-8.178406195255873,-10.616688079770244,-9.067299632426478,1.5429133481007775,-9.180402219023952,2.6735252170693293,3.3345714479754616
