Unnamed:_0,index,Female,Male
0,Conservatives,9.78509568216461,32.3635530451882
1,Brexit_Party,16.51093529362244,69.00669560719246
2,Liberal_Democrats,10.74988047340473,14.78084143546279
3,Don't_know,0.0,12.67623620678974
4,Labour,1.8816053996900592,21.47186346594829
5,Other,4.779771917312488,3.000549054614794
