index,Giorgio_Armani,Emporio_Armani,Armani_Collezioni,Armani_Jeans,Armani_Exchange,Armani_Junior,Others
2008,3480.816406589881,2905.0261193059214,1209.161536044223,1232.6484417070496,924.1057138953038,188.71274025919277,54.17855971410654
2009,2877.0963811508045,2514.850626154708,1043.489829900842,1200.674667756628,972.6517486674238,194.46429185450236,0.0
