index,18-24_year_olds,25-34_olds_year,35-44_olds_year,45-54_year_olds,55-64_yera_olds,65+_folds_year
2016,0.7892552121255674,0.6891634796502157,0.589214803486168,0.0972672286649751,0.8884155526434587,0.2968208643624459
2017,1.6839085921671042,1.3889398301816676,0.7891071965288052,0.2964884014949767,0.1958931108038368,0.0
2018,0.9946170294328348,1.386906618514548,0.5879528560787226,0.2951682778542679,0.3961536354208954,0.1961855179041411
