index,Do_job_a_good_of_portraying_racial_minorities,Give_into_stereotypes_when_portraying_racial_minorities,Not_sure
White,45.61028117712781,28.58657679629064,24.58322116719227
African_American,15.877784536384404,69.41504450561557,13.860031165958915
Hispanic,30.574195181686235,44.55363603490496,23.54754297920143
Other,22.55130145180216,45.60732953705836,29.599520100745245
