index,White,Hispanic,African_American,Other
Very_interested,7.177220186203471,17.087862694217932,14.01312338544163,13.193065390302197
Somewhat_interested,16.91999789024277,21.131200817009272,26.49373999096978,18.78322650272385
Not_too_interested,21.70653856653589,13.697401694876936,23.47852597522658,17.777370767227126
Not_interested_at_all,29.75258459749716,49.15414964322498,37.98471237459551,51.11897118036858
