Unnamed:_0,index,Unnamed:_2
0,16-20,41.98130211613291
1,21-30,44.51817973443937
2,31-40,34.620148210804295
3,41-50,29.15031411827841
4,51-60,27.866117177537475
5,61+,19.65012797765275
