index,of,he,Unnamed:_3,of_>,and_the_of,and,of_State_the_o,of_93_the_>,of_93,of_o,Unnamed:_11,Unnamed:_12,Unnamed:_13,sor
2018,0.0,2275.809054743024,431.2498054142866,1077.303388301165,897.7251844707857,0.0,897.0347361177701,0.0,0.0,754.0771928318468,431.2498054142866,431.2498054142866,431.2498054142866,175.33109928343765
2019,0.0,2272.6329923191506,171.9415485344598,1215.472481644346,0.0,1021.0191398919663,0.0,897.3458614645738,0.0,786.0267372947797,171.9415485344598,171.9415485344598,171.9415485344598,124.69793767030431
2020x,0.0,2354.722218437385,438.6028685799333,0.0,1120.4625523898867,1077.5869804314373,0.0,0.0,0.0,939.3897184898046,438.6028685799333,438.6028685799333,438.6028685799333,104.99898021201852
