index,United_States,Canada,United_Kingdom,Sweden,Germany,Australia,France,Switzerland,Norway,Netherlands,New_Zealand
Missing0,29.809701705415883,29.789076020006043,53.916738157069,53.90494752322734,29.788494940381234,29.80208427978878,29.809720194313023,79.71965021119604,79.69439173641382,29.78883566434305,29.779274263243856
2,9.839088486805274,0.0,0.0,0.0,53.95357332274007,53.94701240552173,0.0,0.0,0.0,0.0,0.0
3_or_more,14.130535839934744,89.79600407389643,29.72601567435876,0.0,0.0,0.0,0.0,0.0,79.695860283102,0.0,0.0
