Unnamed:_0,index,St,you,the,th,Egg,be,May,for,good,MIST,and,FISE,lines,is
0,Home_quarantine,527933.2908207962,527933.2908207962,14022.80195103638,527933.2908207962,527933.2908207962,527933.2908207962,527933.2908207962,527933.2908207962,527933.2908207962,18068.32982944761,293022.03755687666,527933.2908207962,527933.2908207962,527933.2908207962
1,Hospital_auarantine,527933.2908207962,527933.2908207962,14022.80195103638,527933.2908207962,527933.2908207962,527933.2908207962,527933.2908207962,527933.2908207962,527933.2908207962,14965.178589281975,25910.56647724763,527933.2908207962,527933.2908207962,527933.2908207962
