Unnamed:_0,index,2020_Shipments,2021_Shipments
0,Previous_(3Q19_forecast,1387.511295092414,1419.1336579641284
1,Revised_(4Q19_Feb_2020)_forecast,1324.421450756975,1409.0610394148534
