index,Conair,Helen_of_Troy,Others
2004,50.55365308296459,29.65294290413975,18.663707286767696
2008,49.43303025353467,29.51675937253192,19.735210671186454
