index,Total,Analog_sabotage_of_IT_systems_or_processes,Eavesdropping_meetings_telephone_on_or_calls,Spying_on_electronic_communication,Digital_social_engineering,"Theft_of_sensitive_physical_documents,_parts,_etc.",Digital_sabotage_of_IT_systems_or_processes,Theft_of_sensitive_digital_documents,Analog_social_engineering,Theft_of_IT_communication_devices_or
Affected,29.50121209014143,19.84253203555464,14.740786039846398,29.488541903164624,29.498587725786884,24.451874040276053,24.42013143793196,24.42817541983726,31.47910395656493,31.489570898118508
Probably_affected,29.487339578099856,29.51573764168516,18.70203821562754,18.703411429533983,29.477336477688027,24.433460767583853,24.437879464776145,29.513485570878597,24.462072442221256,24.42840123723522
