index,The_New_Mutants_2,Dark_Phoenix,The_Wolverine,X-Men:_First_Class,X-Men:_Apoca_lypse,X-Men,X-Men_Origins:_Wolverine,X2:_X-Men_United,Logan,X-Men:_Days_of_Future_Past,X-Men:_The_Last_Stand,Deadpool_2,Deadpool
North_America,0.0,66.12877670406783,0.0,0.0,0.0,0.0,0.0,0.0,0.0,0.0,0.0,0.0,0.0
Worldwide,501.2359838861736,317.6347175027645,550.6915995430506,455.1834929342941,501.26892016819113,455.37707676357775,553.4935539287952,625.9508791949573,626.0285622439588,626.1784389616254,626.0601677671071,553.5102300008774,626.1388488852607
