Unnamed:_0,index,Unnamed:_2,State
0,Not_at_all,12.104596194107756,80.12042513316425
1,Only_little_a,17.953141709146266,80.12042513316425
2,Fair_amount,32.70144809155109,80.12042513316425
3,Great_deal,44.82458835661362,80.12042513316425
