index,United_States,United_Kingdom,Turkey,Spain,Russia,Netherlands,Japan,Italy,India,Germany,France,Denmark,Canada,Brazil,Australia
Male,24.944665661876776,24.944843425884898,22.942174214653427,22.9494625389864,24.949856794161555,24.951865104205687,24.953425829872224,24.95031813408739,24.951865104205687,24.950293797348188,24.950277925561743,26.272618882854797,26.27794651250295,24.93616896553622,17.95154491736725
Female,15.80393772672847,0.0,22.941274813421863,22.94077749744676,24.9421960119068,0.0,0.0,0.0,0.0,26.274636715970782,26.275733985473305,26.275829216191937,26.27346008753608,44.59271726253586,44.59336694766078
