index,Showrooming,Webrooming
Yes,31.854342109826312,29.968932680124205
No,68.00816427209985,69.92605807914529
