Unnamed:_0,index,the_of_a,the_a,in_a,Unnamed:_5,2,the_>,the,the_8,the_>_a,fix_2_of,is,the_of,to,to_a_of,to_,to_of,to_>,to_a,11_>,11_2,a_to_is_a_&,the_the_>_a,S_is_o
0,Samsung,0.0,1029.7347484780112,1164.809630808324,1754.145043815908,1203.298651636942,0.0,1452.441805649847,0.0,0.0,0.0,1888.3725341238635,0.0,3786.6425278733577,0.0,0.0,2945.1416619693828,0.0,3371.79859550712,0.0,0.0,4772.010463311589,0.0,5059.096189091967
1,Micron_Group,0.0,0.0,0.0,843.9381079122059,0.0,0.0,697.3729461385356,0.0,0.0,0.0,810.1424113569537,0.0,1304.336786059847,0.0,0.0,506.0870663624764,0.0,731.915060433108,0.0,0.0,1422.2405955819595,0.0,1586.4302244935488
2,SK_Hynix,0.0,466.0161150995955,507.8184783333945,785.1294975381079,587.4248211814738,0.0,851.3547679957464,0.0,0.0,0.0,786.5956045300636,0.0,898.8285201268473,0.0,0.0,1050.9878551696156,0.0,1313.7417485696797,0.0,0.0,2060.67524868877,2128.3186138567207,2151.967879882576
3,Elpida,0.0,0.0,249.95391810906492,530.9564383083753,462.66317493636143,0.0,529.864530130033,0.0,0.0,0.0,0.0,0.0,0.0,0.0,0.0,0.0,0.0,0.0,0.0,0.0,0.0,0.0,0.0
