index,Central_and_South_America,North_Africa,Sub_Saharan_Africa,Middle_East,India,China,of_Rest_developing_Asia
2009,28.530658179522906,0.0,581.7565264112492,19.57305391515183,285.6747139406337,0.0,326.66923008841025
2016,14.754955960767688,0.0,583.8889551410169,16.536554339054533,236.0674829025357,0.0,196.77531735806812
2030,0.0,0.0,596.9188736080503,11.23720247016115,0.0,0.0,52.99810470660043
