index,U.S,Canada,Mexico
2008,59.1626333912925,0.0,0.0
2015,171.9822440421397,0.0,0.0
2022,529.3522893866557,16.401759230847915,0.0
