Unnamed:_0,index,Vice,HuffPost,Vox,The_Hill,Business_Insider,The_Guardian,Univision,LUSA_Today,Wall_Street_Journal,MSNBC,Politico,Newsweek,CNN,Washington_Post,Time,New_York_Times,ABC_News,CLS_News,NBC_News,BBC,PBS,NPR
0,Trust,20.126952401011977,20.170516111895843,20.169045658677128,20.16913648800783,20.170945710081615,20.153992538247746,20.1188464969582,20.167106329724213,20.15513895169206,40.502023530197306,40.501144695051565,40.50357008366609,40.5132470896564,20.164401088577257,20.154895921861247,60.559157634057954,60.58614376466464,60.586681376108544,60.59742869529312,60.57659441070666,60.55386989410282,60.568522874507735
