index,Singapore,Indonesia,China
Premier_League_(England),86.35225693747297,73.21502713075306,61.283927538547374
La_Liga_(Spain),23.742823301376774,49.37855495739648,61.33474818224098
Bundesliga_(Germany),13.833139532068913,11.767642394090656,51.40975397064759
Serie_A_(Italy),14.706117256457604,28.806861447617123,58.34653260916309
