Unnamed:_0,index,Unnamed:_2,the,Ind,FISIS,I,SHIFFIES,with,Your,FIS,MEY,up,Staps,Cony,May,SIS,CONTERTICALLY
0,Land_Rover,2.0132068651234403,3.795210896370896,2.991485553804692,5.813182171534816,5.813182171534816,5.813182171534816,5.813182171534816,5.813182171534816,5.813182171534816,5.813182171534816,5.813182171534816,5.813182171534816,2.063584334275249,3.372425823989248,5.813182171534816,5.813182171534816
1,Jaguar,1.568565800704901,1.3030727718018076,5.813182171534816,5.813182171534816,5.813182171534816,5.813182171534816,5.813182171534816,1.4803187129365225,5.813182171534816,5.813182171534816,5.813182171534816,5.813182171534816,5.813182171534816,2.063584334275249,5.813182171534816,5.813182171534816
