Unnamed:_0,index,"Gen_Y,_age_19-30","Gen_X,_age_31-48","Baby_Boomers,_age_49-66"
0,Personal_fulfi_ation_benefits,33.705193964170505,40.693914507976245,47.9383083514832
1,Person_oodwill,40.98389949401816,33.92092291537752,25.24438620826932
2,benefits_Compensation,19.865381383803765,18.834825229745302,18.73651819634523
3,Corporate_sovereignty_aoodwill,3.5579269740421324,3.963920689169939,6.522395056170225
