index,White,Hispanic,African_American,Other
Very_favorable,8.862255897543832,16.036469487219847,14.910117032334227,22.17813190615179
Very_unfavorable,23.60914813115744,21.90758104410682,20.07712317996672,17.881723533490444
Somewhat_unfavorable,19.822965431290896,12.330250048107558,13.354853414917685,11.26115372017108
So_on,18.75980231711037,23.880411470216583,22.617165155918528,23.504260458993656
Never_heard_of,10.501812916188683,7.974607810578391,13.508674745459912,9.535153585168985
Heard_of_opinion_no,19.08055824048151,16.785018721254858,16.085114469566705,16.014960051843758
