Unnamed:_0,index,Unnamed:_2,CONTERTION
0,Luxury,-3856743.379020413,625271.0612671168
1,Mini,-3589831.1203043903,625271.0612671168
2,Dual_purpose,-1653934.88911898,625271.0612671168
3,Specialist_sports,-3727890.714563576,625271.0612671168
4,Supermini,-1154675.7068156393,625271.0612671168
5,MPV,-3589831.1203043903,625271.0612671168
6,Upper_Medium,-3220275.547754024,625271.0612671168
7,Executive,-3589831.1203043903,625271.0612671168
8,Lower_medium,-1372146.002813384,625271.0612671168
