index,Washington,New_Mexico,Michigan,Minnesota,Pennsylvania,Texas,New_York,Idaho,Wisconsin,California
2018,0.0,279.4280680443894,420.5179544746227,443.2773668490625,500.348775206726,497.606080288841,575.7300372395473,622.6118650530211,622.4166676563902,622.4636112736762
2019,279.8809690063599,280.06976732756993,421.1893966603584,444.7267318355332,444.4456844430592,623.498725713717,623.215272268885,623.1391488676811,623.2483426906588,623.3670071452589
