index,Less_than_hhigh_school_a_diploma,High_school_diploma,college_Some_or_associate_degree,Bachelor's_degree_or_higher
Moderately_satisfied,39.766329887891054,40.61096609234141,38.77435376474879,37.96668620760109
Very_satisfied,41.71688432212371,46.88563731771076,47.641124373910365,50.412269160777335
