index,Chronic_causes,Acute_causes,All_causes
Total,37810.02863238968,49133.17840403733,87141.17000844316
Males,26082.528572065028,35042.91892133021,61699.67199932778
Females,11422.48037052968,13805.118690676129,25393.15614409851
