Unnamed:_0,index,Unnamed:_2
0,2015,12.86965452164417
1,2016,11.983034202401688
2,2017,12.282892711310634
3,2018,11.544535629112074
4,2019,11.836710046551492
5,2020,11.836710046551492
