index,Romney,Paul,Santorum,Gingrich,Obama
Negative,32.518049484021475,35.530132190279865,41.42811826074461,46.42094446435087,36.45705499974076
Positive,34.463954854141875,27.529572602861272,18.59127949962651,15.735282490261994,12.718246237788456
