index,Record_Integrated_record_Record_production_andproduction_distribution_production,Integrated_record_oduction)_distribution,Record_production,Music_publishers,Sound_recording_studios,Other_sound_recording_industries
2009,8784.828139862846,7748.658690445725,1106.014279810839,5766.342246258548,5508.780746693594,3213.3172937849013
2010,9406.518689528328,8250.835144320672,1104.9681775379722,5611.805346519577,5353.525166456131,2811.1898141763013
2011,9365.650686167412,8032.603383553966,1292.580854258853,5346.7378572211455,5326.454181261002,2365.084853978384
2012,7393.058050902449,8400.905516835528,1024.7251317370683,5507.606970521279,5631.557734317514,3073.2940334537525
2013,7118.073182576198,8204.950792265452,962.111380341732,5347.396819282796,5711.7657727588885,3466.2866514827383
2014,13329.184961229606,12383.019433151569,916.7336053714062,5913.282548980573,5347.256789844694,2634.666233399112
2015,14338.31122541357,13320.45989168208,1038.8310383692517,6087.044666868165,4988.472539841077,2743.2631811589163
2016,9830.324991336964,8867.551560048923,921.3937027011344,5094.647802024323,5017.06531554733,2683.950417841152
2017,9277.257103366486,0.0,0.0,5171.441593283775,5067.210269182398,2742.865744665484
