index,75_years_and_over,65_to_74_years,55_to_64_years,45_to_54_years,35_to_44_years,25_34_to_years,18_24_to_years,Under_18_years
Male,637.478270338818,1023.663818283546,782.6991355878288,782.3739564317812,1023.6595294816906,0.0,1396.8823937576074,0.0
Female,1023.4201263627474,2281.6908634841384,999.6282180095347,783.090791172632,792.8643657696214,792.6672458381993,999.816320460133,999.4496828861518
