index,10_20_to_years,35_21_to_years,36_50_years_to
Male,5.910741817911301,32.97803358357688,19.85125730764967
Female,2.904814335809995,21.92869804211608,15.88145274289085
