index,Russia,Japan,Germany,Australia,United_Kingdom,France,Canada,United_States
A_deal_great,49.89052827283688,49.90564294740511,49.92021148343429,39.982561331648434,49.88190335090853,49.87391462227839,39.94817493863204,39.943614100832285
A_fair_amount,47.746870597121145,0.0,0.0,0.0,41.86766017400903,0.0,0.0,84.80653913750781
