Unnamed:_0,index,Unnamed:_2,Intermationalism,Indering,CA
0,2018,-17038.540500103754,-18093.839112175323,-8801.84350219153,-8746.499450615616
1,2020,3530.8652713275915,-2554.37056647524,-16332.538881084278,-16709.81865915882
2,2019,-19056.231553571237,-18093.839112175323,-14582.783716902675,-15065.280790210143
