index,High_School,Middle_School,Elementary,Total
English/language_class,51.94204823668474,55.00245953653981,50.0020837992234,77.92553249419876
Math,51.8871669914586,55.02149507874873,50.03933806338816,77.92661069693281
History/social_studies,55.004026016269606,54.99667463399192,50.02311601316206,77.91807946317846
Science,50.01103796435324,50.00021055810968,50.00937891166143,0.0
Foreign_language,0.0,77.90929047725535,77.92773790888205,77.92701366159099
