Unnamed:_0,index,2018,2019
0,Warner_Bros,8.640165607363214,14.2636834715234
1,Home_Office_Box,3.576907286010652,6.676165984179784
2,Turner,6.938287010432351,13.056435798277745
