index,Unnamed:_1,<_that,any_>o,>o,>o.1,sin,Unnamed:_7,ch_to_o,of_his,ch,to,ch.1,>art,Unnamed:_14,Unnamed:_15,Unnamed:_16,-_>
Facebook_fans,30.958788421714075,39.19272851879066,8.996608747601499,41.16005075283636,41.16005075283636,66.00498609155841,30.958788421714075,155.85717954117388,175.56859307663967,191.02454251475933,218.21911977280317,191.02454251475933,269.1831289036927,30.958788421714075,30.958788421714075,30.958788421714075,267.1078927591924
Twitter_followers,9.592717577896678,17.853228417409014,0.0,22.71234444584411,22.71234444584411,35.364163152853,9.592717577896678,70.14179925209476,80.65124142195265,136.149537556105,121.64510611180587,136.149537556105,212.001701954589,9.592717577896678,9.592717577896678,9.592717577896678,218.98039532813635
