index,Unnamed:_1,Unnamed:_2,Unnamed:_3,Unnamed:_4,Unnamed:_5,Unnamed:_6,Unnamed:_7,Unnamed:_8,Unnamed:_9,Unnamed:_10,Unnamed:_11,Unnamed:_12,Unnamed:_13,Unnamed:_14,Unnamed:_15,Unnamed:_16,Unnamed:_17,Unnamed:_18,Unnamed:_19
Commercial_heaters_gas_storage_water,91673.31789997118,91673.31789997118,91673.31789997118,91673.31789997118,91673.31789997118,91673.31789997118,91673.31789997118,91673.31789997118,91673.31789997118,91673.31789997118,91673.31789997118,91673.31789997118,91673.31789997118,91673.31789997118,91673.31789997118,91673.31789997118,91673.31789997118,91673.31789997118,91673.31789997118
Commercial_electric_heaters_storage_water,59158.043968826416,59158.043968826416,59158.043968826416,59158.043968826416,59158.043968826416,59158.043968826416,59158.043968826416,59158.043968826416,59158.043968826416,59158.043968826416,59158.043968826416,59158.043968826416,59158.043968826416,59158.043968826416,59158.043968826416,59158.043968826416,59158.043968826416,59158.043968826416,59158.043968826416
