Unnamed:_0,index,Sweden,Australia,Japan,United_States,Italy,Germany,France,United_Kingdom
0,Social_networks,0.0,79.37436553349747,79.37043348063011,79.37813495309078,79.37359433700446,79.3521765840612,79.36410652164675,0.0
1,Text_messages,0.0,0.0,79.38742865776659,79.33933904788185,79.35856912097763,79.38320281575905,79.37099220461994,79.37328743227766
2,Instant_messaging,0.0,0.0,0.0,0.0,79.36452359730112,0.0,0.0,0.0
