index,Developed,World,Developing,LDC
Male,87.01677431159779,57.72123227977318,52.41590613007296,24.029472666967948
Female,85.1825427392921,47.87791021423238,40.4173984256612,13.503468094719196
Total,85.85303896289444,52.8789119709097,46.65548109585174,18.99733071864492
