index,None_of_these,Hybrid_2_in_computer_or,Tablet,Laptop,Smartphone
Total,0.0,14.764957889049072,0.0,68.4488055177133,0.0
Elementary,14.758083696166937,14.767500505915564,14.75871478671226,14.761411264496829,14.747441214698044
Middle_school,68.44861253961267,68.4525972766096,68.44970260510004,68.4538985748828,68.45909333672697
High_school,0.0,0.0,0.0,68.47890488578825,0.0
