index,Cardiovascular_Prosthetic_Devices,Clot_Management_Devices,External_Defibrillators,Cardiovascular_Surgery_Devices,Cardiac_Assist_Devices,Electrophysiology_Devices,Prosthetic_Heart_Valves,Interventional_Cardiology,Peripheral_Vascular_Devices,Cardiac_Rhythm_Management_Devices
2007,0.0,0.0,0.0,0.0,6139.044043560989,6147.124910771028,0.0,0.0,0.0,0.0
2014,0.0,0.0,0.0,3759.8198309090512,3761.5472525402574,6297.335122808443,6293.033339814239,24114.143513758863,24093.495514422808,0.0
2021,0.0,0.0,0.0,0.0,3755.2441202128175,6280.815605267344,6297.50842400769,6296.966158964882,0.0,0.0
