Unnamed:_0,index,2020,2019
0,Global,0.4410730489565519,7.813874042405122
1,Americas,4.43132012619223,7.813874042405122
2,EMEA,-1.6014677468398073,7.813874042405122
3,APAC,-1.6014677468398073,7.813874042405122
