Unnamed:_0,index,2_500,2_000,000,500,1992_(Sweden),996_(England),2000_(Belgium_&_the_Netherlands),2004_(Portugal),2008_(Switzerland_&_Austria),2012_(Poland_&_Ukraine),2016_(France)
0,Commercial_Rights,0.0,0.0,0.0,0.0,0.0,0.0,133.5119100880952,176.6992577159008,291.6168236399167,315.03933870779906,481.0069949366316
1,Broadcast,0.0,0.0,0.0,33.321052744711324,99.2570660457386,0.0,222.74671610894936,566.0967273814304,811.8906674358282,849.5367535355847,1026.8868657854969
2,Hospitality,0.0,0.0,0.0,0.0,0.0,0.0,0.0,0.0,144.4253459351835,93.5394689286943,124.03140398121012
3,Ticket,0.0,0.0,0.0,61.28555267897627,137.7492130508831,70.57672610171585,80.12184276814105,82.01616938614234,98.68444402676003,140.09093967498256,273.08196618055854
