index,18_and_years_under,19-24_years,25-34_years,35-44_years,45-54_years,55-64_years,65+_years
2011,30.921388073581937,71.639190239487,136.3736272130252,176.3867153559268,184.9403884383217,180.1399068290363,183.33966296898183
2012,34.784789205230084,65.12027819524462,134.97850947464104,179.4195696261513,188.8042789132664,183.2523569637609,188.1145435692175
2013,33.60611636153925,63.06353251435564,130.6714649362851,181.06125670997076,193.40346139964595,186.94372408867568,192.1426743637582
