index,None_of_these,At-home_skin_device,Facial_oils,Acne_products,BB_cream,Facial_toner,Face_mask_peels_or,Anti-ageing_products,Soap,Eye_cream/gel,Facial_exfoliator/scrub,Make_up_remover,Facial_wipes,Facial_cleanser,Lip_balm,Facial_moisturiser
Male,12.083341117095216,12.084603348751074,12.052229631241543,9.916074217201796,0.0,0.0,0.0,0.0,0.0,0.0,0.0,0.0,0.0,0.0,0.0,0.0
Female,12.72512027805449,12.744033557185915,9.93369749558093,9.931831917193565,12.748499332784348,12.747103304572974,12.754303073938004,12.737654238397198,12.734910146777352,12.727384721645109,12.734044255861434,12.753389218219157,12.74353371345019,12.74949144686586,12.74869876538598,12.74542453647068
