index,Frequently_(one_or_more_times_per_month),Occasionally_(less_than_once_a_month),Infrequently_less)_(once_a_year_or
Male,16.825438730434755,41.84264016110286,40.73662952270944
Female,11.941742849803203,39.01896551414411,49.79428918394074
