index,None_of_the_above,Other,Sporting_Goods,"Jewelry,_Handbags_&_Accessories","Home,_Garden_&_Pool/Spa",Health_&_Beauty,Footwear,"Flowers,_Food,_Drinks_&_Gifts","Entertainment_(Books,_Music,_etc.)",Clothing_&_Apparel,Baby_Gear,"Art,_Art_Supplies_&_Hobbies"
Female,10.851775281651236,10.852901430056292,10.852772075171927,10.858912627623807,46.84063249972987,49.88235934178147,0.0,49.88855315800927,0.0,0.0,0.0,68.19497052991369
Male,1.889262327140024,39.92609651091831,49.90208976620247,19.880107044971368,46.84553657166945,49.89240717265225,39.92043533244966,19.894332277696023,36.9103623915131,47.799171215646766,36.906618708977376,47.79933861608536
