index,CBeebies,BBC_Four,BBC_One,BBC_Two,CBBC
2015/16,0.0,0.0,0.0,8.895839538108332,19.628413078252155
2076/17,0.0,19.63346606620881,19.638602263896395,8.906044749330379,19.63127610936446
2017/18,0.0,0.0,0.0,8.905470294002784,0.0
2018/19,0.0,0.0,0.0,8.904473009968402,0.0
2019/20,0.0,6.948946330586466,6.948525350984809,8.899474262428946,8.900673715291063
