index,Made_a_profit,Broke_even,Made_a_loss,Didn't_know/refused_to_say
2014,65.50411231062401,11.777099581779126,15.667801264086734,5.828362885538908
2015,72.41246388720194,9.765457501852794,10.950964607108986,6.762444341376877
2016,73.46843612615127,9.714436207580365,7.894388198592409,7.895754840403285
2017,75.42653773540049,9.77281003479527,7.886461676089368,5.818568619227676
2018,68.39858677848073,10.955374304685392,7.90921170676765,11.808222571285311
2019,64.34875332371558,10.938774162156037,9.709889845822872,13.86653091358012
