index,Demon_Hunter,Monk,Shaman,Warlock,Rogue,Priest,Death_Knight,Mage,Warrior,Druid,Paladin,Hunter
US_realms,4.988774741416064,6.375194558494577,7.180728780348206,7.489483985609242,7.971223959093802,7.969656540377641,8.36168132121644,8.363871108100057,8.362091974699364,8.363356057376139,8.363165514160062,15.535673194292755
EU_realms,5.176252474871657,6.383694903078478,5.175750200033874,6.383368570444047,7.492181522710414,8.364685479584864,8.3636688840738,8.364932966750573,7.491894247785026,8.364832584788081,15.537803117024197,7.969764587871814
