index,Homosexual,Bisexual,Heterosexual
Men,77.44026718274613,61.62861188220539,20.41971475143553
Women,24.5717182233532,35.34088695650193,7.475758656158277
