index,Unnamed:_1,Unnamed:_2,Unnamed:_3,>In,Unnamed:_5,Unnamed:_6,Unnamed:_7,Unnamed:_8,Unnamed:_9,Unnamed:_10
Download,131.38067983233225,131.38067983233225,131.38067983233225,141.36322219491214,131.38067983233225,131.38067983233225,131.38067983233225,131.38067983233225,131.38067983233225,131.38067983233225
Upload,22.848366256416654,22.848366256416654,22.848366256416654,27.08302513932918,22.848366256416654,22.848366256416654,22.848366256416654,22.848366256416654,22.848366256416654,22.848366256416654
