index,Instagram,Twitter,Facebook
2013,0.0,7.774777396149332,84.22745306592691
2014,6.854281720434344,21.688279899889707,78.08349831609452
2015,13.672673546464196,24.54672174174611,77.1403932848248
