index,White,Black,Hispanic,Asian,American_Pacific_Two_or_more_indian/HastalliatondayMHa_races,Two_Pacific_or_more_lander/Native_races,Two_or_more_races,Total
Anywhere,20.531769603193972,32.866490838087856,25.48710474945021,10.829337994117008,22.36604453598141,34.30441901442954,25.194168635879443,23.42176232022458
On_school_property,6.4042501342667535,15.09952962588817,9.247621157313128,3.565657879394898,8.471061430926312,14.045670691403032,9.018260080993588,8.386951943685762
