index,Vanquis_Bank_Limited,Marks_&_Spencer_Financial_Services_Plc,Bank_of_Ireland_(UK)_Plc,Tesco_Personal_Finance_PLC,Clydesdale_Bank_Plc,Capital_One_(Europe)_plc,"Royal_Bank_of_Scotland_Plc,_The",TSB_Bank_plc,Nationwide_Building_Society,Bank_of_Scotland_plc,Lloyds_Bank_PLC,Santander_UK_Plc,National_Westminster_Bank_Plc,HSBC_UK_Bank_Plc,Barclays_Bank_UK_PLC
Complaints_(H2_2019)_opened,16.570731178111714,15.88845865088237,16.21312248625179,16.220050375892015,16.322888833620823,23.024982435224643,23.179838213009845,33.77259808654014,15.846442744647137,76.86304160272492,76.61358773474456,16.094916407618427,115.33188495583012,33.75294414542654,114.71932327975269
Complaints_closed_(H2_2019),15.980149353338817,15.65521969966187,16.273945037745364,16.26545546554837,16.63348091233493,16.587992754457474,33.840115936654826,33.82659243025884,43.85241169474291,43.875986455892686,76.657647119219,111.79676728388016,15.577916413100922,114.79875311277394,33.801173554600496
