index,Sophie_Turner,Maisie_Williams,Lena_Headley,Kit_Harington,Emilia_Clarke,Peter_Dinklage,Nikolaj_Coster-Waldau
Net_worth,5.87722824928985,5.872454139815984,8.83108802839004,11.77188365583622,11.770794009553526,11.774557488676964,8.827367096307052
Earnings_episode_per,5.874755547913052,0.0,0.0,0.0,0.0,0.0,0.0
