index,Up_to_23,23-29,30+,All_ages
Goalkeeper,49.20860250430451,181.38874869211668,152.822199736087,149.07910531900325
Defender,63.571121936396935,147.72691314397792,199.15535809291828,145.64353597543294
Midfielder,98.25986278599578,378.7154611550799,230.94182081404244,204.52554269813768
Forwards,224.223215000578,223.03809304942507,471.5622650831157,305.24191708299867
Total,113.51462574930888,188.3894118904048,254.90522166863093,201.51084603825785
