index,Male,Female
Freelancers,58.502626447293096,39.6640026626769
U.S_workers_overall,52.41758163007742,45.56969899170223
