index,Google,Yahoo,Bing,DuckDuck_Go
Overall,91.37463854747786,2.4199042774403665,3.4427673527873,0.0
Mobile,95.45227993831467,1.5180364159654545,0.0,0.0
