index,WhatsApp,Instagram,Twitter,Facebook_Messenger,YouTube,Facebook
2019,3.894868380348136,24.81541731207845,10.934753996933068,12.948854558094824,24.80898768016552,24.956759720539008
2020,5.968030356622123,9.957041077572493,12.95292106812554,12.9335337667248,24.93402524063649,24.94394480856079
