index,"Yes,_am","No,_considering_but_I'm_it","No,_I'm_not"
18-29_years,60.97658168609857,23.90791203415513,14.715253239930206
30-59_years,42.02721708172233,19.87986076836559,37.85546963795612
60_folder_years_and,17.88436234798047,15.959429080638074,66.09681212933226
