index,Umbro,Timberland,Speedo,Champion,Puma,Reebok,Adidas,Nike
2012,14.917711089975754,14.927570347491322,14.910219004299435,14.918673000940537,27.86199915974636,34.883780307452604,55.61224775237429,1.925196842081931
2013,0.0,0.0,55.59221651731757,55.595126001099935,55.61707578011111,55.609821203314986,55.611205352289,55.585776068182994
