Unnamed:_0,index,Trentino_South-Tyrol,Sardinia,Sicily,Aosta_Valley,Campania,Friuli_Venezia_Giulia,Lombardy,Piedmont,Emilia_Romagna,Veneto,Lazio,Abruzzo,Calabria,Liguria,Apulia,Tuscany,Umbria,Marche,Molise,Basilicata
0,News,0.0,0.0,0.0,0.0,0.0,0.0,0.0,0.0,0.0,0.0,0.0,0.0,0.0,0.0,0.0,0.0,0.0,796507.6498856001,0.0,582938.1121046438
1,Symptoms,479194.4506220116,479598.1417978782,479675.2809163588,479590.5395277592,479788.78334086336,638770.1142066058,479408.1382076304,390245.55106922216,639458.4386287476,612493.0270283329,638947.6245557491,639330.3961981062,639005.4656039274,638957.5394045408,639196.1337282767,639254.8519614688,639065.0344407693,612088.5915742728,638678.4085006246,390537.8929110725
