Unnamed:_0,index,Unnamed:_2,was,into,Lines,Imp,tris,Sp,I,pis,th,of,K,Li
0,Edge_(legacy),17.96221895927267,3.467778488468696,8.614895709115885,92.62127838250768,92.62127838250768,92.62127838250768,92.62127838250768,4.486854879305056,92.62127838250768,4.667679166406529,92.62127838250768,4.656961954044419,4.589558202199498
1,Edge,17.96221895927267,5.763579382831935,92.62127838250768,9.816884463853413,92.62127838250768,92.62127838250768,92.62127838250768,4.486854879305056,92.62127838250768,4.667679166406529,92.62127838250768,4.656961954044419,20.41453070103175
2,Internet_Explorer,15.033540969436132,5.763579382831935,92.62127838250768,5.849364538019685,92.62127838250768,92.62127838250768,92.62127838250768,20.99056306938589,92.62127838250768,4.667679166406529,92.62127838250768,4.656961954044419,20.41453070103175
3,Opera,17.96221895927267,5.849364538019685,92.62127838250768,5.544173131226884,92.62127838250768,92.62127838250768,92.62127838250768,4.486854879305056,92.62127838250768,4.667679166406529,92.62127838250768,4.656961954044419,4.589558202199498
4,Firefox,43.33876658430529,51.12400669904866,92.62127838250768,92.62127838250768,25.302267654370496,92.62127838250768,51.053174230186045,35.66182568009191,92.62127838250768,29.635398754697498,92.62127838250768,34.838546036136684,92.62127838250768
5,Safari,15.033540969436132,9.816884463853413,92.62127838250768,5.544173131226884,92.62127838250768,92.62127838250768,92.62127838250768,4.728692137743266,92.62127838250768,29.635398754697498,92.62127838250768,34.838546036136684,4.589558202199498
6,Chrome,17.96221895927267,49.2475730926983,92.62127838250768,51.12400669904866,92.62127838250768,92.62127838250768,92.62127838250768,35.66182568009191,92.62127838250768,29.635398754697498,92.62127838250768,34.838546036136684,27.4659581442435
