index,Male,Female
Yes,3.8571288611520913,6.820420636060277
No,95.42252079394449,92.41629929091816
