index,Unnamed:_1,Unnamed:_2,Unnamed:_3,Unnamed:_4,Unnamed:_5,Unnamed:_6,Unnamed:_7,Unnamed:_8,Unnamed:_9
Internet,23.69646866129593,23.69646866129593,23.69646866129593,23.69646866129593,23.69646866129593,23.69646866129593,23.69646866129593,23.69646866129593,23.69646866129593
TV,26.567369216798383,26.567369216798383,26.567369216798383,26.567369216798383,26.567369216798383,26.567369216798383,26.567369216798383,26.567369216798383,26.567369216798383
Newspapers_/magazines,6.887574143078069,6.887574143078069,6.887574143078069,6.887574143078069,6.887574143078069,6.887574143078069,6.887574143078069,6.887574143078069,6.887574143078069
Radio,14.706287537913,14.706287537913,14.706287537913,14.706287537913,14.706287537913,14.706287537913,14.706287537913,14.706287537913,14.706287537913
Other_people,3.833582262242203,3.833582262242203,3.833582262242203,3.833582262242203,3.833582262242203,3.833582262242203,3.833582262242203,3.833582262242203,3.833582262242203
Not_interested,22.71119057331361,22.71119057331361,22.71119057331361,22.71119057331361,22.71119057331361,22.71119057331361,22.71119057331361,22.71119057331361,22.71119057331361
