index,Yes,No
45_54_fold_to_years,26.86786073429201,72.5869274228276
16_24_ood_to_years,32.66623051684982,66.80058800366858
25_34_ood_to_years,36.74503480291251,62.52927333140445
35_44_fold_to_years,31.617338122381184,67.64313116253584
55_ood_and_above_years,17.86293715572576,81.63890603797206
