index,Free_public_Wi-Fi,Paid_public_Wi-Fi,Wi-Fi_point_access_at,3G/4G_(LTE)_mobile_network_access,Wi-Fi_point_access_at_trusted_location
On_device_any,48.68147241670586,14.867394406922829,81.53059355799473,58.72593171662211,48.71222611036854
Laptops,17.659825968784958,7.616279340635259,68.33782760466546,14.836459134584077,25.744559180134047
Tablet,16.769555276789816,5.706845766953094,34.47786275208526,11.672125773814855,18.529683394880934
Smartphone,36.80230872508236,7.61239929103084,47.65986300127809,47.695261286339175,35.58365777580217
