Unnamed:_0,index,Don't_know)_No_opinion,Never,At_least_month_once_a,a_few_times_month_a,At_least_week_once_a,a_few_times_week_a,At_least_day_once_a
0,65+_years,19.73125318401701,19.731607088918032,19.73424897773329,19.714969050227445,19.7346998120021,19.727614951467693,19.721461063698364
1,45-54_years,0.0,0.0,19.72323284237481,19.719910193813654,19.732328423748136,19.70825387379345,0.0
2,18-29_years,0.0,0.0,0.0,0.0,19.72240105314885,0.0,0.0
