index,Others,"Cholocates,_wafer",Cultured_drinks,Alcohol,Cheese,Seafood,Other_dairy_products,Beverages,"Bread,_pastry",Cooking_oil,Frozen_food,Poultry/meat,Fresh_food,Dry_food_items,Eggs
MCO_Phase,16.79448194123748,16.83827479667309,16.826674911575537,16.8101193099713,16.82064746655439,16.802197838342764,29.84315486175525,29.839410664438788,29.84326450150097,16.799111479500652,16.826450150096804,16.80449753200932,29.84477752999196,16.82534004767136,111.07470249254996
MCO_Phase_3,29.841055260624643,111.07943892956524,29.82107889895381,29.829151125232716,29.80127247888887,29.828616631472315,29.84665511063747,29.837705766392787,29.842719043766,29.82646769245613,29.853883110874293,29.86009420246953,29.843291911437404,111.08354767903622,82.15701398345317
