Unnamed:_0,index,Americas,EMEA,Asia_Pacific
0,2018,17299.79552924703,17316.224239926785,17290.654903483344
1,2016,17209.45440629858,17279.359592648165,89581.01658799768
2,2017,17230.61060589584,17305.395879255826,0.0
3,2014,0.0,0.0,89585.20082770452
4,2015,17286.26007840832,17315.305599407642,89593.95080235043
