index,Sports_Protein_Bars,Sports_Protein_Powder,Sports_Protein_RTD,Sports_Non_-Protein_Products
2014,35.08800258848004,277.9483697842969,0.0,66.95557266717003
2076,35.103433498385925,536.4780117148072,35.12155715850531,35.22473625201417
2018,0.0,278.0910210485996,277.971540335535,0.0
2020,277.9749103043649,278.0166559948001,67.04427218168667,115.61801931828812
