index,Line_of_Route,Serious_Fraud,Other_Serious_Offences,Theft_of_Railway_Property)_Burglary,Robbery,Drugs,Motor_Vehicle/Cycle_Offences,Criminal_Damage,Sexual_Offences,Serious_Public_Order,Violence_Against_the_Person,Theft_of_Passenger_Property
2013/14,0.0,0.0,0.0,0.0,0.0,0.0,4.971986008526595,4.9726822232660925,0.0,3.993816513826835,9.08385519751276,0.0
2076/17,0.0,0.0,0.0,0.0,0.0,0.0,0.0,4.972803857273943,0.9585110979581256,3.993702513752531,0.0,9.084558537256903
2018/19,0.0,0.0,0.0,0.0,0.0,0.0,0.0,0.9571456417109988,0.9597574648419184,3.995085273582366,9.085981502470087,0.0
