index,to,to_with,to_,to_his,to.1,6_Jo,>the,can,to.2,to_Mo,Do,to.3,Unnamed:_13,Unnamed:_14,Unnamed:_15,with,Unnamed:_17,Unnamed:_18,Unnamed:_19,Co,Unnamed:_21,Unnamed:_22,0,Unnamed:_24
Yes,16.865567153955,16.053708462675402,>,15.179281384261586,16.865567153955,18.20179358528523,20.127665600821476,16.068748457898735,16.865567153955,14.144557309218158,18.09468222647624,16.865567153955,11.121618619589356,11.121618619589356,11.121618619589356,14.114050830166336,11.121618619589356,11.121618619589356,11.121618619589356,15.118444039113015,11.121618619589356,11.121618619589356,16.890993401092345,11.121618619589356
No,88.91640158518288,83.98640655377513,>,84.80338938020795,88.91640158518288,81.85874898097447,79.91132674709489,84.01301191646795,88.91640158518288,85.90499063167604,81.96594814626101,88.91640158518288,83.2120412284026,83.2120412284026,83.2120412284026,85.9284914081989,83.2120412284026,83.2120412284026,83.2120412284026,84.83531330668282,83.2120412284026,83.2120412284026,83.24097346275005,83.2120412284026
