index,Nigeria,India,Australia,Brazil,France,Russia,Poland,China,Germany,New_Zealand,Spain,United_States,Sweden,Italy,Portugal,United_Kingdom,Japan,South_Korea,Netherlands
Full-fibre-_only,2.8799114326346285,2.874984248690112,11.874574279112622,11.873813570689832,38.80786828014278,38.794744608116126,40.00697412836461,9.863821578452558,0.0,40.02141307106119,40.03220525887605,19.928661809359497,40.01001115512123,39.74972112196942,0.0,0.0,0.0,39.97545989469705,39.99124314273618
VISSL_full-fibre_&,0.0,0.0,0.0,0.0,0.0,0.0,0.0,0.0,0.0,0.0,0.0,0.0,0.0,0.0,0.0,0.0,29.84993719800311,39.75516802655395,0.0
VDSL-only,0.0,0.0,0.0,36.63502080914988,36.61328835668979,0.0,0.0,0.0,0.0,0.0,0.0,0.0,29.847480864698998,40.01634361722082,39.99688167616004,79.76710418047023,79.75758080784911,10.019522913873288,9.900486563043856
