index,Kidney,Liver,Lung,Heart,Pancreas
2017,1918.4945745154096,347.1812374035603,303.67461123463545,159.38630725520125,94.92724283341158
2018,2179.843150690679,367.8525988445367,303.5652401599855,159.25090632144793,86.22116829200104
2019,2241.678222649254,385.2592679570207,308.5371715806682,166.50981202959656,77.62446482524047
