Unnamed:_0,index,1864:_Abraham_Lincoln,1868:_Ulysses_Grant_S.,1872:_Ulysses_S._Grant,1876:_Rutherford_B._Hayes,1880:_a_Garfield_James,I_884:_James_G_Blaine,I_888:_Benjamin_Harrison,1892:_Weaver_James_B.,1896:_William_Jennings_Bryan,1900:_William_McKinley,Roosevelt_1904:_Theodore,1908:_William_Taft_Howard,1912:_Woodrow_Wilson,1976:_Woodrow_Wilson,1920:_G._Harding_Warren,1924:_Calvin_Coolidge,1928:_Herbert_Hoover,1932:_Franklin_D._Roosevelt,1936:_Franklin_D._Roosevelt,1940:_Wendell_Wilkie,1944_Thomas_E._Dewey,1948:_Thomas_E._Dewey,1952:_Dwig_ltt_D._Eisenhower,"1956:_Dwight_D._Eisenhower""",1960:_Richard_Nixon,1964:_Lyndon_B._Johnson,1968:_Richard_Nixon,1972:_Richard_Nixon,1976:_Gerald_R._Ford,1980:_Ronald_Reagan,1984:_Ronald_Reagan,1988:_George_H._W._Bush,1992:_George_H._W._Bush,1996:_Bob_Dole,2000:_George_W._Bush,2004:_George_W._Bush,2008:_John_McCain,2012:_Mitt_Romney,2076:_Donald_Trump,2020:_Donald_Trump
0,Republican,134.8319477048094,135.0424266561484,225.1397908345556,134.81209575197312,225.19110951124523,225.0760991525392,360.9284923774475,451.2545675958228,451.1351456920421,360.9593387277748,315.6354692819368,315.81506741775263,451.5018553763791,315.6763794694658,360.9135000172327,451.3659246437639,451.03440392443696,315.9314563842946,406.09878491037136,315.7213220849146,315.8590105425205,361.1369034170327,270.495747377773,360.9872900016466,360.9844983207791,315.92504585785787,270.46979508526306,315.8336441583408,315.9677482355735,315.9394523097426,315.8549436494048,270.5520635078676,270.6950940708375,270.7326611343645,270.5553377014778,270.6238889761156,270.7127747163323,270.8017983173325,270.49240425377104,270.5724324386424
1,Democrat,0.0,0.0,0.0,0.0,0.0,0.0,0.0,0.0,451.3759195505738,451.5591709971547,0.0,0.0,451.5514852584699,451.3363879708808,0.0,0.0,0.0,451.1120540107914,406.1352835528256,406.171368612929,0.0,0.0,0.0,0.0,0.0,0.0,0.0,0.0,0.0,0.0,0.0,0.0,0.0,0.0,0.0,0.0,0.0,0.0,0.0,0.0
