Unnamed:_0,index,Unnamed:_2
0,17-20,37.585132757351374
1,21-29,64.26216891377223
2,30-39,81.22889386421431
3,40-49,88.2198948318271
4,50_599,88.2198948318271
5,60-69,88.2198948318271
6,70+,69.34396900723657
