index,Non-_occupational,Supply,Craftsman,Electrical,Administrators,Other_technical,Medical,Communications,Electronics,"Infantry,_gun_and_seamanship_crews"
Women,13.95168473153539,9.925781200297376,14.05738602591671,25.037844430670347,25.0525132373711,13.959425844365237,13.957742203447442,13.952873050293832,13.95195284169504,13.958532901206404
Men,14.056849805597412,14.059717221033653,14.070209871179884,14.062084770070545,29.72582100783972,29.730399329633716,29.735563858386936,14.055093456839716,13.95580862932998,14.06637226050492
