index,Unnamed:_1,Unnamed:_2,Unnamed:_3,Unnamed:_4,Unnamed:_5,Unnamed:_6,Unnamed:_7,Unnamed:_8,Unnamed:_9,Unnamed:_10,Unnamed:_11
Match_revenue,502.47103441130366,502.47103441130366,502.47103441130366,502.47103441130366,502.47103441130366,502.47103441130366,502.47103441130366,502.47103441130366,502.47103441130366,502.47103441130366,502.47103441130366
Advertising,502.4496635779242,502.4496635779242,502.4496635779242,502.4496635779242,502.4496635779242,502.4496635779242,502.4496635779242,502.4496635779242,502.4496635779242,502.4496635779242,502.4496635779242
Media_receipts,543.5483203129202,543.5483203129202,543.5483203129202,543.5483203129202,543.5483203129202,543.5483203129202,543.5483203129202,543.5483203129202,543.5483203129202,543.5483203129202,543.5483203129202
Transfers,155.3504393709777,155.3504393709777,155.3504393709777,155.3504393709777,155.3504393709777,155.3504393709777,155.3504393709777,155.3504393709777,155.3504393709777,155.3504393709777,155.3504393709777
Merchandising,214.15763012213893,214.15763012213893,214.15763012213893,214.15763012213893,214.15763012213893,214.15763012213893,214.15763012213893,214.15763012213893,214.15763012213893,214.15763012213893,214.15763012213893
Other_takings,214.5936968889473,214.5936968889473,214.5936968889473,214.5936968889473,214.5936968889473,214.5936968889473,214.5936968889473,214.5936968889473,214.5936968889473,214.5936968889473,214.5936968889473
