index,North_America,Canada,USA
Males,76.132755000616,79.16367235476487,75.12205200207423
Females,80.26349376204682,83.21742288996596,80.27712941527757
