index,the_a,Unnamed:_2,Unnamed:_3,Unnamed:_4,the_a.1,Unnamed:_6,Unnamed:_7,Unnamed:_8,Unnamed:_9,Unnamed:_10,Unnamed:_11,Unnamed:_12,Unnamed:_13,Unnamed:_14,Unnamed:_15,Unnamed:_16,Unnamed:_17,Unnamed:_18,Unnamed:_19
PC,110.69723122450304,95.11028560604468,95.11028560604468,95.11028560604468,110.69723122450304,95.11028560604468,95.11028560604468,95.11028560604468,95.11028560604468,95.11028560604468,95.11028560604468,95.11028560604468,95.11028560604468,95.11028560604468,95.11028560604468,95.11028560604468,95.11028560604468,95.11028560604468,95.11028560604468
Mobile,59.30873337942465,81.49424050379062,81.49424050379062,81.49424050379062,59.30873337942465,81.49424050379062,81.49424050379062,81.49424050379062,81.49424050379062,81.49424050379062,81.49424050379062,81.49424050379062,81.49424050379062,81.49424050379062,81.49424050379062,81.49424050379062,81.49424050379062,81.49424050379062,81.49424050379062
