Unnamed:_0,index,for,the,TREATED,From:,I
0,Actual_deaths,107065.350439122,59861.533945414834,107065.350439122,107065.350439122,107065.350439122
1,Maximum_expected_deaths,107065.350439122,54633.05572427901,107065.350439122,107065.350439122,107065.350439122
