index,Kidney,Liver,Heart,Lung,Pancreas
2017,10839.355769746116,2484.717578132764,1138.0953853684368,790.6733526746157,432.276944305042
2018,10546.45362434908,2372.7753010249944,1213.7244854166602,766.1399159994362,434.19296048592696
2019,10240.788669623504,2229.154965668624,1242.7085018889338,681.9650648281568,440.93319101046654
