index,Never,Once_year_a,a_few_times_year_a,Monthly,Weekly,Daily
Mobile,33.15366159977869,21.080419811540164,21.087874477622535,2.9931573754679093,11.022919731974763,50.55450719638456
Desktop/laptop,0.0,3.021551207068349,21.09004600104292,21.09316251661693,16.130367298375152,33.20343771497959
