Unnamed:_0,index,by,is,SH,any,the,FF,SS,I,S,a,th,From:
0,Africa,132496.16662317447,13866.598586993276,132496.16662317447,132496.16662317447,38694.87818235113,2563.99231294106,2675.952850721558,132496.16662317447,132496.16662317447,132496.16662317447,132496.16662317447,132496.16662317447
1,Asia,132496.16662317447,51726.59021558586,132496.16662317447,132496.16662317447,38694.87818235113,2563.99231294106,2675.952850721558,132496.16662317447,132496.16662317447,132496.16662317447,132496.16662317447,132496.16662317447
2,North_America,132496.16662317447,67918.46331598605,132496.16662317447,132496.16662317447,38694.87818235113,2563.99231294106,2675.952850721558,132496.16662317447,132496.16662317447,132496.16662317447,132496.16662317447,132496.16662317447
3,Middle_East,132496.16662317447,13866.598586993276,132496.16662317447,132496.16662317447,38694.87818235113,2563.99231294106,2675.952850721558,132496.16662317447,132496.16662317447,132496.16662317447,132496.16662317447,132496.16662317447
4,Oceania,132496.16662317447,51726.59021558586,132496.16662317447,132496.16662317447,38694.87818235113,2563.99231294106,2675.952850721558,132496.16662317447,132496.16662317447,132496.16662317447,132496.16662317447,132496.16662317447
5,South_America,132496.16662317447,50807.43420785457,132496.16662317447,132496.16662317447,38694.87818235113,2563.99231294106,2675.952850721558,132496.16662317447,132496.16662317447,132496.16662317447,132496.16662317447,132496.16662317447
6,Europe,132496.16662317447,132496.16662317447,132496.16662317447,132496.16662317447,38694.87818235113,2563.99231294106,2675.952850721558,132496.16662317447,132496.16662317447,132496.16662317447,132496.16662317447,132496.16662317447
