Unnamed:_0,index,2012,2014
0,Mass_merchant,74.09616585957102,74.74273288413073
1,Special_etailers,14.67887885556759,14.016657540626852
2,Chain_sporting_goods_stores,6.896313694046512,9.22125524685876
3,Other,1.680806501179518,0.0
