index,16-24_olds_year,25-34_olds_year,35-44_olds_year,45-54_olds_year,55-64_olds_year,65+_olds_year
2016,37.645616730665424,47.79758309166424,48.65038796181678,51.9966769538765,52.23681508110583,47.822665026355445
2017,34.49375966364816,47.231952533003366,43.00535222332117,47.245010538835245,49.74268187703743,44.08896943729828
2018,35.88737724512031,45.4650681639677,43.49186157559285,51.82399564478597,54.43608680455738,41.81437236539061
2019,39.8492252138511,48.33061954415024,49.911093243675154,52.25453120597715,47.80982656301927,41.37784233953392
