index,Have_selfie_taken,taken_selfie_Have_never_not_sure
Male,60.27596135652653,39.044237769417904
Female,63.87137418558772,36.862141861486855
