index,Vegetarian,Vegan
Yes,4.667562418065813,2.686453535931548
No,92.8578012242087,94.00328638865238
