index,Using_tablet_while_using_smartphone,Getting_directions,Watching_videos_movies_or,Reading,Listening_music_to,Playing_games,Getting_alerts_news,While_watching_TV,Social_networking,Searching_on_internet,Text_messaging,Acessing_email
Smartphone,42.29125423370765,40.10442045289509,29.679337176710163,39.704593800943314,56.48118218398348,56.39187531988229,56.4565235794508,56.36761280632005,56.36894864253411,40.1207223146003,74.47649588414883,40.08896513855807
Tablet,40.19813868309849,74.48693404619353,39.70968861813181,56.39290049651168,56.39839917116022,56.39079577782559,56.391455929443,56.38732415696697,74.49419571398504,74.50138748337001,56.4004961233567,74.48636709245152
