index,July_2019,August_2019,September_2019,October_2019
Don't_know,8.669694926023226,7.122424022984575,9.96996431658124,10.713382244718105
Leave_the_EU_without_deal_a,31.91240555018355,34.17120553478064,37.07888003696699,34.13636178879182
Revo_dum,25.23306936231934,22.22922692343896,19.29519231180633,20.240793549601666
Hold_second_in_EU_referendum_a_out,16.667705115479066,20.03481967893481,16.085108590547748,20.38679365870564
Seek_an_exte_Don_it_know,11.041242373418,11.079442136384245,12.786050307630433,10.816797038789671
the_EU_with_May's_Deal_Leave_Theresa,7.066929407586798,5.875509954133548,5.198156089285561,5.121923695672635
