index,"100,_000_ULS_dollars",500_000_U.S_dollars,U.S._million_dollars,U.S._5_million_dollars,25_U.S._million_dollars
2008,30.98218159481853,11.074925421875044,6.506047890689594,0.7319101071177698,0.0
2012,37.09814247985548,14.15136961981355,8.889235609855973,1.1739879793798949,0.0
