index,75_years_folder_or,65-74_years,60-64_years,55-59_years,50-54_years,45-49_years,40-44_years,35-39_years,30-34_years,25-29_years,20-24_years,15-19_years,Younger_than_I_5_years
Per_job_including_per_week_overtime,16.254338087252876,21.991228403402992,29.953969016311294,29.972239407243396,31.43050490496683,31.66873226098801,31.66818618432834,29.97178603925059,32.03661720998468,32.01360850170131,0.0,0.0,0.0
Per_job_excluding_per_week_overtime,16.28850914514469,16.287085727930364,21.926844495456823,31.677580285705496,31.439471642001635,31.67833891394284,31.67785841170607,32.04339737919382,32.0368659405543,32.04686830123352,32.04346860658421,32.1117779351564,13.157123553066445
