index,Georgia,Romania,Spain,Turkey,Belgium,Norway,Austria,Bulgaria,India,China,France,Ireland,Netherlands,LUSA,Italy,Vietnam,Russia,Belarus,Germany,United_Kingdom,Ukraine
2018,0.0,0.0,0.0,0.0,0.0,0.0,0.0,0.0,0.0,0.0,0.0,0.0,0.0,172489.85133527068,103129.07088876082,103056.94860376947,103125.3183981762,172272.90773563477,172219.3872911291,172384.73049494365,219110.09350443835
2019,0.0,0.0,0.0,0.0,0.0,0.0,0.0,0.0,0.0,0.0,0.0,0.0,0.0,0.0,0.0,0.0,0.0,172456.21033018513,34432.722194386704,307649.9774386018,0.0
