index,1.5-3_years,4-10_years,11-18_years,19-64_years,65_years_and_pover
Biscuits,12.095733682897375,17.088744612668457,17.106060706540838,13.025836348912662,13.035887051909228
cakes_and_fruit_pies_Buns_pastries,8.851618760035052,22.08607351308176,17.263025571081094,17.929142543874192,28.142159972706885
Puddings,13.3525947245599,14.995877295948254,11.66525927350512,11.038807208505666,24.05143911477181
