index,Very_liberal,Somewhat_liberal,Moderate,Somewhat_conservative,Very_conservative
Barack_Obama,93.42188546724704,91.22563076649308,55.322576771507016,7.800073670944755,5.148312984828806
Donald_Trump,3.60513851561926,5.71463527965787,35.14641012666195,88.62994867527281,91.74589829178404
Not_sure,0.0,0.0,8.216688167434356,0.0,0.0
