index,Don't_know)_No_opinion,Never,At_least_month_once_a,a_few_times_month_a,At_least_week_once_a,a_few_times_week_a,At_least_day_once_a
Male,14.794129608657125,14.840937825417534,14.846814806924009,89.36229559772558,19.724269360749616,14.843756700187726,19.701289550573406
Female,0.0,0.0,0.0,0.0,89.34835243653244,89.3344927808369,89.31144300659513
