index,Other,Radio,Travel_groups,800_toll-free_number_or,Travel_agents,Books,Magazines_and_newspapers,Unnamed:_8,Informational_brochures,"Family,_friends_and_colleagues_online","Family,_friends_and_colleagues_offline",Internet
Leisure_travelers,5.024638942674926,5.047667264728005,5.0272502797861165,5.004932525654468,30.04414995351701,30.07259635597084,0.0,26.90175806346555,0.0,0.0,47.76844960000948,102.87149971281212
Business_travelers,5.029381983550351,5.044351281094748,5.033438142101744,18.943018374102166,30.036612012150712,30.07907436685438,26.852829540677057,27.776923122472297,27.77154649186696,27.77858111428893,27.776111890762024,27.7951610324552
