Unnamed:_0,index,21.,27._nox,Unnamed:_4,and_the_>It,28,"10""",O',"no,_>","0)_28,","13,_>on",>,ri_JCC,0)_(,"no,_>It",9,0_no,out,0_it's,>or,"1.""_13,_of_Occ",o_a
0,United_Russia,0.0,0.0,32.84918379327176,0.0,31.77030001494454,0.0,0.0,32.814736199078965,0.0,32.863764614464586,43.78200314457556,32.81311970005537,0.0,31.57648178201559,31.67288978378275,0.0,43.86192285630205,31.166925589397778,31.151601178654104,31.27327506016005,31.22836871728458
1,KPRF_Co_rocratic_Pa_elections,0.0,0.0,13.186186660213608,0.0,0.0,0.0,13.213675226109814,10.896472370758277,0.0,12.431419018612118,23.592277887174347,12.448473083311043,0.0,6.141055543148923,6.168439036608618,21.55201364454496,12.411334018243965,12.342786377148457,26.87127341407907,12.43620385572197,11.789620411274528
2,LDPR_Liberal-Democratic_Pa_would_not_go_to_elections,0.0,0.0,10.642916416412405,0.0,0.0,0.0,12.125286433523868,18.199855371832363,0.0,27.91159560819846,16.90099840637444,27.878198738371005,0.0,17.340734635762757,21.72160055711022,22.990584620612125,0.0,0.0,19.01419100245328,16.975809981186373,17.024256456923503
3,Another_party,0.0,0.0,16.548924919035628,0.0,8.743271423845485,0.0,6.671776420080249,7.786627301682435,0.0,8.126819521197831,8.917990720810664,8.935836870031132,3.533949752906004,6.733656002703441,5.436270051356985,14.262459792617731,23.337525723551025,16.64654529507048,12.284067050116406,15.035008923478742,23.285918992222776
4,would_elections_not_go_to,0.0,0.0,5.829556181302337,0.0,12.21769360020761,11.448506787315694,11.46804217801582,14.39154532214684,0.0,13.95639186749041,14.41511387791084,12.10621174504547,0.0,5.440578021254865,4.109261755403168,0.0,0.0,0.0,4.463105309172818,7.646169701522339,0.0
5,Difficult_to_answer,0.0,0.0,29.764054994266672,0.0,15.594883360300573,0.0,16.45965376045764,0.0,0.0,0.0,14.83904882934354,0.0,0.0,3.065666150761004,0.0,0.0,0.0,0.0,0.0,0.0,0.0
6,a_Just_Russia,0.0,0.0,3.620400120687819,0.0,0.0,0.0,0.0,0.0,0.0,0.0,5.7103312958171415,0.0,0.0,0.0,0.0,0.0,0.0,0.0,0.0,0.0,0.0
