Unnamed:_0,index,o,Q4,8,Q2
0,2016,166.4193927959996,170.39193434673254,162.4229237765162,166.42660498836048
1,2017,173.3911109320915,170.39193434673254,162.4229237765162,166.42660498836048
