index,2022
North_America,118.1465686691334
Europe,87.96466299926351
Asia_Pacific,76.9505954117588
Latin_America,21.117056803414187
Global,305.9337003286605
