index,Unnamed:_1,Unnamed:_2,Unnamed:_3,Unnamed:_4,Unnamed:_5,Unnamed:_6,Unnamed:_7,Unnamed:_8,Unnamed:_9,Unnamed:_10,Unnamed:_11,Unnamed:_12,Unnamed:_13,Unnamed:_14,Unnamed:_15,Unnamed:_16,Unnamed:_17,Unnamed:_18,Unnamed:_19,Unnamed:_20
Baccarat,21.380709791443948,21.380709791443948,21.380709791443948,21.380709791443948,21.380709791443948,21.380709791443948,21.380709791443948,21.380709791443948,21.380709791443948,21.380709791443948,21.380709791443948,21.380709791443948,21.380709791443948,21.380709791443948,21.380709791443948,21.380709791443948,21.380709791443948,21.380709791443948,21.380709791443948,21.380709791443948
21,34.567918215319594,34.567918215319594,34.567918215319594,34.567918215319594,34.567918215319594,34.567918215319594,34.567918215319594,34.567918215319594,34.567918215319594,34.567918215319594,34.567918215319594,34.567918215319594,34.567918215319594,34.567918215319594,34.567918215319594,34.567918215319594,34.567918215319594,34.567918215319594,34.567918215319594,34.567918215319594
Craps,7.946133150037724,7.946133150037724,7.946133150037724,7.946133150037724,7.946133150037724,7.946133150037724,7.946133150037724,7.946133150037724,7.946133150037724,7.946133150037724,7.946133150037724,7.946133150037724,7.946133150037724,7.946133150037724,7.946133150037724,7.946133150037724,7.946133150037724,7.946133150037724,7.946133150037724,7.946133150037724
Roulette,9.37273681909869,9.37273681909869,9.37273681909869,9.37273681909869,9.37273681909869,9.37273681909869,9.37273681909869,9.37273681909869,9.37273681909869,9.37273681909869,9.37273681909869,9.37273681909869,9.37273681909869,9.37273681909869,9.37273681909869,9.37273681909869,9.37273681909869,9.37273681909869,9.37273681909869,9.37273681909869
Others,11.940413487693988,11.940413487693988,11.940413487693988,11.940413487693988,11.940413487693988,11.940413487693988,11.940413487693988,11.940413487693988,11.940413487693988,11.940413487693988,11.940413487693988,11.940413487693988,11.940413487693988,11.940413487693988,11.940413487693988,11.940413487693988,11.940413487693988,11.940413487693988,11.940413487693988,11.940413487693988
