index,United_Germany,Germany,France,Italy,Spain,Netherlands,Sweden,Poland
2010,28.92679767612424,21.82581894813103,10.492659986904243,0.0,0.0,0.0,0.0,0.0
2011,131.1875920145519,70.67454002405856,47.01286163096705,13.218608403345344,0.0,0.0,0.0,0.0
2013,222.24115424007223,133.68455132646926,89.68664140852945,13.268670277638932,13.47848401128931,17.54679418471011,13.305948571350257,13.587702119216884
2014,356.58686978038054,267.384224170238,178.50721668157166,44.41170326792792,44.33774725140506,44.28125068889892,44.47403394774676,13.562349447659471
