index,Austria,Belgium,Netherlands,Prussia,England,Bavaria,Sweden,Scotland
1870,292.3766189661956,796.7935441935742,189.1748104788421,172.1270950877497,110.75275879550918,175.1676879050292,172.68180092131297,0.0
1871,380.4838436495529,4154.252351254779,4347.847202322494,2415.8957290223134,997.0931104952416,1037.8221462416996,65.55955293590796,428.0705617374042
1872,1876.6370581567107,1549.6514596440363,1013.4685937549748,2615.912454797963,816.8127999857325,605.2668358565188,62.43298757393768,711.572344667361
1873,3133.9317914180306,321.9493451367234,76.86265605889002,350.7830732635275,100.40449967951828,170.0660405190201,248.73229081333648,320.50153090007007
1874,1730.026888713628,366.6079663966248,0.0,80.4277728589368,77.58839238029486,0.0,918.908855212117,351.2618671693317
1875,560.9621653923123,307.8219524604983,0.0,0.0,0.0,0.0,457.9533378297429,0.0
1870-1875_Average,1355.6877955056138,1278.771635256678,951.7256730424116,937.3559109582812,350.62759100185303,336.95887099756783,318.25938522656725,307.88048695901034
