Unnamed:_0,index,of,the,th,han,Ling,a,In,and
0,Data_licensing_and_fother,-3544.199809225853,-3462.584498835752,1271.1797790462606,-3385.34204101552,-3526.9962004282247,-3407.7591028860197,-3381.921056461444,-3620.57257185776
1,Advertising,-1997.730786557248,-3462.584498835752,1271.1797790462606,-1164.2976020167728,-1604.9627571440935,-1665.5532256735778,-661.5115585947979,-1762.436561944434
