index,Very_confident,Somewhat_confident,Only_little_a_confident,Not_all_at_confident,No_answer
Dec_'16,38.41692204231123,44.41030047415,8.763105626360002,5.757189891648615,0.9168990814640664
Nov_19,25.542797488389468,51.40179203459298,15.728802120697855,4.885241005555841,0.9204966210136972
