index,Total_GDP,Services,Manufacturing_industries,Public_administration_sector,Agriculture
2002,0.0,5.423882632100863,6.5918545178731645,27.991277388204185,27.991804197950607
2016,8.476302415356281,6.507517737403784,8.827556871842091,8.822260736884356,8.48137498819474
