Unnamed:_0,index,Unnamed:_2,the
0,Scotland,46.86679468645572,133.0544080700953
1,Northern_Ireland,60.71865495009143,133.0544080700953
2,United_Kingdom,98.4643259885701,133.0544080700953
3,England_&_Wales,104.58868517722236,133.0544080700953
