Unnamed:_0,index,2020
0,Decrease,8.770986839471675
1,Increase,50.49886683324954
2,Significant_increase,18.648684755280925
3,Stay_the_same,20.77083981046352
