index,0_17_years,18_64_years,65_older_years_and
Male,3513383.4884678684,10536526.39435414,2904199.6575516835
Female,3368729.641584616,10422950.28098479,3657464.5908704055
