index,Cash,Account,Mobile,PayPal,Debit/credit_card
How_consumers_can_pay,38.56353270694365,8.718224757850493,56.493983020460426,30.55910067549962,82.24927305146083
How_providers_receive_can_payments,37.73902808121312,57.43804719853666,41.60494648075884,28.749803494697588,45.47913362970237
