index,Other_countries,Spain,Poland,UK,France,Germany
2017,3553.906606213181,3554.469580422633,805.5157035137918,1052.734239911791,1378.1131038437702,3554.835131739491
2018,1044.82532103044,790.0329474633509,813.3536945276924,813.2956092208578,1044.8581409075678,1378.0198483872764
