index,Handguns,Rifles,Shotguns
Number_of_used_weapons,707.4620779813163,273.5346970814184,146.57986832553922
Number_of_incidents,469.602901249884,229.69326410983672,125.5780671798534
