index,Value,Regular,Best_finest_range
Better_than_national_brand,12.087302381459564,13.664518259821136,37.87272730621213
Same_brand_as_national,26.391210582955125,62.66982164683088,54.49679826195748
Lower_quality_than_national_brand,60.260160016304894,22.21799320915997,5.762477754197619
