index,Counselors,Cooks,Teacher_assistants,Preschool_and_kindergarten_teachers,Secondary_school_teachers,Education_administrators,"Bookkeeping,_and_auditing_accounting,_clerks",Waiters_and_waitresses,Social_workers,Personal_aides_care,Financial_managers,Retail_salespersons,Maids_and_housekeeping_cleaners,"Office_clerks,_qeneral",Receptionists_and_information_clerks,First-line_supervisors_of_office_and_administrative_support_workers,Accountants_and_auditors,Cashiers,First-line_supervisors_of_retail_sales_workers,Customer_service_representatives,"Managers,_all_other","Nursing,_psychiatric,_and_home_health_aides",Secretaries_and_administrative_assistants,Registered_nurses,Elementary_and_middle_school_teachers
Women'_earnings_'s,9.039094397927215,0.0,19.82318060936961,19.826523921281023,10.902775954339404,12.43419364662236,0.0,0.0,19.83669273972544,12.533677068041357,12.54456778724034,0.0,7.509605149944491,0.0,19.831425323598523,8.29330147711164,19.811165808234023,19.82086300414153,0.0,9.01880739535966,13.357079383404084,0.0,7.501275080716482,23.08788056665594,0.0
Men's_earnings,19.827737698301235,9.98949193160172,19.82176863514826,19.822408074293666,10.909514659178512,10.915161109369024,9.04056858002923,19.83144847071685,19.83366191391224,19.83701679938281,19.834415641954596,12.539514481958465,7.512563641012775,9.02292613573684,19.8291511192175,19.821691960318617,16.23306544160539,7.497639536435486,9.0470758136845,16.237678951638145,19.844510678959296,16.232816610082864,7.498374457444129,12.651710011454156,12.64694170506732
