index,Would_you_say_eating_the_you_are_more_or_less_in_lockdown_period,Would_eating_healthier_you_say_you_are_more_or_less_in
Much_more,8.935539033868878,3.860308125358024
Somewhat_more,30.80494293086726,15.892404402974137
Same,46.82773765275712,52.87214833193016
Somewhat_less,9.88254848131416,19.86465561975703
Much_less,1.9281983229387976,4.8145308011393055
Don't_know,1.9751993506368848,2.939522846958837
