index,Army,Air_Force,Navy,Marine_Corps
Women,36.62331939915688,30.645862014611343,24.65674728976526,6.904760737877275
Men,39.59152579289119,21.862847083117583,21.84523570041092,15.876025530806189
