index,Tesla,Ram,Jeep,Chevrolet,Ford
Q3_2019,107.42745530714458,350.60913094843454,484.4653368779574,492.4144701559114,108.3289281522431
Q3_2020,274.1545892173966,347.8459624435379,888.4295838735814,490.62211609966766,490.7332162600462
