index,Pacific,Mountain,West_South_Central,East_South_Central,South_Atlantic,West_North_Central,East_North_Central,Mid-Atlantic,New_England
2019,972.8639803075354,0.0,974.085787691944,0.0,1217.999346065561,1217.9171722917877,1217.995126061813,1218.1966893904455,1217.9211264685282
2020zx,974.494529944748,974.270271635328,974.7228753444124,974.2133181989158,974.3542065130276,974.4349846950104,623.9044604442767,624.1336697817163,624.0345495361984
