index,Vision_Reasonable_and_Customary_Plans,Vision_Schedule_of_Allowance_Plans,Dental_Maintenance_Organizations_(DMOs),Dental_Provider_Organizations_(DPOs),Dental_FFS/Indemnity_Plans,Dental_Schedule_of_Allowance_Plans
2016,1.9619172611239568,1.4635589477241226,3.144665981965394,3.930376324058824,3.4389452895301904,2.452141642697687
2017,1.9646904343152407,1.9647379953330333,3.145974076251952,2.4571721349642,3.438888415865557,3.4395110328257497
