index,Unnamed:_1,Unnamed:_2,Unnamed:_3,Unnamed:_4,5_more_or
18-34_years,31.89505714502788,31.89505714502788,31.89505714502788,31.89505714502788,17.940363926785945
3335-54_years,6.993212479524203,6.993212479524203,6.993212479524203,6.993212479524203,24.940680308262728
55+_years,31.05706281273409,31.05706281273409,31.05706281273409,31.05706281273409,19.039081187083852
