index,Army_Size,Total_Casualties,Killed,Wounded,Missing_Captured_or
Union,86494.25549467784,12122.776475420616,1950.6402416244384,9382.076887673786,0.0
Confederacy,44642.93320274816,9926.433960122013,1260.8692152885342,7562.448024551952,0.0
