index,High_school_or_less,college_Some,College_graduate,Postgraduate
Hillary_Clinton,44.447288202229046,42.60694202536758,48.44745940047837,57.40238159676099
Donald_Trump,50.520027410812645,51.372935179665085,44.43183899218327,36.55761370006035
