index,All_patients,with_health_Patients_an_underlying_condition,Patients_underlying_health_without_an
Male,5.891167892064814,22.231821318557003,1.6864025580125457
Female,4.72132197549864,16.671798783934598,1.4206166737949957
