index,Wine_(Domestic_Imported),Gin,"Beer_(Domestic,_imported,_Brewed)",Bourbon_Whiskey,Tequila,Champagne_and_Sparkling_Wines,Rum,Cordials_and_Liqueurs,Vodka
Gay_men,0.0,0.0,42.98476289655846,0.0,79.810773021198,79.81199528465979,28.923060529799727,26.872057669345047,26.8894603729202
Lesbians,51.06976706702884,51.05156295261244,26.92639690610644,79.83903282695212,79.82757578593109,28.9519426601736,28.93608009810343,26.90936132928539,26.903576844330644
Straight_men,0.0,59.088084005764784,59.09776809319288,59.10111700553511,79.83198578413574,0.0,0.0,0.0,0.0
Straight_women,51.05100330817023,51.05099435385915,0.0,0.0,0.0,28.91469272609972,28.927179512894437,0.0,0.0
