index,to,S_his,to_>and,,Unnamed:_5,to.1,6_OC,the,On,to.2,<an,a,this,the.1,93,Unnamed:_16,Unnamed:_17,to.3,a_Oc:,do,Do,9,no_<an,'20
Credit_Card,71573.0962734839,73311.82051048813,71572.76961093485,72606.25453244286,72513.83415895198,71573.0962734839,72515.06542548299,72513.8592868404,72449.88368300466,71573.0962734839,72696.18724498335,73255.70993571784,73230.10461745053,72513.8592868404,72491.21905940282,72513.83415895198,72513.83415895198,71573.0962734839,72421.81583167531,72611.4057495624,72655.0026359155,72439.02843522107,72580.97587672458,69820.14965165209
Other,152413.10022358794,142124.73132005343,142954.35368307,143561.8203848487,143682.89911504602,152413.10022358794,145994.70253857004,146602.27603387443,147011.95484417945,152413.10022358794,147671.62473408412,147142.98421817843,147815.91535117984,146602.27603387443,149098.64379760792,143682.89911504602,143682.89911504602,152413.10022358794,152506.5948143074,153381.57929783635,153371.76685742085,152469.55002485152,153518.22475489002,151238.7546417492
