index,Unnamed:_1,Unnamed:_2,Unnamed:_3,2,Unnamed:_5,it,Unnamed:_7,6,Unnamed:_9,st,Unnamed:_11,o,Unnamed:_13,5,Unnamed:_15,of,Unnamed:_17,Unnamed:_18,>o_it,Unnamed:_20,5.1,Unnamed:_22,Unnamed:_23,5.2,Unnamed:_25
Facebook_fans,5.244641728758381,5.244641728758381,5.244641728758381,0.0,5.244641728758381,0.0,5.244641728758381,0.0,5.244641728758381,0.0,5.244641728758381,0.0,5.244641728758381,7.151128831635419,5.244641728758381,0.0,5.244641728758381,5.244641728758381,6.669956392525327,5.244641728758381,7.151128831635419,5.244641728758381,5.244641728758381,7.151128831635419,5.244641728758381
Twitter_followers,0.877983009368112,0.877983009368112,0.877983009368112,0.0,0.877983009368112,0.0,0.877983009368112,0.0,0.877983009368112,0.0,0.877983009368112,0.0,0.877983009368112,1.4400927937554415,0.877983009368112,0.0,0.877983009368112,0.877983009368112,3.484839350480101,0.877983009368112,1.4400927937554415,0.877983009368112,0.877983009368112,1.4400927937554415,0.877983009368112
