Unnamed:_0,index,Voting_with_May,Marginal_votes,Voting_May_against
0,Conservatives,232.78595752778983,76.1286927070787,0.0
1,Labour,0.0,24.791893995465927,227.8813097733417
2,SNP,0.0,0.0,35.03990343617363
3,DUP,0.0,10.103733108348564,0.0
4,Liberal_Democrat,0.0,0.0,10.295995516634036
