index,--250_Mine_production,Mine_production,Recycling,Net_hedging_supply,2.8_Net_hedging_supply,Total
2018,842.6605144341181,0.0,167.7396297238638,0.0,0.0,1007.7825386938432
2019,0.0,828.7795772735025,168.09170052448303,0.0,0.0,1017.5758383361843
