index,Film,TV_program
Less_often,15.604422781729298,10.788528438394708
Film,14.116435630862242,23.14170981477289
2_an,16.620395262080834,26.68478437177272
About_once_a_week,24.68884040532676,27.252598173512297
Every_2-3_weeks,14.123968327658176,19.61103036919998
About_once_a_month,11.536479622105787,9.300725191258053
