Unnamed:_0,index,Italy,Germany,France,Czech_Republic,Belgium,Netherlands,Poland,Russia,Spain,Sweden,Turkey,United_Kingdom
0,Cat,69.71406776811796,69.72258398063948,69.72978390705434,69.72590482775682,69.73801148816453,69.725698662463,33.631826846527375,105.7070105715219,105.70041328211975,69.71530475988087,39.84726640679267,62.92533644590064
1,Dog,29.792572340229825,29.7712167875641,29.80216378405295,29.752439886957973,0.0,0.0,29.80675651244445,79.78826507147592,79.79341603204759,29.833434301464408,0.0,0.0
2,Bird,0.0,0.0,0.0,0.0,0.0,0.0,0.0,8.695443112651887,5.907771162867419,0.0,49.75376251661216,62.9196780015288
