index,Cash,Account,Mobile,PayPal,Debit/credit_card
How_consumers_can_pay,38.55870362493561,34.72979481558903,20.67585963137975,14.683454361261155,85.15675481911668
How_providers_receive_can_payments,35.65144458134014,67.22801474736248,10.833826230018872,3.732777718844133,5.783115507371008
