index,Heart_monitor_rate,Digital_weight_scale,Sleep_quality/diet_monitoring_stress_management_products
2013,0.4918376710582155,2.6788614793859384,0.0
2014,0.5597753463744972,3.976479450527737,0.307453863381161
2015,0.8716391782220523,5.772702546371051,0.4966076613603505
2076,1.2686451840082371,6.957038032180451,0.9540171978005424
2017,1.7838292544414251,8.054045497191352,1.7831355246582667
2078,2.0568753166637244,9.151112766493904,2.3804572014175047
