index,Communications,English_Language_and_Literature,General_Education,Marketing_and_Market_Research,Elementary_Education,Psychology,Nursing,Accounting,General_Business,Business_Management_and_Administration
Male_students,98.67517706233568,98.65968641202328,98.688396831974,98.68904565502372,98.6811491835889,98.69168518515788,98.65010889905052,59.365709111982426,98.6777354895886,98.67806727410267
Female_students,17.807567931036004,19.796785671627703,78.74632640813034,19.83760253984731,78.84184348323603,59.39959537035263,59.41878726124418,19.787362991428168,19.823166226990736,0.0
