index,16-24_years,25-34_years,35-44_years,45-54_years,55._64_years,65-74_years,75_and_years_over
Men,24.256324256279527,26.311494028349998,27.174908449942336,28.16861281470514,28.48314440131821,28.831259115449917,27.17110280396748
Women,24.12009306519186,26.746962980193576,27.52511403269409,28.16429522070841,27.835929439976912,27.613972635467,27.306865123565863
