index,None_of_these,Hybrid_or_2_in_computer,Tablet,Smartphone,"Laptop,_book_Chromebook_note_or"
Total,0.0,77.99239792659169,61.99017959580614,78.02609875703558,0.0
Elementary,9.84526983864663,9.82874994835548,77.94885126695927,0.0,0.0
Middle_School,113.90620719463789,77.99947243136047,77.99617353830118,77.99561418841829,113.91862094828876
High_School,113.95176242884976,9.838284321359223,9.832036128917435,113.90493594490404,113.90512027611544
