index,France,Germany,Italy,Spain,United_Kingdom
Men,63.84714812398164,66.34104659088831,62.722998217899146,64.31016548766746,65.89070218195394
Men_with_children_7_--17_ages_years,58.53006825615998,64.62196295246162,62.56151162148717,62.35863740069675,64.70463125645261
Women_with_children_6_below_ages_years_and,50.531829636453296,47.57518116777536,54.44226499923738,59.09938871708658,42.38571314178722
Women,52.10937187729644,45.937429023766754,50.59923157512128,55.282423079643024,46.16008802623679
