index,08,09,10,Unnamed:_4,12,13,Unnamed:_7,5,16,Unnamed:_10,18,19
Passenger_cars,3703.847756481369,2192.2955984810123,2719.8927592961936,2989.5677387397027,4053.8428384650088,4332.819446634207,2989.5677387397027,4114.804428927644,3875.857679218412,2989.5677387397027,2778.0160101711263,2511.4302130070264
vehicles_Commercial,4890.82378580379,3456.733623261134,4929.773248431263,8058.915859249711,6144.727780807658,6660.570098637754,8058.915859249711,7871.396632804948,8178.409683236803,8058.915859249711,8416.952903398502,8223.85924344072
