index,Jan_'12,Feb_'12,Mar_'12,Apr_'12,May_12,Jun_'12,Jul_'12,Aug_'12,Sep_'12,Oct_'12
Obama,28.76072526460609,46.74721534416801,57.33260070592067,43.74479769653905,64.28570368478634,78.25906081290819,79.74809977143258,122.99238036286064,194.90320105131195,100.29396047031392
Romney,27.44822926747571,31.892810201132733,35.62023672785429,45.88265258767754,85.67690194958729,132.1742925637899,115.31529597945784,118.2470918759756,196.38050396713635,142.54276663050334
