index,Online_gamers,Offline_gamers
Daily,48.60436498425456,32.498297846465604
Weekly,34.408319979233326,44.85617518397845
Monthly,7.6613623826931985,13.40495875430446
