index,Total,Colombia,Hungary,Chile,Romania,Peru,Russia,Poland,Brazil,Mexico,South_Africa,Argentina,United_States,Italy,Turkey,Hong_Kong,Sweden,Japan,South_Korea,Germany,Philippines,Spain,Malaysia,Canada,Netherlands,France,Australia,India,China,United_Kingdom,Belgium,Singapore,Saudi_Arabia
Very/fairly_satisfied,33.92848772186372,33.97166946477567,33.96754236014337,100.20854297920908,100.16303018645851,100.15338116868394,100.17341163792554,100.133700993817,100.16448231586617,100.17580000866182,100.17663753066668,100.23007016077874,100.18175182853663,100.18529298621496,100.17741136278524,100.27041770375033,100.17685726077444,100.1683642144362,100.18000035666336,100.17027491102525,100.16817951376592,100.17036089237172,100.17322693725528,100.1578171692648,100.18156712786636,99.8639902478046,100.23020072504563,100.18994234791492,100.19170018877682,99.86150634223888,99.84280380712664,100.20194789148262,100.1789080751133
Neither_satisfied_dissatisfied_nor,25.93745780545033,0.0,0.0,0.0,0.0,0.0,0.0,0.0,0.0,0.0,0.0,0.0,0.0,0.0,0.0,0.0,100.18325172535904,100.17425871341337,100.15993167348998,100.17504209901485,0.0,0.0,0.0,0.0,0.0,0.0,0.0,0.0,0.0,0.0,0.0,0.0,0.0
Not_very/not_at_all_satisfied,100.19555342689802,100.20369617886158,100.16646625582445,100.19575086554556,100.20828503516954,100.21463491683372,100.19130212698744,100.19213328000367,100.19989389264944,100.22472339482378,100.2073233178864,100.2319044295042,100.24063631291604,100.21951037763006,100.23344254025837,100.24819948691426,100.16474662889432,100.15580138436336,100.21804869473948,100.2142655154932,100.23325783958808,0.0,0.0,0.0,0.0,0.0,0.0,0.0,0.0,0.0,0.0,0.0,0.0
