index,Orange,T-Mobile,Play,Plus
3G,59.165982838376685,62.823409425372,67.67251980715835,67.68179332440262
LTE,37.895333276463376,38.62710143982127,40.84295277370191,43.49068557965767
