index,Phillips_66,Canadian_Natural_Resources,Repsol,EcoPetrol,Oxy,Suncor_Energy,EOG_Resources,ConocoPhillips,Eni,Equinor,Petrobras,BP,Total_S.A,Chevron,Shell,Saudi_Aramco
Revised,3.0601678975597157,3.0633098429837133,3.055433540827181,3.070941983346493,2.6691957858389017,5.213896450625956,0.0,5.84661136779199,6.455952259580432,8.668330857572442,8.661530058341569,12.011887225359672,14.96054583619578,18.022717051497416,19.9671465418591,25.03334892792725
Initial,3.061366076898814,3.057964486250235,3.057745336152429,4.409725166720822,5.194058602641803,4.408501975685777,3.056788936540798,6.534286509215264,6.538821963413369,5.211751399940351,12.017438630826415,12.022831628885507,8.665988095385558,5.287287912728715,18.015429119712167,30.00230703119268
