index,Prometheus_(2012),Alien:_Covenant_(2017),Alien_vs_Predator_(2004),Alien_Resurrection_(1997),Alien_3_(1992),Aliens_(I_986),Alien_vs_Alien_(1979),Alien_(1979)
Production_costs,128.62103215832303,96.14821171796429,58.49007987632058,73.8768691142123,48.35790160500704,0.0,0.0,9.154295949663776
Global_box_office_revenue,402.3645749349602,240.9418091446335,170.92083225972686,160.6147297420851,159.18697168172486,130.28806592913372,128.59505780851293,104.81533276259027
