index,Americas,APAC,emea_(excl._Germany),Germany,Cooperation_partners
2016/2017,1320.962252373099,1276.7811385288487,1032.8528640483046,606.6087679083969,1128.1302500272157
2017/2018,1272.110958116264,1417.415373561102,1128.4306808902777,596.1733454758532,1439.2024098127542
