index,All_sports,All_men's_sports,All_women's_sports
Competition,75145.34460867592,50274.06667021857,24244.50409191893
Practice,133363.10636502085,77913.56343943204,54720.05611279054
Overall,209367.57540013615,128724.09229997297,79411.62343872697
