index,Is_honest,Has_good_leadership_skills,Cares_about_average_Americans,Is_level_headed,Is_strong_intelligent_a_ls,intelligent_ls,Shares_voters_values,Provides_the_U.S._with_moral_leadership
Agree,38.109468932723566,43.16238012661495,43.15490973456693,33.8344174384657,63.18536445821968,57.1805047152292,36.86361811392313,36.04050306185231
Disagree,58.12798196805064,55.09390434354415,55.06551320744462,61.94189286129178,32.05299557194677,38.94607079996835,60.1063049550543,61.995812774609696
