Unnamed:_0,index,soor,WORSS,cook,and,of,Ind,the,St,WORDER,In,SPOPPS,SPPISS,SOSES,state,SPIPPESS,SOISES,SPISES
0,England,29.5823777456028,37.63829558412093,33.888391712180294,35.36500458486927,39.53075161016939,37.51387366996827,34.92465024025184,36.47815580123567,36.78523078736786,37.33393365387731,35.72484362843704,36.468790878823214,40.01501647156737,39.5524170205025,35.31916955506274,36.85045733534191,35.41016037478428
1,Italy,30.581449841452137,24.63621921803874,30.21348334125129,27.0199335437936,25.233392096692533,23.704887638497603,22.55612122011784,26.59649383394615,23.36695017775396,23.48902598170659,23.152525074296744,24.72471168413628,24.184071863580524,24.98397052411165,25.21024328889517,25.98337443255168,19.8466567148914
2,Spain,25.41483502863543,28.094818961098685,22.49138263183597,24.40626528533736,27.802191485532777,29.33454496977968,26.916236253687515,26.59649383394615,28.816382524484844,28.202911792112,27.248751506331573,27.08511715131474,26.58634427234865,27.97009646377563,26.50676780574676,25.98337443255168,23.00507927002792
3,France,15.498006782249355,22.15707168752467,23.65431549599932,22.55559031997274,23.95787717234776,22.07375549784185,22.55612122011784,20.859348741669063,22.08386602266397,23.48902598170659,20.04522117651376,20.965325779457057,22.987797689569412,23.642073563241727,21.36215021585385,22.396987805301745,23.00507927002792
4,Germany,32.025753927002015,44.55388285141784,30.21348334125129,32.27674672979174,43.79717643100035,44.317556165136494,39.2923481674381,32.91998105154924,42.41591868951984,44.57370182227571,45.37478720077824,43.08665637136777,40.01501647156737,44.91974136574843,42.78293269240153,42.89724408173208,38.66636029304127
