Unnamed:_0,index,Unnamed:_2,the
0,55_and_years_over,11.587381421710674,68.65479076882335
1,25,11.587381421710674,68.65479076882335
2,16,12.880794546445388,68.65479076882335
3,16_24_years,27.744891036810543,68.65479076882335
