index,Kidney,Liver,Heart,Lung,Pancreas,Small_bowel
2015,1147.4848781210317,251.9757276689545,100.74250767257035,87.72473170508579,51.46816182860925,0.0
2016,830.9362223727572,274.25531416697345,101.1545884039092,105.2056945826971,41.102568486810014,0.0
2017,1176.0254507158525,234.00903500957293,106.15305824618872,100.276245199879,34.87112369119791,0.0
2018,1158.027787337482,217.55561932725325,110.36493989366228,92.494358564418,34.38920569022639,0.0
2019,1216.0780777951788,247.69006083602156,110.40101567622082,87.3110173534044,37.59763604245654,0.0
