index,None_of_these,Women's_jeans,Leggings,Sarong,Figure_shapers_like_Spanx,Shoe_lifts,Two_earrings,"Pink_other_traditionally_""girlish""_colors_or",Deep_V-neck_T-shirts,Man_bag
Millennials_(18-34),20.7410840855989,19.85051204470425,20.73674804950164,20.762343105846178,20.756547366647744,20.76434840289337,20.742864444791152,20.725003421926942,20.7281334082488,20.7319525658709
Gen_Xers_(35-47),33.87077368093091,0.0,0.0,0.0,0.0,0.0,30.841846672786254,30.84706810256783,30.85682657674257,0.0
(48-67)_Boomers,33.86879709935457,33.881800421734546,19.903831888147494,19.88662653520086,33.89278408933191,33.851452954965524,0.0,0.0,0.0,0.0
