Unnamed:_0,index,2013,2018
0,Offline_sales,97.2499460446234,96.33317208475935
