Unnamed:_0,index,Leave_voters,Remain_voters
0,Conservatives,19.519103535134548,13.652275767685891
1,Brexit_Party,27.399259324327872,46.93147211387986
2,Liberal_Democrats,19.6402088752394,24.38334190311909
3,Labour,10.699926760503487,25.186850237259044
