index,Books,Mobile_phones,Can't_say,Electonics_(for_online_classes_/work_from_home),Others,Home_supplies,Not_applicable_(nothing_else_needed)
Online_retail,0.0,55.80981050953757,15.836743288382124,15.80679281408976,26.00510376159104,103.28961857676178,55.78889475833033
Local_retail,8.70659614359333,8.68976927790159,8.732720939072536,1.942226740944008,1.9375318679045108,22.574626751472277,79.85798468136991
