index,Europe,Americas,Asia_and_Pacific,Global,Sub-_Saharan_Africa,Middle_East_Eurasia_No,Eurasia
Free,80.83042149151902,62.849656421997125,46.243876838476254,42.90805788538238,13.912860631561928,11.06627101287198,0.0
Partially_free,17.139950868788333,28.47418366472644,32.45166791571242,32.16719353574236,48.71253501911482,21.82103512780614,42.318156585564125
Not_free,0.0,8.665833304336502,21.239920175811772,24.696752518451632,37.04223221375682,66.76930293269459,57.68990640076397
