index,Geothermal,Solar,Hydroelectric_conventional,Wind,Biomass,Nuclear_electric_power,Coal,Natural_gas,Petroleum
2017,0.0,25.002392504051905,50.92079514766302,25.001679252014306,5.058525042424598,5.048341020752325,24.999642712337376,24.99517793984229,50.90381339738751
2018,0.0,0.0,0.0,0.0,5.056290009601774,0.0,0.0,50.92150178326242,50.86427223943672
2019,0.0,0.0,0.0,5.051655856288839,5.05946854651144,5.054844979499627,5.052287064492802,50.91551258340682,50.92604595301588
