index,Unnamed:_1,Unnamed:_2,Unnamed:_3,Unnamed:_4,Unnamed:_5,Unnamed:_6,Unnamed:_7,Unnamed:_8,Unnamed:_9,Unnamed:_10,Unnamed:_11,Unnamed:_12,Unnamed:_13,Unnamed:_14,Unnamed:_15,Unnamed:_16,Unnamed:_17,Unnamed:_18,Unnamed:_19
0-14_years,14.032775353873078,14.032775353873078,14.032775353873078,14.032775353873078,14.032775353873078,14.032775353873078,14.032775353873078,14.032775353873078,14.032775353873078,14.032775353873078,14.032775353873078,14.032775353873078,14.032775353873078,14.032775353873078,14.032775353873078,14.032775353873078,14.032775353873078,14.032775353873078,14.032775353873078
15-64_years,63.19969710341748,63.19969710341748,63.19969710341748,63.19969710341748,63.19969710341748,63.19969710341748,63.19969710341748,63.19969710341748,63.19969710341748,63.19969710341748,63.19969710341748,63.19969710341748,63.19969710341748,63.19969710341748,63.19969710341748,63.19969710341748,63.19969710341748,63.19969710341748,63.19969710341748
65_folder_years_and,19.787664283369537,19.787664283369537,19.787664283369537,19.787664283369537,19.787664283369537,19.787664283369537,19.787664283369537,19.787664283369537,19.787664283369537,19.787664283369537,19.787664283369537,19.787664283369537,19.787664283369537,19.787664283369537,19.787664283369537,19.787664283369537,19.787664283369537,19.787664283369537,19.787664283369537
