index,Sharp,Sanyo,Philips,Toshiba,Panasonic,Lenovo,Motorola,Alcatel,HTC,Sony,Blackberry]_RIM,LG,Nokia,Prefer_not_to_say,Other,Huawei,Apple,Samsung,don't_use_smartphone_for_business_a_purposes
2017,0.0,0.0,0.0,0.0,0.0,0.0,0.0,0.0,0.0,0.0,0.0,0.0,29.6803896362893,0.0,0.0,29.71280319968175,29.710719470606527,0.0,63.1059086874138
2018,0.0,0.0,0.0,0.0,0.0,0.0,0.0,0.0,0.0,0.0,0.0,0.0,29.71025641970092,29.67525398079075,29.695249360805583,29.679453010593868,29.7201225611556,29.70546279043948,0.0
