index,Female,Male
Very_concerned,24.806706502986984,21.93655816699669
Quite_concerned,25.35705634181741,25.39975303759214
Not_all_at_concerned,6.112522385346651,8.076558100628759
a_little_concerned,24.60013020402852,27.57568677585992
Extremely_concerned,18.69643325273728,17.4822874465938
