index,Linkedin,Foursquare,Tinder,Reddit,Tumbin,We_Heart_It,musically,Twitch,Swarm,Twitter,Pinterest,Google+,YouTube,Instagram,Snapchat,Facebook
2016,0.0,0.0,0.0,0.0,9.9729653850313,9.994047307783887,0.0,0.0,20.992287138580195,20.986801523279965,20.98672029251199,20.987283830964856,20.99494998469308,20.993129907797996,0.0,0.0
2018,10.005640461451677,9.98760723095988,49.218808781249095,49.221354858133,9.976526846514972,9.986429384824165,9.991275307826529,10.001434230747163,9.977620923421211,21.00087729229419,21.001765753818987,20.994399138547703,20.991964753969768,21.00781490757207,21.003859984556,9.98265215411304
