Unnamed:_0,index,CATS,sans,soons,Novis,reens,Orent,Spic,car,Jungo,Manzo,Mayzo,Apr
0,Hires,4.041803813890023,4.497126875528334,4.043630509066027,4.0505244546562125,4.500509718597007,4.154417617538077,4.479778782504659,4.402761987154766,5.381630115018918,3.672197145801313,5.696846758887384,3.362597865156479
1,Separations,4.041803813890023,3.8814444268950554,4.043630509066027,4.0505244546562125,3.59577956258266,4.154417617538077,3.671739219473592,3.872278886151824,3.87343121717344,9.975328091813727,3.475051344488481,3.362597865156479
