index,Western_Europe,Central_Europe
Unlikely_to_stay,6.521027073283129,7.360520561059253
Likely_to_stay,60.24030509042764,55.528271610605096
