index,Mexico,Canada,United_States
1994,13.783752741768318,32.74198698118801,9.91991266201979
2018,38.71298566504812,31.67503729670456,11.842218326386863
