index,English_Premier_League,Football_League_championship,League_Football,Football_League_2,All_Leagues
Improved_5_>,17.314350430698127,0.0,12.403401862462005,14.310315197556392,9.959380474815475
Improved_the_5,0.0,17.3886667334651,11.693237265028884,14.107126482849496,10.526827165104493
No_impact,68.39991012573289,50.81012542925589,54.06429046391517,43.828923118029806,54.563633106522246
Reduced_L_5,7.525761426328913,32.92553491888545,11.720011295009243,13.692860764720706,17.313287728215357
Reduced_5_>,7.789414876012984,0.0,12.13153220443968,14.07177188939393,7.775186807915006
