index,Total_full_time_employees,Service_operations,Research_and_development,Sales_and_marketing,General_&
2015,4647.100617636576,2281.8681506259622,1260.6315193737264,657.8671065774379,423.6733371177852
2016,5292.029172102241,2785.8767486374736,1262.277374917182,748.6108798432078,434.2817546021315
2017,5128.72850861299,2691.722038365795,1394.9558023691443,587.3971181541556,418.4734137032565
