index,-20xmillennials,Generation_X,-18_Baby_boomers,ave_Baby_boomers
Fast_food_restaurants,19.63659065190911,10.886493328930603,17.65377604840115,0.0
Fast-_casual_restaurants,41.383537918180906,10.637466895336395,0.0,19.53403302383504
