index,1-6_years,7-12_years,13-19_years
2012,2.0493661485609174,4.436153226341883,12.187227856534424
2015,3.34979546472465,5.307008346452456,13.292641305198943
2016,4.064850668259057,5.369176272498805,14.052443283254885
2017,4.314548547144044,6.080855222331069,15.1090409861519
