index,Size_Army,Casualties_Total,Killed,Wounded,Missing_or_captured
Union_States,60064.44326680628,15983.990498198436,1557.594945237288,9762.735036886124,4689.377852470876
Confederacy_States,65189.7244524454,18383.127330202464,2203.42753411537,14532.105210947688,1283.0485823571362
