Unnamed:_0,index,Hispanic)_White_(non,Black_(non-Hispanic),Hispanic,Asian_Pacific_Islander_of
0,Protestant,47.16803987992424,66.78616733940324,24.969078816929823,16.077233438389484
1,Unaffiliated,25.97734500716666,18.66700040839126,20.095865958706582,34.35153436098996
2,Hindu,0.0,0.0,0.0,14.918740464138152
3,Catholic,17.49330719432757,6.001274632882556,47.72455051926268,13.025499600363943
4,Buddhist,0.0,0.0,0.0,6.936642340753366
5,Muslim,0.0,4.366800341532311,0.0,7.6263916221979855
6,Other_Christian,4.531115302543441,0.0,2.997795719467476,0.0
