Unnamed:_0,index,zolizia,assain,2010711,200010,ASSTICE,sorent,asters,sorans,2017718,assons,2013/14,ROISHS,2016/17
0,Male,164.50923829252662,-63.300570592936765,30.37576906253446,-160.48784818217644,-407.8172778157059,220.6985075116789,32.098483134759874,205.78366896551023,110.7159110542712,32.036236748230976,241.76945325216852,220.86639145515196,222.04435899517225
1,Female,-1050.523909737205,-1262.4123016162812,-1166.8547915531683,-1396.0423607493942,-1547.7855140285606,-1036.2567962112466,-1332.2742615867337,-1109.0282610681518,-1216.6407810334338,-1299.5452324166204,-1070.9518442615129,-1071.4575508270214,-1046.849076463372
