index,Amazon_Prime_Video,Netflix,Hulu,HBO_Max,Disney+,Apple_TV+,Peacock_Premium
Movies,13577.412595090307,3499.4182778033883,780.6588291288772,1673.904183686256,640.2982303458957,0.0,835.0099042227757
TV_shows,2177.700323396153,1902.730243001226,1674.6845076802274,403.74509531161857,211.84287522518756,0.0,306.5308088582733
