index,France,United_States,Middle_East,Hong_Kong,United_Kingdom,Germany,Singapore,Australia
Male,46.85606542711035,57.85796822543328,57.863278421696656,57.8351219707984,79.88646583861757,79.89425817535214,57.85573165843423,111.27021426153416
Female,46.90147803543334,57.86359793126794,57.88094650881661,111.29664905755236,79.87997002419294,111.30437537991271,111.2897281105577,111.294959089572
