index,Unnamed:_1,0,Unnamed:_3,6,Unnamed:_5,Unnamed:_6,Unnamed:_7,2,Unnamed:_9,Unnamed:_10,Unnamed:_11,Unnamed:_12,Unnamed:_13,Unnamed:_14,Unnamed:_15
Total_attendance,3171362.891305293,3101763.439994706,3171362.891305293,3167994.183912859,3171362.891305293,3171362.891305293,3171362.891305293,3169120.044642287,3171362.891305293,3171362.891305293,3171362.891305293,3171362.891305293,3171362.891305293,3171362.891305293,3171362.891305293
Average_attendance,86483.85361179058,74479.35068484908,86483.85361179058,73448.63602256449,86483.85361179058,86483.85361179058,86483.85361179058,73747.90239427285,86483.85361179058,86483.85361179058,86483.85361179058,86483.85361179058,86483.85361179058,86483.85361179058,86483.85361179058
