index,Favor,Oppose,Don't_know
Total,57.46202003455167,35.54771149959068,5.942713965008188
Millennial,50.60737141922485,45.56749612676744,3.876465669807573
Gen_X,62.48045116941179,32.562734428570344,4.907090572553912
Boomers,59.32468652982638,33.60821471537859,6.778824391833837
Silent,58.50972894734433,30.515448556745795,9.91136834053723
