index,Unnamed:_1,Unnamed:_2,Unnamed:_3,Unnamed:_4,Unnamed:_5,Unnamed:_6,Unnamed:_7,Unnamed:_8,Unnamed:_9,Unnamed:_10,Unnamed:_11,Unnamed:_12,Unnamed:_13,Unnamed:_14,Unnamed:_15
Mainline_Sair_carriers,1984.7765178879497,1984.7765178879497,1984.7765178879497,1984.7765178879497,1984.7765178879497,1984.7765178879497,1984.7765178879497,1984.7765178879497,1984.7765178879497,1984.7765178879497,1984.7765178879497,1984.7765178879497,1984.7765178879497,1984.7765178879497,1984.7765178879497
Regional_air_carriers,634.9578472753351,634.9578472753351,634.9578472753351,634.9578472753351,634.9578472753351,634.9578472753351,634.9578472753351,634.9578472753351,634.9578472753351,634.9578472753351,634.9578472753351,634.9578472753351,634.9578472753351,634.9578472753351,634.9578472753351
