index,TV_episodes,Movies
Disney+,7345.291919511052,0.0
Netflix,46428.40373029448,3771.2634411530817
