Unnamed:_0,index,Breitbart,BBC,Wall_Street_Journal,PBS,Limbaugh_(radio),Hannity_(radio),Fox_News
0,Trust,21.032367026864407,23.99005283872441,24.028203337540774,26.974590098855884,29.92391504539875,111.87495645382648,39.943645175246
