index,Female,Male
0-14,21.726631084377743,22.818688117044275
15-64,73.55136883038566,71.71078347191138
65+,10.742978804989464,7.648575365909025
