Unnamed:_0,index,Junzo20,Jan,Sep,CONTERSING,Apr.2020,Conters,2020,Mar.2020
0,Don't_know/_opinion_no,21.917345954668868,90.15981437215328,26.04650881509468,26.855059409186545,19.418276958529745,90.15981437215328,35.98819773567129,22.02993853783059
1,No,19.06515117274657,90.15981437215328,26.04650881509468,26.855059409186545,16.04702444800224,90.15981437215328,20.02754498260535,12.974215171702582
2,Yes,64.61447846277736,90.15981437215328,52.74752766752499,52.78244110803783,70.74554152595512,90.15981437215328,49.90036826374941,70.72702011923215
