index,Women,Men,All_workers
Yes_have,14.662378633092274,7.592986770619817,10.801737681690796
No_have_not,83.99444829695689,90.05705508502706,86.81884760289188
No_opinion,0.0,1.9008639046365372,0.0
