index,Denmark,Germany,Spain,Sweden,France,Britain,Italy
Joe_Biden,79.10037325278573,70.22276444733923,68.38134002428403,64.27896283282826,63.41923956418061,60.36009429040823,57.41513197367527
Donald_Trump,5.814224583871109,10.951346691179111,15.68135679112106,17.728900620236374,13.839750243563074,12.67324280303724,19.86733368248119
