index,.00_a_a_a,.600_a,Unnamed:_3,Unnamed:_4,Unnamed:_5,Unnamed:_6,Unnamed:_7,ito_a,Unnamed:_9,Unnamed:_10,of,a,in_of,Unnamed:_14,the_a,Unnamed:_16,in_of.1,in_of.2,Unnamed:_19,Unnamed:_20,the,the_a.1,Unnamed:_23,to_to_I_ot
Field_Sales,56.16678220561778,49.474304366544544,60.235118772804086,60.235118772804086,60.235118772804086,60.235118772804086,60.235118772804086,52.85341847485785,60.235118772804086,60.235118772804086,58.30327991637614,52.96748643221299,56.22629962755048,60.235118772804086,63.0150352402424,60.235118772804086,56.22629962755048,56.22629962755048,60.235118772804086,60.235118772804086,61.01393388185373,63.0150352402424,60.235118772804086,62.16827239330827
Online_Sales,41.22085461734491,48.86906246304128,42.07825731430343,42.07825731430343,42.07825731430343,42.07825731430343,42.07825731430343,40.05198674547378,42.07825731430343,42.07825731430343,45.36057800437439,45.302557952639646,42.04834034469828,42.07825731430343,37.379911366640656,42.07825731430343,42.04834034469828,42.04834034469828,42.07825731430343,42.07825731430343,37.3714445294645,37.379911366640656,42.07825731430343,36.152956487456834
