Unnamed:_0,index,Apr,tan,Navis,rabed,May,Marzo,Overo,Spo,CATS,Aughis,Jaris,sinn,Senno
0,Euro_area,2.320256391474814,2.319856767309512,2.3032279617644265,2.2339818124009243,2.333397479548026,2.212874979864841,2.282083694847895,2.302177044200766,2.293101556719244,2.292871602667921,2.318782514028169,2.4076990528615587,2.3031508242532004
1,EU,2.8345258587301028,2.738073098487424,2.7761159091579404,2.7380477370998046,2.8855644764259014,2.671238468671313,2.738135002960719,3.253953297450346,2.7627174799758474,3.265179155110895,3.2919984578979897,3.003505300286932,3.233395745574559
