Unnamed:_0,index,Professional_services,Utility,Travel,Technology,Manufacturing,Hospitality,Finance_&_insurance,Retail
0,Corporate_/internal_network,60.16265826027762,60.2389184256564,100.2750355620512,100.3033144075716,50.04662715598748,40.22891774247464,80.21334180804055,80.17128343015808
1,E-_commerce,30.062730726344228,60.17824639438619,19.998548238732997,100.29240179872,100.27967143836602,100.26985680022057,100.26062774645172,80.24922715061962
2,Cloud,10.031328764148569,0.0,0.0,0.0,0.0,0.0,0.0,0.0
