index,Strongly_agree,Slightly_agree,Neither_agree_nor_disagree,Slightly_disagree,Strongly_disagree,Don't_know
Nuclear_will_help_combat_climate_change_in_the_UK_energy,9.889970586515147,20.00854970969389,39.011873089317326,12.971269403468035,10.939893946500462,7.950423641411348
Nuclear_reliable_of_in_the_UK_energy_provides_a_source_energy,16.97643050310144,26.800891641052928,33.887851325500115,8.990921931431082,5.90243626867489,6.962459231934979
Nuclear_offers_affordable_in_the_UK_energy_energy,10.95991532154121,24.047204454188726,38.96068520933183,10.04583683790436,6.923679698777953,8.001301849286719
Nuclear_safe_of_the_UK_energy_provides_a_source_energy_in,9.901278217625451,21.94736386633908,34.80672512775316,14.958260568691363,11.931549892814353,5.842059405382024
