Unnamed:_0,index,Unnamed:_2,the,Subject:,Subjects,Angans,be,From:,but,Lines:,Satt,Sast
0,Men,2.409930314430637,2.390786428174617,2.0076806520567376,1.924562198668467,2.703278218783748,2.208391850740336,2.008209549811945,2.189741831266676,2.703278218783748,2.0676506894489632,2.2703751836265105
1,Women,1.999777384843147,1.9919434166502528,2.0076806520567376,1.924562198668467,2.703278218783748,1.9267725195432772,1.7078338982581025,1.874377437306956,2.703278218783748,1.692401451388517,1.8424419054865624
