index,Strongly_support,Support,Neither_support_nor_oppose,Oppose,Strongly_oppose,Don't_know
2012,31.97361284900497,46.82013424324964,14.748965008080546,3.8651168665488393,0.7954641905311561,0.7828218818395882
2014,28.96086207080096,50.78655357832865,13.8639631192149,2.9475280891441,0.8452565879404332,0.8486286375049588
2016,34.81911054424362,45.89185963642285,13.81793982157484,2.880213693571044,1.943462928026598,0.7770387592929211
2018,36.825779261377285,47.6645794677283,11.96465332482073,1.9351363824295549,0.8485883570494082,0.8533932399613207
2020,37.79982397440925,43.84707409963831,14.757084397049049,1.9333064988774709,0.0,0.818280191424229
