index,Protecting_rights_gun,Controlling_gun_ownership,Don't_know
Total,46.56587396768225,48.43743068925269,4.871139048548173
Millennial,42.60534796360156,54.44099307286032,1.9433004499961728
Gen_X,45.49847216257798,49.54666021369532,3.83038118903734
Boomers,49.43465961079616,43.395568786549376,4.870223252351622
Silent,48.43457518583429,43.39912385650682,6.793452502373363
