Unnamed:_0,index,unanans,I,Sep,anaman,many,Jullis,NOWER,mum,Oct'19,mand
0,Euro_area,12.010198346016557,12.428910288069478,12.416555095038907,12.62832209275252,12.825564537715628,12.551813520444902,12.29702146076273,12.289136983952089,12.309052304828162,12.288240976069574
1,EU,13.9488895218846,14.337696832837857,14.331930438187602,14.868836418942076,15.154680107766293,15.76152156466726,14.222354709696637,14.192786204226495,14.20610831047311,14.159291407917404
