index,the,to,6,Unnamed:_4,o_Co,s_of,to_No,to_do,th,to_Co,Unnamed:_11,9,the_with,93_To:,Unnamed:_15,-,of_Co,of_Too,to_Oc:,to_No.1,Do,to.1,no,no.1,no_to_pot
Secured_dwellings_on,0.0,1368.1923643207765,1373.8985892781002,1411.701671305345,1380.506084768518,1381.510002761445,1393.5208486132806,1393.515184619853,1399.8671048278986,1399.94014053262,1411.701671305345,1406.4670483270795,1406.842461786179,1413.1047517824438,1411.701671305345,1419.8035667458398,1425.662421420786,1460.208508490674,1426.499301291758,1393.5208486132806,1433.9673263099153,1368.1923643207765,1445.6573119025047,1445.6573119025047,1452.027118405584
credit_Consumer,0.0,211.43389359502703,211.13727920238264,220.87527379694544,210.54524283676244,216.2149002575726,205.29392598313257,212.583187419257,211.66472616926933,219.19972542549755,220.87527379694544,211.11521943850744,216.54053019549423,218.842695102961,220.87527379694544,217.98395420472517,218.06056716845345,216.3931669980765,218.34764220374652,205.29392598313257,225.34247534995285,211.43389359502703,219.18412460149585,219.18412460149585,218.1971985888508
