index,Network_layer,Application_layer,layer_Data,layer_Human,Physical_layer,Host_layer
2013,39.669107140310594,14.865659484049452,16.82512841720976,12.931932746745003,9.967527915234662,4.897209759993153
2014,37.76759351425353,15.937677509518991,16.8351998630977,11.88729061791424,10.856612523708344,5.881669637636726
2015,35.81848580351667,19.84060693353108,17.90492705674315,10.853126078462132,10.01522924004962,4.8745615561228135
