index,Agents,Brokers,Direct_writing,Bancassurance
2012,0.0,10.799927734131629,15.872154010484792,0.0
2013,0.0,10.845098069451076,15.89663646975815,0.0
2014,10.828363144740528,15.015568001807054,15.014438587139765,15.017797658069084
2015,5.884527560843566,10.826475230185965,15.009958436706723,0.0
2016,5.9328902638204255,10.8359606463586,15.02005440361279,15.011838016097698
2017,15.014273967658724,10.812747215742789,10.807364783850446,15.015501320498288
