index,Australasia,Europe,Africa,North_America,South_America,Asia,Global
Customers,25.02173431799112,25.011512305922867,41.04661801908694,41.03198423677943,41.03587706744897,67.0001765335213,0.0
Hoteliers,25.02532142897457,41.05744049597453,41.04966580918827,25.06882298861531,67.00855795629995,41.0408642178154,41.04494518367639
