index,Kidney,Liver,Lung,Heart,Pancreas
2017,50.79902825444138,24.726266942866864,3.095865231775157,4.395585473838345,2.3644855019755653
2018,48.04981684243177,22.21786817681781,2.3707082480878654,3.0634491927015475,3.263018436451937
2019,49.38506177212993,22.932388732824528,3.65176025181416,2.789664710729149,2.258192062034567
