Unnamed:_0,index,Unnamed:_2
0,France,48130.14053475939
1,Germany,54533.3966059344
2,Japan,39625.7532619573
3,United_Kingdom,48130.14053475939
4,United_States,66594.51403036037
