index,Social_networks,Business_blogs_or_microblogs,sharing_Multimedia_content,Wiki_knowledge_based_sharing_tools
2012,41.24183984009027,22.885980889053823,14.958340679883989,6.184862929177299
2013,42.348846408154856,29.228466077336087,16.069441278290924,4.297544214299279
2014,51.40970083416914,33.54123222263245,16.369589320979046,3.9486525376270976
2015,56.60596625467264,37.18961544394537,18.40539713636378,4.278048433445321
2016,60.541755424237365,41.74750067863571,18.586111566613223,4.591553302398452
2018,68.66514799329002,32.479050895874934,25.387278699808725,3.296961525889856
