index,Less_than_hour_one_per_aday,One_three_hours_to_day_per,Three_five_hours_to_per_day,Five_hours_to_ten_per,day,Ten_hours_day_sper_or,more
18-25_years,17.904451343262615,42.620465541933726,28.766637309301856,8.712236529279764,0.0,1.7986513918339426,0.0
65-75_years,71.45133943633408,25.85452776769313,1.83288089380234,0.0,0.0,0.0,0.0
55-_65_years,71.43506871896628,26.59923100659899,0.0,0.0,0.0,0.0,0.0
35-45_years,50.54941186612231,41.75432049554452,4.920540424596169,0.0,0.0,0.0,0.0
45-55_years,60.63902572862045,33.95303256776858,4.849497552415045,0.0,0.0,0.0,0.0
25-35_years,33.68562021053124,52.59744255563475,8.734077868515769,2.803082905933465,0.0,0.0,0.0
75_ooder_years_and,68.6761996699941,29.66601252185765,0.0,0.0,0.0,0.0,0.0
