index,Electric_bicycles,bicycles_Road,bicycles_Mountain,City_bicycles,Children's_bicycles
2017,2083.1319308745337,1648.083269969231,665.5983342735749,245.27140275858665,130.04739362325472
2018,2137.450364786456,1738.37343667814,689.8244064895744,255.12295361202632,139.14048298435364
2019,2378.896210962944,1755.1104170584338,687.8305494008346,288.446475729505,140.10852294870665
