index,of_9,Unnamed:_2,Unnamed:_3,Unnamed:_4,Unnamed:_5,Unnamed:_6,Unnamed:_7,Unnamed:_8,Unnamed:_9,Unnamed:_10,Unnamed:_11
Men,3.6243382154191153,2.155614598871414,2.155614598871414,2.155614598871414,2.155614598871414,2.155614598871414,2.155614598871414,2.155614598871414,2.155614598871414,2.155614598871414,2.155614598871414
Women,0.0,0.303318550257452,0.303318550257452,0.303318550257452,0.303318550257452,0.303318550257452,0.303318550257452,0.303318550257452,0.303318550257452,0.303318550257452,0.303318550257452
