index,United_States,United_Kingdom,Canada,Western_Europe
Mean,59.155443113445386,44.49899093521745,55.6037866881798,51.60974377732767
Median,52.43357633802405,39.45963876229242,51.44150951568872,43.44425110162675
