index,Pinterest,Instagram,Snapchat,Linkedin,Twitter,Google+,Youtube,Facebook
2013,70.04362671582724,70.03320313257592,70.06142544264085,70.05688892712908,14.08041498273726,21.068189840391533,77.98710945502927,61.21638209273534
2014,70.05659977495499,70.03925064450962,0.0,78.03317280686011,14.085367595280047,77.99510345476902,77.97276997556665,77.89874525587675
2015,0.0,0.0,14.089064864237764,14.091055430119148,14.080050016273624,77.9799458862285,78.00704685005732,77.99264037192023
