index,Bulgaria,Greece,Lithuania,Slovakia,Estonia,Hungary,Poland,Germany,Denmark,Netherlands,Slovenia,Finland,Ireland,United_Kingdom,Austria,Norway,Sweden,Czechia,Switzerland,France,Italy,Portugal,Belgium,Spain,Croatia
2018,2.07889541611366,2.067687094949555,2.0780266256548288,2.081702348691824,8.147604726220095,8.152377528272659,8.151529071207545,8.1480871821983,8.145286719336319,8.151889526823442,8.151384888961186,8.13823657718741,15.94727366160057,15.95877589272841,15.934343471686672,15.941512841462378,15.950304261509624,15.944093333974145,15.939542350762132,15.945926112144212,15.94099711265809,2.065170375354448,15.945166382615318,15.936794569874785,0.0
2019,2.019238163192121,2.0769776073880486,2.079503569434845,2.080483269313952,2.0734340514102136,8.12964571834183,8.15361786528942,8.149273912995255,2.0745699487228784,2.0795784332935305,8.153452425404172,8.145298734523514,13.785653681638204,8.150269325042238,8.142468695816127,15.958510634364917,15.948481650036417,15.94499447301389,15.945723702452208,15.938753045387832,15.945032367065815,2.07576499772636,15.949961366551936,15.94766923853289,15.951239597620622
