Unnamed:_0,index,Unnamed:_2,I,bo,X,a,s,S,of
0,25-29,-683.5513196546221,-937.7558446841638,182.76108765146395,-190.8121524545068,-778.9185153506234,-913.6151290154172,-830.0858031922489,-843.4629601138728
1,355-44,-831.7444013453129,-983.6677186405584,182.76108765146395,-190.8121524545068,-778.9185153506234,-913.6151290154172,-979.4975552881992,-954.5341348584524
2,45_and_over,-875.6146956605479,-1021.0920439640822,182.76108765146395,-190.8121524545068,-806.2766435741948,-913.6151290154172,-979.4975552881992,-954.5341348584524
3,33-34,-743.2938758613093,-983.6677186405584,182.76108765146395,-190.8121524545068,-778.9185153506234,-913.6151290154172,-830.0858031922489,-843.4629601138728
4,16-24,-312.10344278017266,-669.4331456946326,182.76108765146395,-123.0344483316662,-190.8121524545068,-913.6151290154172,-490.0979232770599,-843.4629601138728
