index,Unnamed:_1,Unnamed:_2,Unnamed:_3,Unnamed:_4,Unnamed:_5,29,Unnamed:_7,<_so,6_60,10
Women,10.85918165083656,10.85918165083656,10.85918165083656,10.85918165083656,10.85918165083656,73.91567614089745,10.85918165083656,51.05713821870298,41.75694933392753,21.695975300417004
Men,8.791877619011927,8.791877619011927,8.791877619011927,8.791877619011927,8.791877619011927,85.06339920403059,8.791877619011927,58.11870952074779,53.85353029985142,43.00917584185097
