Unnamed:_0,index,Unnamed:_2,I
0,Industrial,2520.5153974856785,22251.63860942008
1,Commercial,-8354.61475884739,22251.63860942008
2,Transportation,5604.496661792647,22251.63860942008
3,Residential,-6982.935094920647,22251.63860942008
4,Electric_power,10851.868134615685,22251.63860942008
