index,Region_of_Valencia,Navarre,Murcia,La_Rioja,Galicia,Extremadura,Community_of_Madrid,Ceuta_&_Melilla,Catalonia,Castile-La_Mancha,Castile_and_Leon,Cantabria,Canary_Islands,Basque_Country,Balearic_Islands,Asturias,Aragon,Andalusia
2015,228.36571789062884,0.0,0.0,0.0,0.0,0.0,642.7904370906592,642.8212465354657,0.0,0.0,0.0,0.0,0.0,0.0,0.0,0.0,0.0,0.0
2076,0.0,0.0,0.0,0.0,0.0,0.0,642.7879002018508,0.0,0.0,0.0,0.0,0.0,0.0,0.0,0.0,0.0,0.0,0.0
2017,252.2583506432694,0.0,0.0,0.0,0.0,0.0,0.0,642.7053443383368,0.0,0.0,0.0,0.0,0.0,0.0,0.0,0.0,0.0,0.0
2018,0.0,0.0,0.0,0.0,0.0,0.0,0.0,0.0,0.0,0.0,372.486768443793,0.0,0.0,0.0,0.0,65.65171756541815,0.0,298.667705466598
2019,293.2853443627886,293.3424702083672,293.5321867003452,372.7398154612065,372.9589354114223,372.54401654907326,642.5679244337236,372.57831039537575,372.81038987396255,372.6368116625976,372.7184200134242,372.5104256960551,372.7287509582105,372.4966714796236,65.50974348692012,65.79882655138397,49.18070717456601,293.255971469476
