index,U.S_adults,Reddit_users,Reddit_news_users
$75k+,43.5866025324829,34.64271233993779,34.6113371521115
$30k_74999_to,34.9748776099657,33.94704652959743,34.944745568440055
Less_than_$30k,20.86735685997212,28.55667863242502,27.752072148105498
