Unnamed:_0,index,Against,For
0,Conservative,117.59409405242332,196.553990518356
1,Labour,81.55898601261609,49.47549759040862
2,DUP,13.357559847980212,0.0
3,Liberal_Democrats,9.70433530541078,0.0
4,Independent,4.186175214512389,0.0
5,SNP,35.25359479684988,0.0
