Unnamed:_0,index,Unnamed:_2
0,All,226.956050279277
1,Aromatic,219.7527944105228
2,Indica_(high_quality),193.7306354004977
3,Indica_(low_quality),198.16675087246432
4,laponica,270.78887661858425
