index,Kidney,Liver,Lung,Heart,Pancreas
2017,1035.6014781583972,274.27225628426027,252.4350561170725,143.827465088714,24.17451097326193
2018,1031.875263374869,297.3550158868293,229.4337175866657,132.7696372588316,28.996651100985677
2019,1072.7576185022526,288.4462698113649,207.62956614118437,132.7841603995123,32.40044072585965
