index,Regularly,Daily,Weekly,Monthly
Streaming_and_for_TV_series_movies,36.61759060570796,12.904386677692465,15.884476731863389,7.841916199888651
Dowloading_movies_and/or_TV_series,14.83692232408761,1.874407347077728,6.931104215362019,5.878784071450475
