Unnamed:_0,index,Unnamed:_2,rig,Mars,MAT,Mand,X10
0,Deaths,3234.8458510160126,2538.2723807248403,2255.3870980203064,2532.028180425056,92724.50297687986,2494.991424390246
1,Infected,64705.01484361258,2419.418352147012,2255.3870980203064,92724.50297687986,92724.50297687986,2532.028180425056
