index,Bullied_school_at,Cyber-_-bullied
Total,19.94595706019983,14.66928669085098
Male,16.449042594611775,9.733429372717383
Female,23.524785787261585,19.495402042929165
