index,Three_star_restaurants,Two_star_restaurants,One_star_restaurants,Bib_Gourmand_restaurants,Green_star-=
All_restaurants,8.453530147286529,36.68863639433346,252.780775617726,370.2556558173481,16.104450653814638
New_restaurants,0.0,0.0,27.3865020584592,22.358370439944792,0.0
