index,-Royce_(UK)_Rolls-,Booz_Allen_Hamilton_(US),United_Shipbuilding_Corp._(Russia),Harris_Corp_(US),Leidos_(US),United_Aircraft_Corp._(Russia),Honeywell_International_(UK),Huntington_Ingalls_Industries_(US),L-3_Communications_(US),United_Technologies_Corp._(US),Thales_(France),Almaz-_Antey_(Russia),Leonardo_(Italy),Airbus_Group_(Trans-_European),BAE_Systems_(UK),General_Dynamics_Corp._(US),Raytheon_(US),Northrop_Grumman_Corp._(US),Boeing_(US),Lockheed_Martin_Corp._(US)
Arms_sales,0.0,0.0,0.0,0.0,118828.16810390814,118818.23848758911,0.0,0.0,0.0,0.0,0.0,0.0,0.0,0.0,0.0,0.0,0.0,0.0,0.0,0.0
Total_sales,41419.36359008593,36071.4536104786,20633.93322542592,74949.93278648048,41384.65184616182,74967.52870672653,41398.864228690574,41404.4501141563,41394.886285698616,41421.56593783435,41407.300211242495,100953.34985475174,100954.39387427262,74949.88706299782,36076.91756665721,36075.614447401225,36094.30773123127,36041.55807339534,36067.07177672308,36066.43926854621
