index,10_000,20_000,15_000,5_000,Unnamed:_5,a_and,ax,and,and.1,and.2,and.3,Unnamed:_12,Unnamed:_13,Unnamed:_14,Unnamed:_15,Unnamed:_16
Men,0.0,0.0,0.0,0.0,205.73117363586323,0.0,0.0,0.0,0.0,0.0,0.0,205.73117363586323,205.73117363586323,205.73117363586323,205.73117363586323,205.73117363586323
Women,0.0,0.0,0.0,0.0,1299.735214611479,0.0,0.0,0.0,0.0,0.0,0.0,1299.735214611479,1299.735214611479,1299.735214611479,1299.735214611479,1299.735214611479
