index,Strogly_agree,Somewhat_agree,disagree_Somewhat,Strongly_disagree
18-34,52.127353070438765,21.956619941524977,19.042275022767527,6.936940574273784
3335-54,39.01278302500372,36.05482177147963,10.85976584168727,13.989992363186062
55+,14.893926049998484,28.03706418274561,20.101837619081277,37.07869963260753
