index,Netherlands,Norway,Finland,Switzerland,EU-13_average,Germany,UK,Denmark,Spain,EU-28_average,Belgium,Greece,Sweden,France,Austria,Luxembourg,Italy,Portugal,Ireland
2014,26.92810846993904,49.043737225232086,49.04965148054232,49.06160953478764,43.00273407708646,49.039481128320254,49.98042478061198,42.98445193860856,49.058104790900096,49.96250536428374,49.98288846482326,49.961786986000334,49.96407166447541,49.96868577285963,49.05674104983096,49.96568978211705,49.97190081009518,49.96707943191116,42.99384973975863
2018,0.0,0.0,49.99420115628284,49.97676458437459,49.97844394082071,49.96339568228743,49.97341293749827,49.9829261502414,49.9850671530598,49.97266158447398,49.97834030592081,49.97875955619767,49.97115181240953,49.973507151043634,49.96211908874776,0.0,0.0,100.39514103061138,0.0
