index,United_States,Canada,Australia,China,India,United_Kingdom
Linkedin,246.9470840060152,298.0765337574627,336.6332468992953,298.2786149035701,387.75345826444936,268.30203592363614
Facebook,129.49480283743918,198.29308837542976,138.29476497146078,129.15889054964407,148.56246717378946,108.10412915948363
Twitter,128.89305313269688,118.37543547300822,138.3010151389778,118.52274781543524,128.957927134224,138.00538677758811
