index,Unnamed:_1,Unnamed:_2,Unnamed:_3,Unnamed:_4,Unnamed:_5,Unnamed:_6,Unnamed:_7,Unnamed:_8,Unnamed:_9,Unnamed:_10,Unnamed:_11,Unnamed:_12
Gold,2.980029728386043,2.980029728386043,2.980029728386043,2.980029728386043,2.980029728386043,2.980029728386043,2.980029728386043,2.980029728386043,2.980029728386043,2.980029728386043,2.980029728386043,2.980029728386043
Silver,1.83792829675626,1.83792829675626,1.83792829675626,1.83792829675626,1.83792829675626,1.83792829675626,1.83792829675626,1.83792829675626,1.83792829675626,1.83792829675626,1.83792829675626,1.83792829675626
Bronze,2.6550594060410546,2.6550594060410546,2.6550594060410546,2.6550594060410546,2.6550594060410546,2.6550594060410546,2.6550594060410546,2.6550594060410546,2.6550594060410546,2.6550594060410546,2.6550594060410546,2.6550594060410546
