index,to_to_a_of,to_of,Unnamed:_3,Unnamed:_4,Unnamed:_5,Unnamed:_6,Unnamed:_7,Unnamed:_8,Unnamed:_9,the_the,Unnamed:_11,Unnamed:_12,Unnamed:_13,Unnamed:_14,Unnamed:_15,Unnamed:_16,Unnamed:_17,Unnamed:_18,Unnamed:_19,Unnamed:_20
North_America,29.0541975286302,0.0,47.04818620838137,47.04818620838137,47.04818620838137,47.04818620838137,47.04818620838137,47.04818620838137,47.04818620838137,93.86571320632925,47.04818620838137,47.04818620838137,47.04818620838137,47.04818620838137,47.04818620838137,47.04818620838137,47.04818620838137,47.04818620838137,47.04818620838137,47.04818620838137
Europe,0.0,0.0,22.460490470258947,22.460490470258947,22.460490470258947,22.460490470258947,22.460490470258947,22.460490470258947,22.460490470258947,22.505647383886583,22.460490470258947,22.460490470258947,22.460490470258947,22.460490470258947,22.460490470258947,22.460490470258947,22.460490470258947,22.460490470258947,22.460490470258947,22.460490470258947
Rest_of_world,0.0,0.0,12.470487179875365,12.470487179875365,12.470487179875365,12.470487179875365,12.470487179875365,12.470487179875365,12.470487179875365,25.68524360840229,12.470487179875365,12.470487179875365,12.470487179875365,12.470487179875365,12.470487179875365,12.470487179875365,12.470487179875365,12.470487179875365,12.470487179875365,12.470487179875365
