index,Problems_exporting_goods,Closure_of_production_plants,Increased_input_costs,Closure_of_offices,Supply_difficulties,Problems_importing_goods,Closure_of_sales_establishments,Decrease_in_demand_and_sales
Retail_trade,0.0,7.068507139571622,30.19593824370537,50.49359538427694,0.0,52.4637209267444,65.51359418434893,114.4686693798372
Wholesale_trade,52.44459082455053,7.125778703277803,52.50412475251485,42.25942068475891,42.25235235885846,52.51944883307001,52.47522023678579,114.49158675479472
