index,Unnamed:_1,Unnamed:_2,Unnamed:_3,Unnamed:_4,Unnamed:_5,Unnamed:_6,Unnamed:_7,Unnamed:_8,Unnamed:_9,Unnamed:_10,Unnamed:_11,Unnamed:_12,Unnamed:_13,Unnamed:_14,Unnamed:_15,Unnamed:_16,Unnamed:_17,Unnamed:_18,Unnamed:_19,Unnamed:_20
Conventional,362.3544127209245,362.3544127209245,362.3544127209245,362.3544127209245,362.3544127209245,362.3544127209245,362.3544127209245,362.3544127209245,362.3544127209245,362.3544127209245,362.3544127209245,362.3544127209245,362.3544127209245,362.3544127209245,362.3544127209245,362.3544127209245,362.3544127209245,362.3544127209245,362.3544127209245,362.3544127209245
FHA_insured,72.30890551971811,72.30890551971811,72.30890551971811,72.30890551971811,72.30890551971811,72.30890551971811,72.30890551971811,72.30890551971811,72.30890551971811,72.30890551971811,72.30890551971811,72.30890551971811,72.30890551971811,72.30890551971811,72.30890551971811,72.30890551971811,72.30890551971811,72.30890551971811,72.30890551971811,72.30890551971811
VA_quaranteed,33.09784878119922,33.09784878119922,33.09784878119922,33.09784878119922,33.09784878119922,33.09784878119922,33.09784878119922,33.09784878119922,33.09784878119922,33.09784878119922,33.09784878119922,33.09784878119922,33.09784878119922,33.09784878119922,33.09784878119922,33.09784878119922,33.09784878119922,33.09784878119922,33.09784878119922,33.09784878119922
Cash,70.62458240757377,70.62458240757377,70.62458240757377,70.62458240757377,70.62458240757377,70.62458240757377,70.62458240757377,70.62458240757377,70.62458240757377,70.62458240757377,70.62458240757377,70.62458240757377,70.62458240757377,70.62458240757377,70.62458240757377,70.62458240757377,70.62458240757377,70.62458240757377,70.62458240757377,70.62458240757377
