index,"17-18,_2013_September","14-16,_2011_January"
Great_Deal,39.48320064750195,45.44556173424859
Fair_amount,20.79302359720973,18.63336796836313
Not_much,15.760745957576788,15.73593304603024
Not_all_at,19.71671789679633,17.753226571296985
No_opinion,2.97005262589002,0.9393412638146472
