index,Family_practitioner/General_practitioner,Other_specialist,All_physicians
Female,45.57985615997616,50.42022118581584,47.567180028935226
Male,50.17276639684832,52.87260705498476,51.586778199843415
