index,Don't_know,None_of_the_above,Watching_TV,Video_chat_(e_Skype_FaceTime)_g_or,Chatting_with_friends,Social_networking_(e.g._Facebook_or_Twitter),Taking_pictures_films_or,Downloading_apps,Watching_videos,Browsing_online,Education_learning,Playing_games
Tablet,74.25528163570348,39.69156550096676,10.093123100778854,39.67342113417424,40.63900012565533,61.300091906020334,61.29761169344573,74.25140671473147,74.26726165453205,74.27769565225972,74.27547201339972,80.38593949728657
Smartphone,0.0,0.0,10.104221558639251,10.110162226954571,60.871238810261104,74.27074842552553,80.4017089125156,80.39952474653478,73.30826805505939,80.33569710091437,0.0,0.0
