index,Africa,Central_and_South_America,Middle_East,CIS,USMCA,Other_Europe,Other_Europe.1,EU_28,Asia_and_Oceania
2019,0.0,0.0,45.02560819195378,58.05950470959806,134.32906620448125,134.00993815435118,134.00993815435118,0.0,0.0
2020,0.0,0.0,45.70438054936221,56.03631790589316,134.62018301510147,33.92377858282316,33.92377858282316,153.76961672537777,0.0
2021,0.0,0.0,45.49942331027,54.476525372472224,134.13907330316283,35.26069001853671,35.26069001853671,154.20058131658652,154.01717439122444
