index,Unnamed:_1,st,2,Unnamed:_4,5,Unnamed:_6,Unnamed:_7,of,for,Unnamed:_10,>,Unnamed:_12,x,Unnamed:_14,5.1,Unnamed:_16,Unnamed:_17,it,Unnamed:_19,it.1,Unnamed:_21
Facebook_fans,223.93117303302049,0.0,167.74016067432763,223.93117303302049,324.57103469370946,223.93117303302049,223.93117303302049,0.0,275.04733344283943,223.93117303302049,293.0928802309368,223.93117303302049,315.729508338903,223.93117303302049,324.57103469370946,223.93117303302049,223.93117303302049,324.5616205322536,223.93117303302049,324.5616205322536,223.93117303302049
Twitter_followers,43.48671548620601,0.0,23.34633861191446,43.48671548620601,162.79313284155467,43.48671548620601,43.48671548620601,0.0,34.44785006530873,43.48671548620601,49.90518652703193,43.48671548620601,69.35373654664616,43.48671548620601,162.79313284155467,43.48671548620601,43.48671548620601,152.4393794373703,43.48671548620601,152.4393794373703,43.48671548620601
