Unnamed:_0,index,Unnamed:_2,the,I
0,Unadusted_(real_US_dollars)_wage,7.471502864599662,7.554607787265577,7.573463541323662
1,Inflation_adusted_(nominal_US_dollars)_wage,7.471502864599662,7.97844313565272,7.573463541323662
