index,PBS_Newshour,ALC_News,CBS_News,NBC_News,Total
Female,35.74369825768328,34.70367228435512,37.60959774582111,37.53322368436031,36.85980231310154
Male,63.29797176721085,64.46973702005238,61.49943604546061,61.45571647726264,61.92327281238232
