index,Amazon,Ebay
Estimated_minimum_value,388.0888051286464,198.09001695414628
Estimated_maximum_value,447.61487181465054,336.5607068662581
