index,The_Netherlands,Spain,UK,Germany
2013,38.11271626774942,75.05230796934131,198.36263857545737,167.0881074157655
2014,103.51311474933708,198.4031983084863,198.82783388080983,198.9882285286096
