index,None_of_the_above,Watching_TV,Video_chat_(e_Skype_FaceTime)_g_or,To_learn_things,Watching_videos,Browsing_online,Playing_games,Social_networking_Facebook_(e.g._or_Twitter),Downloading_apps,Chatting_with_friends,Taking_pictures_films_or
8-12,0.0,16.03814498752115,28.960031720150475,0.0,44.09070100368392,55.03197524020379,77.05073820227143,0.0,0.0,0.0,0.0
13-16,19.864805869871372,19.87376996248298,28.985355795381743,29.00144870419556,28.980829236774973,29.005119257014364,77.07080982598772,77.0504779765119,0.0,0.0,0.0
