Unnamed:_0,index,Unnamed:_2,the,and,will,way,Lines:,From:,Is,hasper,LO,is
0,Nominal,12.013258263134304,11.90214875035692,9.712639822552706,11.224075327516616,10.82417159246954,17.039097166625314,6.508578235897,17.039097166625314,4.010391955702335,9.89507094671018,11.908352124009424
1,Real_Terms,12.013258263134304,13.015157847407702,12.26671693355516,13.088875898537603,12.379681220683397,17.039097166625314,8.878436281372196,17.039097166625314,5.890989297430062,12.230582568456386,12.914798897013942
