Unnamed:_0,index,CBBC,CBeebies,BBC_Four,BBC_Two,BBC_One
0,2019/20,0.0,0.0,12.04163138196528,12.033347665572087,0.0
1,2017/18,46.15752480251484,46.163734115929145,46.16730725024684,46.1688575935258,46.15871981743665
2,2015/16,0.0,0.0,0.0,45.94314666882643,46.16212620548619
3,2076/17,0.0,0.0,0.0,46.16695390696431,0.0
