index,Semi_final,Semi_final_2,Semi_final_3,Semi-_final,Second_Chance_round,Final
2018,334.6948423875882,294.63948255523087,286.59803321518456,288.13725197004345,259.7549960449603,358.31356012071365
2019,311.4435459936145,297.54499207621893,294.43169255085945,277.0886142158149,265.95981527182664,361.0398984211892
2020,292.4271623951563,280.0469529156667,270.70657775700937,267.5249362898452,264.76726268481127,319.352958130195
