Unnamed:_0,index,Unnamed:_2,12
0,U.S,4.3157972111618434,13.737404522271444
1,Europe,7.292093491497233,13.737404522271444
