index,Change_for_the_better,Change_for_the_worse,"Moral_values_changed,_but_hasn't_made_much_difference_mixed_Don't_know","Not_changed_Not_sure,_Don't_know"
Millennial,18.858907476162017,53.67650169406474,18.864660086127486,7.951803785302715
Gen_X,8.685789223362079,69.61890316946435,13.670529222657237,6.959819998144113
Boomer,5.898225491834893,76.4738984052609,8.629308112208236,8.701867561287187
Silent,2.9196047537923704,77.44454787272738,12.77498442378682,6.038957507573088
