index,Unnamed:_1,Unnamed:_2,Unnamed:_3,Unnamed:_4,Unnamed:_5,Unnamed:_6,Unnamed:_7,Unnamed:_8,Unnamed:_9,Unnamed:_10,Unnamed:_11
Match_revenue,16.162622865018236,16.162622865018236,16.162622865018236,16.162622865018236,16.162622865018236,16.162622865018236,16.162622865018236,16.162622865018236,16.162622865018236,16.162622865018236,16.162622865018236
Advertising,29.1368429348573,29.1368429348573,29.1368429348573,29.1368429348573,29.1368429348573,29.1368429348573,29.1368429348573,29.1368429348573,29.1368429348573,29.1368429348573,29.1368429348573
Media_receipts,12.688629630677454,12.688629630677454,12.688629630677454,12.688629630677454,12.688629630677454,12.688629630677454,12.688629630677454,12.688629630677454,12.688629630677454,12.688629630677454,12.688629630677454
Transfers,7.0350074365669,7.0350074365669,7.0350074365669,7.0350074365669,7.0350074365669,7.0350074365669,7.0350074365669,7.0350074365669,7.0350074365669,7.0350074365669,7.0350074365669
Merchandising,5.7132991278200365,5.7132991278200365,5.7132991278200365,5.7132991278200365,5.7132991278200365,5.7132991278200365,5.7132991278200365,5.7132991278200365,5.7132991278200365,5.7132991278200365,5.7132991278200365
Other_takings,8.138961244978304,8.138961244978304,8.138961244978304,8.138961244978304,8.138961244978304,8.138961244978304,8.138961244978304,8.138961244978304,8.138961244978304,8.138961244978304,8.138961244978304
