Unnamed:_0,index,65+_years,55-64_years,45-54_years,30-44_years,18-29_years
0,At_least_day_once_a,0.0,0.0,9.82787565756604,29.86181316797446,29.93983331863912
1,Never,29.85979271362936,29.88088503247421,39.7178374281208,10.096853234196388,29.889165833994568
2,a_few_times_a_month,0.0,0.0,0.0,4.0102651325907885,0.0
3,At_least_once_w/No_opinion,0.0,0.0,0.0,8.974313290426238,0.0
4,Don't_know/No_opinion,0.0,0.0,0.0,0.0,2.7338828969151905
