index,Lower_than_before_the_quarantine,Same_as_before_the_auarantine,Higher_than_before_the_avarantine
Women,34.795184671501325,39.12851310476921,25.24969081156821
Men,22.867625415750613,39.58263977465169,36.4635110928935
