index,"Farming,_fishing,_forestry_worker_or",Installation_repair_worker_or,Business_owner,Construction_mining_worker_or,Manufacturing_production_worker_or,Transportation_worker,Sales_worker,Manager_executive_or,Clerical_office_worker_or,Professional_worker,Service_worker
Barack_Obama,0.0,78.79341565491237,78.8230224174367,0.0,0.0,0.0,0.0,49.62588571665354,90.47403969668088,90.44000953051838,0.0
Mitt_Romney,78.79927899556624,78.82330211743256,78.81970745452286,78.8214840674595,78.8319417395268,78.82249927485186,78.80412712882774,78.81135789168358,49.61305577425102,90.4733249078026,90.45422243401153
working_Percentage_of_voters,0.0,0.0,78.8050128454813,0.0,0.0,0.0,0.0,49.64662495338334,90.49169705382673,90.47040877636432,0.0
