index,Spain,Italy,Greece,Malta,Bulgaria
By_sea,36309.75666287456,32728.952198442945,8981.91321910428,2219.534014183446,0.0
By_land,1507.273921911008,0.0,4613.038618855586,0.0,1263.051003846922
