index,Canada,Mexico,China,Germany
2011,2467.1262633121314,1549.6144758810078,958.8762229094935,855.9968390696886
2012,2764.3396426993504,1488.7177523966598,1192.416962594224,896.4449488714608
2013,2921.2592349983315,1642.629004239358,1309.484450054044,996.8793555733208
2014,2889.7059732611347,1646.732019597276,1374.9167890011422,1128.579738215488
