index,18_34_to,35_to_44,45_.44_to,65_and_older
Somewhat_oppose,2.8657145022104658,7.81957475606427,6.883288913751812,10.763929491203244
Neither_support_or_oppose,12.243132961663733,16.125256938869633,17.424888855271107,13.370643732682808
Somewhat_support,24.67302728880898,24.868374999716018,22.67831567575341,28.118416995965816
Strongly_support,49.15274487087807,38.08488547953437,31.069460393961563,21.94700627879014
Strongly_oppose,6.865160699635467,10.779004040059275,18.58344410943961,22.661550585735757
Don't_know_opinion_no,3.7070293503337126,0.0,0.0,0.0
