index,Whirlpool_bathtubs,Multi_functional_shower_booths,WC_seats,Acrylic_sinks_and_bathtubs,Bathroom_furnishings/Accessories,Shower_screens,Ceramic_sanitary_ware,Bathroom_furniture,"Bathroom_facets_shower_taps,_farms"
Value,27.029006082941848,49.97318192232451,29.94069148016076,49.96762705215246,49.98006186728495,49.99045032307673,49.99751956443552,19.110737740284037,19.109781467099307
Volume,0.0,12.918966781093076,12.932902912488274,12.914400821415818,12.91917239614645,0.0,19.100662602668816,19.11004582931078,57.3257347148054
