index,18-29_years,30-44_years,45-54_years,55-64_years,65+_years
At_least_once_a_month,5.478860414898534,8.679696626625798,8.67407705609105,6.020817686776169,3.9259080483660966
At_least_day_once_a,47.14112937907794,28.943229945096306,14.890684015843265,10.953696333868264,4.027833315685271
few_a_tim_Never,14.620325005039833,11.007033174729756,9.904885701248162,6.951727766408439,3.8729147620351223
Never,17.41663802689763,38.98932269328593,53.20222883455628,65.86497398985459,80.06830968348935
Don't_know/No_opinion,0.0,3.846240206702049,2.52858588415414,3.204903651972387,2.4470162227676298
At_least_once_w/No_opinion,6.436414375352214,4.0449251535780775,4.957209669734894,0.0,3.8572953007016224
few_a_times_a_month,5.898481599403397,3.990115936157253,5.375892214183196,6.981764248218639,0.0
