index,Purchases_made_online,Shopping_Amazon_6+_on_times_per_month,Number_of_Amazon_purchases_has_increased_year_over-year
Male,41.21162964970445,53.49535993962239,60.58889727938335
Female,40.368858849089165,45.26829273261052,52.40589785085552
