index,Internet,Mobile,Branch,Phone
2011,79.16405961489386,9.698535499840515,42.51293182325698,9.741871413180531
2012,77.43323762977516,20.705547750753823,44.58020155936864,11.740935140636182
2014,79.33665625440194,26.589283926869623,51.456837573794665,11.799703266967144
2015,73.16435864818278,33.57914719942116,51.50351682961856,15.709947275170194
