index,Land_Rover,Cadillac,Audi,BMW,Porsche
Snpachat_fans,15.20596019931712,5.049041950458591,5.056656892722195,0.0,0.0
General_population,15.248934184878252,15.255077499567896,20.242921579011792,20.22604937656505,20.23602630415113
