index,Democratic,Independent,Republican
More_enthusiastic_about_voting,53.79605080544045,32.981789882351734,43.82234293745918
Don't_opinion_know_no,4.429584919070649,10.420555082298804,0.0
About_the_same,29.747339802184413,36.903632083911006,41.09794254802247
Less_enthusiastic_about_voting,11.48276899614514,19.25877809445484,13.17315453800039
