index,Phone,Desktop,Tablet
2015,29.706915996611457,64.42731714552201,4.938412347080515
2016,43.81125692754847,49.449931972401046,5.802931604453022
2017,51.50301574760478,42.49986052202982,4.89188089893409
2019,72.50436603126703,23.740841374471245,2.7321389759635792
