index,Very_concerned,Somewhat_concerned,Not_very_concerned,Not_at_all_concerned,Don't_opinion_know/no
18_29_to_years,37.58402330737528,36.54134244663231,15.789909712003926,4.902897410427208,3.7999277608782833
30_44_to_years,43.468854734542354,35.68198999899187,12.769777299970464,5.818244379400305,1.873407585080514
45_54_to_years,42.606931179456005,35.64688606647212,11.873886770800148,6.859060301126306,1.8514482008075743
55_64_to_years,53.46704500753575,32.64179858644984,8.770508279722591,3.8050318045036775,0.9571172405228054
65_and_folder_years,49.38747863857543,38.48435533604653,8.797249978375298,1.870037607558622,0.0
