index,Nunavut,Yukon,Northwest_Territories,Prince_Edward_Island,Newfoundland_and_Labrador,New_Brunswick,Nova_Scotia,Saskatchewan,Manitoba,Alberta,British_Columbia,Quebec,Ontario
2020,0.0,0.0,0.0,0.0,0.0,22509.884782488843,7501.214145873715,10006.663951448218,10005.224137949672,10002.314106631871,22510.986770201715,8517.761663637948,25558.493588877373
2043,0.0,0.0,0.0,0.0,0.0,7501.736424538367,7503.51068556473,10009.791542571997,10006.23491270041,6614.287003815001,25569.61075983235,25562.98396922056,25566.668297239125
