index,0),Unnamed:_2,Unnamed:_3,Unnamed:_4,Unnamed:_5,Unnamed:_6,Unnamed:_7,Unnamed:_8,>it,>it.1
Males,48.57132245310686,109.2124523351872,109.2124523351872,109.2124523351872,109.2124523351872,109.2124523351872,109.2124523351872,109.2124523351872,392.96881388179,392.96881388179
Females,43.90906745686698,426.8681266792813,426.8681266792813,426.8681266792813,426.8681266792813,426.8681266792813,426.8681266792813,426.8681266792813,416.5415183409477,416.5415183409477
