index,All_SMES,Other_Community,Health,Property)_Business_Services_etc.,Transport,Hotels_and_Restaurants,Wholesale_Retail,Construction,Manufacturing,Agriculture
Q2_2014,60.43949496522757,60.46797054046236,60.44666454051675,60.447732560008106,60.43654307802229,60.41024804258233,60.42512614744109,60.43586567677082,60.41862902886867,0.0
Q2_2015,0.0,68.31538714470427,0.0,0.0,0.0,0.0,0.0,0.0,0.0,0.0
Q2_2076,0.0,0.0,0.0,0.0,0.0,0.0,60.42418668585146,0.0,0.0,0.0
Q2_2017,45.22726811986541,68.30258574441204,0.0,0.0,50.23452916904622,60.42788519779375,60.44235290627388,0.0,0.0,0.0
Q2_2078,0.0,60.44319347716984,60.4574881269361,60.43608323629684,0.0,50.23386660139881,50.22735464922234,60.43088653034585,60.42574421427636,0.0
Q2_2019,54.168717412426105,60.43317090536903,54.19366753443251,60.41330376501594,60.43538111237197,60.45552514666726,60.417130834859954,60.43384830662048,60.43791765866394,0.0
