Unnamed:_0,index,Male,Female,Total
0,60-69,28.214964648098714,26.88747632937239,27.769242495729834
1,70-79,20.071642772241063,25.371353299551718,22.669133599796154
2,50-59,19.723125460586104,20.06767209657076,19.710200819223417
3,80-89,14.96378277372378,14.91774257452964,14.385874557579584
4,40-49,11.250673235117516,7.3531881027510195,9.367824246479913
5,30-39,1.830266687025329,3.5170489889321885,3.49753314869794
