index,Confirmed_cases,All_cases
Male,4.653772001526657,2.759972317236721
Female,2.7588032530588205,1.6650692502093971
