index,employees_Permanent,Temporary_employees,Self-_employed_family_&_workers
Men,1970.825005884749,343.30251563470256,362.85575893965097
Women,1863.9672084976123,414.30645673215895,128.35800473817972
