index,18_to_29_years,30_to_44_years,45_54_years_to,55_64_years_to,65_years_and_older
Very_concerned,15.811077790963132,20.79236074274705,15.819800260911716,18.72777048135933,20.7971911379158
Sor_ion,21.69422933938237,19.897965477042572,23.741292557838896,29.662950429218046,25.660097153302104
Not_all_at_concerned,21.738695951646,20.795762154156847,25.669654337429986,16.855569131878685,17.68535321947011
Not_very_concerned,22.756277045741264,27.74610653240084,25.68088094991646,26.74543670848155,26.728605586505463
Don't_know/no_opinion,15.818349773977186,8.908249566246738,8.9141531653603,7.878908189943804,7.876871252766211
