index,White,Hispanic,African_American,Other,Total_adults
would_prefer_watch_foreign_language_film_with_subtitles_to_a,39.83879628210185,56.68228560793176,31.01625686346065,57.90629383644716,40.91330779068079
would_watch_foreign_film_dubbed_into_English_prefer_to_a_language,59.647301841852354,42.729585584909145,68.49102354091784,41.6878627496195,58.474129859463886
