index,City,Suburban,Town,Rural
Elementary,7.018722336638627,5.013697992350499,6.021295080817801,3.9890503830720254
Secondary,3.001632909588769,1.990540528891593,1.9900168619822851,1.990974213599583
