index,Cardiovascular_and_metabolic_diseases,Oncology,Respiratory,Other_disease_areas
2016,8062.900162176766,3366.9229895153258,4705.724267477315,5027.429057970816
2017,7211.030648696307,3988.971549824638,4683.253949601059,4119.558914566312
2018,6653.216657189529,5990.788436209975,4864.818323907374,3360.3771323711544
2019,6875.947858252274,8625.529392492504,5328.158524830682,2571.215171515102
