Unnamed:_0,index,1905,2002,201,ecoo,2004,eois,ZE,cors,20,200,cont,eors,2015,colp,earo,easo,and
0,Army_National_Guard,381.2368128822429,358.305681812748,361.1316359511332,359.6807136759069,350.6923786266528,365.49664411509065,358.3907090890833,342.72288486557886,365.5583363403328,367.4374406186584,369.59942721718846,342.7273429491105,357.53797923018607,350.72249643849887,369.4720040078613,343.3973502357966,343.43853233416354
1,Air_National_Guard,118.33409289954562,119.7163636310134,114.69488427558169,114.9640171599433,115.52729527851436,113.15944968416392,116.17379095634352,115.20472424436036,116.89441146860378,116.45154574482916,114.76597820173708,115.1208004540477,112.98715873315388,114.53468753138036,116.4644933141621,116.29864672152462,115.96115655634378
