index,Atlantic,Quebec,Ontario,Manitoba,Saskatchewan,Alberta,British_Columbia
2014,40.17317848119109,0.0,0.0,0.0,0.0,0.0,0.0
2015,40.213918220628784,44.09560022031992,47.15566319771244,47.15077779435537,47.14840520466531,47.15781142903938,0.0
2016,44.098460789449774,44.10045383957554,44.09827008484112,47.16193214430879,47.15986243840896,44.087162476213344,47.17116075164539
