Unnamed:_0,index,Unnamed:_2
0,Germany,71.96276261418754
1,United_Kingdom,83.67972009522771
2,United_States,75.93294639092159
