index,Male,Female
Rural,425.9459490354084,403.3440965828993
Urban,193.14279933460085,180.1354974904644
