index,Lantus_SoloStar,Lantus,Humalog_Mix_75-25_KwikPen,Humalog_KwikPen_U-100,Novolog,Novolog_Flexpen,Toujeo_Solostar
U.S._price,26.67315386036482,26.64947651193711,59.27539076104898,35.15672539060962,112.38372568438076,59.26887933880293,112.37811071840672
Average_(excluding_U.S.)_price,0.0,29.749107329438598,35.181644452116814,35.15665876210292,112.37385255111464,112.35675931057668,112.33011396503215
