index,Very_satisfied,satisfied_Somewhat,dissatisfied_Somewhat,Very_dissatisfied
2014,49.39958174259373,34.516131275821465,7.746443550592168,5.798059542017008
2016,48.496849432106806,39.49960213042621,7.7467217524535315,3.776366615503889
