index,Spain,Portugal,Italy,Ireland,Greece,Germany,France
National_debt,87194.35213759891,145639.56348754748,109327.34004547654,145722.9980162582,145644.8168330198,146173.6699000096,0.0
Gross_(GDP)_domestic_product,101950.42943881747,101986.56756883406,145453.75795226076,145678.0798762895,363089.8428626577,101901.63441133744,101957.85742497374
