index,3-6_years,6-10_years,10+_years
Minimum,148.23392089479347,222.9623207389159,355.6274949094482
Maximum,192.13027063427992,355.5845064353405,0.0
