index,Bancassurance,Brokers,Agents,Direct_writing
2012,0.0,25.24958865064826,49.25044739247991,0.0
2013,19.80976808821527,25.253105716211284,49.27385254126938,60.921534109957854
2014,19.80803315510101,19.814878488888983,49.268652032775215,25.234962578079134
2015,0.0,26.13959789599669,0.0,0.0
2016,49.26792830964594,26.14146155456872,49.26120454990142,49.2689481013281
