index,14_24_to_years,25_34_to_years,35_44_to_years,45_to_54_years,55_to_64_years,Over_64_years
Excessive._they_spreading_social_are_concern,51.863080448821336,72.75112533218301,50.64089599378123,49.79363107900063,43.06973946349295,49.07969024694523
In_this_the_behavior_context_appropriate,33.14830890234235,22.034801303010735,36.81904589792272,31.98332117810789,44.3154430375709,37.6903452176043
They_downplaying_the_situation_are,13.90157831446436,5.358114166613149,11.251567404513082,17.816425853339453,11.986230089492269,12.720770087361204
