index,1964:_Lyndon_B._Johnson,1968:_Hubert_Humphrey,1972:_George_McGovern,1976:_Jimmy_Carter,1980:_Jimmy_Carter,1984:_Walter_Mondale,1988:_Michael_Dukakis,1992:_Bill_Clinton,1996:_Bill_Clinton,2000:_Al_Gore,2004:_John_Kerry,2008_Barack_Obama,2012:_Barack_Obama,2016:_Hillary_Clinton,2020:_Joe_Biden
Democrat,2.999986794721367,3.000868864390055,3.0007267197647702,2.9995103310906903,3.000652641372439,3.000681199129482,2.9999230228879687,3.0013889161762197,3.0001830487810506,1.999778623702917,2.9992065023221426,3.000726290324814,3.000599605537929,2.9995895627624884,2.997635181524806
Faithless_elector,0.0,3.001309040344488,0.0,0.0,3.0012237965133126,3.00129723074571,3.00046454667191,3.000602182177662,3.001202753955491,2.998975248906082,3.0008031600768565,2.999807932979883,3.0009373600629647,2.9999829297617677,3.000097804949875
