index,Natural-_born_citizen,Non_natural-_born_citizen
Hillary_Clinton,44.94975551598028,63.91854962858893
Donald_Trump,49.97805311850778,30.962862572732995
