index,Vermont,Wyoming,North_Dakota,South_Dakota,Alaska,Maine,Montana,District_of_Columbia,Delaware,New_Hampshire,West_Virginia,Rhode_Island,Idaho,Hawaii,Nebraska,Mississippi,New_Mexico,Arkansas,Iowa,Kansas,Oklahoma,Utah,Kentucky,Nevada,Alabama,South_Carolina,Oregon,Connecticut,Louisiana,Minnesota,Wisconsin,Tennessee,Missouri,Colorado,Indiana,Maryland,Washington,Arizona,Massachusetts,Virginia,North_Carolina,Georgia,Michigan,New_Jersey,Ohio,Pennsylvania,Illinois,New_York,Florida,Texas,California
Urban_population,0.0,0.0,0.0,0.0,0.0,0.0,0.0,0.0,0.0,0.0,40029.50450360947,5022.419802016921,40009.09155536244,40020.70106091695,10020.907486469749,10022.527982253145,40007.94793572239,40018.33103063973,40019.98574670193,40014.90789887929,40000.75063837378,40007.81215848713,10022.86356176142,10028.848798912368,10022.797328963738,40010.9538008574,40013.78746071843,40015.8296386471,40014.49284001379,40006.55263145112,40001.71874109996,40006.27445370084,40025.23248815868,40005.05466634344,40028.76159239541,40006.6563961675,5026.277862482166,40010.650233868,40014.23453210281,40016.18067247484,40042.857035623085,40082.97424118187,40019.33666528461,40037.12900250316,40025.16956700088,9994.259824200491,40039.05637691584,40033.586651706886,40071.7102500553,40073.07906120749,40064.19834691768
Rural_population,0.0,0.0,0.0,0.0,0.0,0.0,0.0,0.0,0.0,0.0,0.0,0.0,0.0,0.0,0.0,40096.13028256236,40023.78530152922,0.0,0.0,0.0,40005.63420332321,40097.6150011105,10022.332595499967,0.0,0.0,0.0,40016.3937213074,0.0,0.0,0.0,0.0,0.0,40020.79047519383,0.0,40025.27885111706,0.0,0.0,0.0,0.0,0.0,40042.1494485678,0.0,40034.94994345927,0.0,0.0,10017.96895801238,40042.44418451751,0.0,40073.52502871191,0.0,0.0
