index,Music,Films,TV_programs,Computer_software,Books,Video_games,Any_content
100_free,32.24599660679796,40.47162188538984,24.23807130037568,29.354929345042702,52.45586723112606,45.27637222285024,16.349524768763445
Mix_of_and_free_paid,22.03651248230915,18.832283422876507,14.130312964307166,16.875709769395293,17.52180059007258,25.24310415831421,48.52086874986445
100_paid,46.334491257773465,41.11069755224442,62.18263849991538,54.18031683536356,30.688983821649828,29.95820228383846,35.06203564740116
