index,Unnamed:_1,Unnamed:_2,Unnamed:_3,Unnamed:_4,Unnamed:_5,Unnamed:_6,Unnamed:_7,Unnamed:_8,Unnamed:_9,Unnamed:_10,Unnamed:_11,Unnamed:_12,Unnamed:_13,Unnamed:_14,Unnamed:_15
Aircraft,3438.1196582245902,3438.1196582245902,3438.1196582245902,3438.1196582245902,3438.1196582245902,3438.1196582245902,3438.1196582245902,3438.1196582245902,3438.1196582245902,3438.1196582245902,3438.1196582245902,3438.1196582245902,3438.1196582245902,3438.1196582245902,3438.1196582245902
Combat_Systems,5978.5576999219775,5978.5576999219775,5978.5576999219775,5978.5576999219775,5978.5576999219775,5978.5576999219775,5978.5576999219775,5978.5576999219775,5978.5576999219775,5978.5576999219775,5978.5576999219775,5978.5576999219775,5978.5576999219775,5978.5576999219775,5978.5576999219775
Marine_Systems,8076.968833466435,8076.968833466435,8076.968833466435,8076.968833466435,8076.968833466435,8076.968833466435,8076.968833466435,8076.968833466435,8076.968833466435,8076.968833466435,8076.968833466435,8076.968833466435,8076.968833466435,8076.968833466435,8076.968833466435
Information_and_Technology_Systems,8728.335941235942,8728.335941235942,8728.335941235942,8728.335941235942,8728.335941235942,8728.335941235942,8728.335941235942,8728.335941235942,8728.335941235942,8728.335941235942,8728.335941235942,8728.335941235942,8728.335941235942,8728.335941235942,8728.335941235942
