Unnamed:_0,index,the_the_you_pot_the,the_the_a_pot_the,the,Unnamed:_5,a_po,for,in,the_I,is,to_a,to_for,6,,1993_a,to_>,the_part,no_to_a
0,macOS,7.572638517215154,7.917190043960517,9.136764204807164,11.299241128794478,8.110110515236414,8.5984178874087,8.277770759288089,10.23416173616006,2.9288875502369223,8.297354246208087,2.0772181134139203,8.293742927041336,11.465773627562498,16.749963538347714,1.660940719498953,15.89476514577754,17.612074122515963
1,Windows,91.55831336442785,91.33607151577708,84.64666029638414,83.42472927460763,89.792745759456,89.89394505954432,89.88731797209097,88.315773241088,88.42877585276868,85.15972104396775,86.21525895122475,81.29073108685628,84.70727977320408,79.77592841630477,78.25359899633204,79.66898268378796,84.6167497037768
