index,United_States,Canada
2013,2.784952820912558,8.7437386538178
2014,10.855837734882344,10.867767329611873
2015,30.71762169631704,11.822926934675875
2016,41.644121987362254,12.825770482714448
2017,3.893514715647037,2.8287700993686045
