index,Total,Europe,North_America,Asia,South_America,Australia
2012,313679.3544080912,0.0,36584.39121203631,0.0,78918.86604905041,173138.24426074
2015,313831.9154816064,313768.56196484854,37084.07993260858,37061.32744109235,78922.42405183899,78989.5930584292
2018,0.0,0.0,0.0,9047.884051693196,0.0,0.0
2019,258932.92729073192,0.0,0.0,0.0,0.0,172779.0264265759
2020,283174.8175005389,283075.0646789378,0.0,16763.764217339572,16822.541487089766,500237.519094422
