index,Often_(8-10),Occasionally_(5-7),(2-4)_Sometimes
Male_respondents,227.18654358140697,502.1886294456601,501.9596861242729
Female_respondents,182.4730929206536,410.6899469430171,364.4844743072496
