Unnamed:_0,index,and,eads,1993,not,200,the,ecco,20000,Subject,any,anowers,Shown,provent,From:,prothore,ecos,FOR,1903
0,Part_time,-4.087160760991225,0.763434020363853,-1.2296704428305567,-2.1327567584598626,-2.5000307390473893,-2.9742112840737533,-2.095512560166881,-1.5450953352342864,-1.1983896197310848,-5.484872930541663,-3.506968926281232,-3.7131434018826894,-4.712216235365808,-4.541745163306949,-3.95669655910946,0.0151380202439703,-0.8862384358743114,-2.6595241288073623
1,All-employees,20.22447861772652,27.74295470639791,27.982353289250977,18.50883440221967,27.25607797420456,20.91212839853789,27.6917482564236,16.589359563474787,25.702315188201737,20.381778007979086,18.89406575005389,21.205498024439848,19.18042303077017,20.871362658128383,19.4529073951616,26.06912520129273,22.934928702700773,28.243681300630573
2,Full-time,10.843403573337412,16.61001043974897,17.53193018547557,10.14582508021931,17.53080244667448,11.398827420613529,17.444512177081506,8.589802974233379,15.649292252645768,10.69240953018056,9.88080069839116,11.64653611280923,10.579941119354729,11.143166921096324,10.340750985666766,15.68623866641717,13.6782046321439,18.533896331794203
