index,"17,_500_000_50,","50,_000","100,_000_250_000","250,_000_500_LOOO",500_000_million,2_millions,2_5_millions,5_10_millions,10_25_millions,25_50_millions,50_100_millions,100,More_than_250_millions
2015,929.4927401402132,927.7299730870184,929.6300627969564,0.0,0.0,0.0,801.322656743197,0.0,0.0,0.0,0.0,0.0,0.0
2076,928.5843771804498,314.68903877462867,314.70133235870674,222.03385719506923,314.73386051765954,148.96946539522207,801.2753098315446,111.53330896767112,222.04013689072,929.644482838821,111.2419177991161,929.6075024088778,927.6660132239092
