index,France,Australia,Canada,United_Kingdom,United_States,Mexico,Brazil,United_Arab_Emirates,Hong_Kong,Turkey,Singapore,Taiwan,Malaysia,Indonesia,India,China
Have_for_additional_tutoring_paid,39.75457906423309,99.44670818846215,99.53157527594196,99.47770357427612,99.4998835354384,99.48920406963062,99.51320550004652,99.48886957611155,99.50601388938723,99.498822278728,99.50487661142252,99.46792724096974,99.49350383177531,99.48796644361018,99.5112350291344,99.51114076277902
Have_aying,68.52117678469017,0.0,99.48031870542492,79.48731570167314,99.47863407442908,99.5108518820126,99.55101239024812,0.0,0.0,0.0,0.0,0.0,0.0,0.0,0.0,0.0
Have_paid_would_consider_paying_not_not,0.0,0.0,0.0,20.01940062410409,0.0,0.0,0.0,0.0,0.0,0.0,0.0,0.0,0.0,0.0,0.0,0.0
