index,Unnamed:_1,Unnamed:_2,Unnamed:_3,Unnamed:_4,Unnamed:_5,Unnamed:_6,Unnamed:_7,Unnamed:_8,Unnamed:_9,Unnamed:_10
2017,152.45302088078915,152.45302088078915,152.45302088078915,152.45302088078915,152.45302088078915,152.45302088078915,152.45302088078915,152.45302088078915,152.45302088078915,152.45302088078915
2078,512.2400991372378,512.2400991372378,512.2400991372378,512.2400991372378,512.2400991372378,512.2400991372378,512.2400991372378,512.2400991372378,512.2400991372378,512.2400991372378
2019,271.5823282171914,271.5823282171914,271.5823282171914,271.5823282171914,271.5823282171914,271.5823282171914,271.5823282171914,271.5823282171914,271.5823282171914,271.5823282171914
