index,Unnamed:_1,Unnamed:_2,Unnamed:_3,Unnamed:_4,Unnamed:_5,Unnamed:_6,Unnamed:_7,Unnamed:_8,Unnamed:_9,Unnamed:_10,Unnamed:_11,Unnamed:_12
More_frequently,11.894398609117118,11.894398609117118,11.894398609117118,11.894398609117118,11.894398609117118,11.894398609117118,11.894398609117118,11.894398609117118,11.894398609117118,11.894398609117118,11.894398609117118,11.894398609117118
No_change,37.171350485751375,37.171350485751375,37.171350485751375,37.171350485751375,37.171350485751375,37.171350485751375,37.171350485751375,37.171350485751375,37.171350485751375,37.171350485751375,37.171350485751375,37.171350485751375
Less_frequently,7.829066491922646,7.829066491922646,7.829066491922646,7.829066491922646,7.829066491922646,7.829066491922646,7.829066491922646,7.829066491922646,7.829066491922646,7.829066491922646,7.829066491922646,7.829066491922646
do_this_activity_rarely_or_never,5.532472205400438,5.532472205400438,5.532472205400438,5.532472205400438,5.532472205400438,5.532472205400438,5.532472205400438,5.532472205400438,5.532472205400438,5.532472205400438,5.532472205400438,5.532472205400438
