index,Denmark,Europe
2020_COVID-19_forecast_pre,415.8539934377372,304.669470337337
Revised_2020_COVID-19_forecast_post,276.39468086166056,220.9546574335456
