index,Female,Male,Total
All_ethnicities_races,11.961925583104032,17.326794982670663,14.646655615318894
White_Hispanic)_(non-,10.16018917407454,14.649010677590669,12.328059264288786
Black_(non-Hispanic),16.487889945550844,19.469348722318987,17.977230188507942
Hispanic,13.809408223479254,22.02679901585702,17.977114141961216
