index,Under_30_years,30-44_years,45-64_years,65_years_and_older
The_world's_is_changing_climate_not,8.110623622857588,4.174775896998867,7.65259659333077,8.423859886410483
The_world's_is_changing_but_climate_The_world's_climate_is_not_changing,18.77476783151785,20.931033382731613,22.99085423943684,37.1085558234612
The_world's_is_changing_of_activitiy_climate_as_a_result_human,57.37007402921137,56.39925361530504,55.12706108652195,47.33863537277871
Not_sure,15.24766477239325,18.82602978168829,13.504524393766417,7.738100054900116
