index,Unnamed:_1,Unnamed:_2,<9_S,Unnamed:_4,Unnamed:_5,and_not,6_H,Unnamed:_8
Daily,13.958878960529276,13.958878960529276,31.795712773972767,13.958878960529276,13.958878960529276,21.86555280195708,26.920023711031547,13.958878960529276
At_least_weekly,22.53598852139456,22.53598852139456,20.083315104104784,22.53598852139456,22.53598852139456,25.99978998106413,21.738106386967416,22.53598852139456
Less_often,40.93222743608108,40.93222743608108,32.586806877717734,40.93222743608108,40.93222743608108,28.57295473940076,33.03745163053584,40.93222743608108
Never,22.341124964987344,22.341124964987344,16.489371758648915,22.341124964987344,22.341124964987344,22.408215612759093,17.308939145456776,22.341124964987344
