index,Asia,Africa,Europe,Northern_America,South_America,Central_America,Oceania
2019,4594.572416538341,1292.0106804555026,742.7357047863488,344.65505469519667,421.08187363245816,166.87661160598873,0.0
2700,4705.664583866053,4266.47248529012,617.0050866817237,480.6898754961612,423.0549698296063,192.50037765619615,0.0
