Unnamed:_0,index,Men,Women
0,Obese_excluding_morbidly_obese,25.13210854624407,25.01273293508636
1,Overweight,41.70675204723351,31.446590029613624
2,Normal,30.00877054764365,38.48669240287517
