index,Cloud_SharePoint,SharePoint_On-_premises_server
2018,66.4759894312227,32.63276875341424
2019,73.25376826097575,25.836875669945076
2020,80.74407605157636,18.638152610762447
