index,2019
Italy,10.164088787233975
France,9.70716037345137
Germany,14.902780547214384
Belgium,17.97214527517179
Spain,7.173288346940005
Other,21.72608705394898
United_Kingdom,9.555321058684742
Russia,7.631627230205339
