index,Ale,Lager,Neither,Don't_know
Male,41.75304172939767,38.769895729236914,16.75832909109255,1.8801960798844848
Female,13.773094369287584,38.74951473135926,42.59120741678605,3.926591467366862
