index,Unnamed:_1,is,2,Unnamed:_4,5,Unnamed:_6,Unnamed:_7,5.1,Unnamed:_9,Unnamed:_10,it,Unnamed:_12,Unnamed:_13,it.1,Unnamed:_15,Unnamed:_16,it.2,Unnamed:_18,of,Unnamed:_20,Unnamed:_21,it.3,Unnamed:_23,Unnamed:_24
Facebook_fans,151.89690932591657,0.0,144.26127187896628,151.89690932591657,0.0,151.89690932591657,151.89690932591657,0.0,151.89690932591657,151.89690932591657,236.93903021148776,151.89690932591657,151.89690932591657,236.93903021148776,151.89690932591657,151.89690932591657,236.93903021148776,151.89690932591657,0.0,151.89690932591657,151.89690932591657,236.93903021148776,151.89690932591657,151.89690932591657
Twitter_followers,18.255082986679213,0.0,0.0,18.255082986679213,0.0,18.255082986679213,18.255082986679213,0.0,18.255082986679213,18.255082986679213,84.13215344740514,18.255082986679213,18.255082986679213,84.13215344740514,18.255082986679213,18.255082986679213,84.13215344740514,18.255082986679213,0.0,18.255082986679213,18.255082986679213,84.13215344740514,18.255082986679213,18.255082986679213
