index,More,No_change,Less,Don't_opinion_know/no
Male,40.60850339137289,52.36801333480584,1.832938989761466,3.771739965018341
Female,48.44535341003009,42.57895177530912,1.8645509712202253,5.789391032648297
