Unnamed:_0,index,Unnamed:_2,the
0,Electric_power,-1011.3483142938016,495.0149597401726
1,Industrial,-909.1462341743012,495.0149597401726
2,Commercial,-494.45437446925575,495.0149597401726
3,Residential,-165.3743766064427,495.0149597401726
