Unnamed:_0,index,over_I_OOT_million_U.S_dollars,501-1_000_million_U.S_dollars,251_550_million_U.S_dollars,100-250_million_U.S_dollars,less_than_100_million_U.S_dollars
0,Underwriter_discount,19.490882106321,19.36141614085682,19.36470943665316,34.1199840344175,34.115115083925794
1,Legal,0.0,24.880528299862664,0.0,0.0,0.0
2,Average_total,19.489002758480336,19.369763758285497,19.35581162190282,34.122234124539425,11.350119150258688
