index,Other_Middle_East,Syria,United_Arab_Emirates,Iraq,Saudi_Arabia,Iran,Other_Africa,Morroco,Algeria,Nigeria,South_Africa,Egypt
2007,8.004840101318573,8.007163359949372,8.00802067862647,4.970052583878507,7.992600190059802,9.987395790790249,9.987131471693734,9.989302887439306,8.00471450288264,8.987971544018441,8.97290972959219,9.97400862217641
2014,8.981231719491326,4.980574108576036,2.968376563356852,2.9645861150366706,9.998707773305943,9.990910047524949,9.988289351802091,3.990185450777158,3.9901891999842007,9.002884015030823,8.998404337482622,9.989354751470062
