index,"$7.51g_dried_for_marijuana,_$2_6/ml_for_oil)._extract","$6_Ojg_dried_for_marijuana,_$2.1_Jiml_for_oil)._extract","$5_O/g_dried_for_marijuana,_$1_7/ml_for_oil)._extract","$4.0/g_dried_for_marijuana,_$1_4_/ml_for_oil)_extract"
2015,47.269391760221424,36.70157702006805,31.48225740031762,20.61862776655857
2016,125.04098549817672,100.35317960549628,80.83314301676046,66.25504338918154
2017,310.8121392601811,250.83259754248843,205.9120419739454,163.66730744908068
2018,566.6069042656688,452.8453976057874,369.8679712493099,301.62749142376583
2019,910.7647549291992,729.2954300645039,600.3764072187224,488.5030807307917
2020,1146.4043205158869,920.9696194807444,757.8434404920538,610.9482680592445
