index,Weekly_or_more,Few_times_a_month,Once_a_month,Less_than_once_a_month,Do_not_muse
18-24,47.99064289547504,20.7942839817121,9.923703065299392,6.875686511467677,12.831620195303657
25-34,34.97474225556747,22.01335982712941,12.803716392707996,14.766702619384064,16.0237770079885
35-44,29.949985942026775,23.9573173943208,8.801078278459187,9.920815704999214,25.889203885244505
45-54,32.81904493302936,13.784250726099016,10.896052871020174,10.932868551590689,31.89824148829097
55-64,14.80295993002376,11.83650946792902,7.838330966154018,6.872652211712023,57.90330713418148
.65+,10.869846219135312,8.791585989635166,4.018727984623894,8.819041626891604,66.9731193092817
