index,Kidney,Liver,Lung,Heart,Pancreas
2017,638.0468563374661,402.60455192429913,143.0880284335287,90.5639048882249,27.743676922361374
2018,1440.303779597226,569.2507223052717,277.14502506654685,194.83501549940524,90.46231114633588
2019,1422.5074655103951,532.7040032942446,276.5117733076356,189.87552381788964,86.39744855028198
