index,a,Unnamed:_2,Unnamed:_3,Unnamed:_4,Unnamed:_5,Unnamed:_6,Unnamed:_7,Unnamed:_8,Unnamed:_9,Unnamed:_10,Unnamed:_11,Unnamed:_12,Unnamed:_13,Unnamed:_14,Unnamed:_15,Unnamed:_16
Other,24.558626866529156,25.078678484626494,25.078678484626494,25.078678484626494,25.078678484626494,25.078678484626494,25.078678484626494,25.078678484626494,25.078678484626494,25.078678484626494,25.078678484626494,25.078678484626494,25.078678484626494,25.078678484626494,25.078678484626494,25.078678484626494
Managed_services,89.24312301101088,100.32106994386652,100.32106994386652,100.32106994386652,100.32106994386652,100.32106994386652,100.32106994386652,100.32106994386652,100.32106994386652,100.32106994386652,100.32106994386652,100.32106994386652,100.32106994386652,100.32106994386652,100.32106994386652,100.32106994386652
Data_&_broadband,154.01782553926478,144.53621379890808,144.53621379890808,144.53621379890808,144.53621379890808,144.53621379890808,144.53621379890808,144.53621379890808,144.53621379890808,144.53621379890808,144.53621379890808,144.53621379890808,144.53621379890808,144.53621379890808,144.53621379890808,144.53621379890808
Voice,127.17270723149414,134.95095027882388,134.95095027882388,134.95095027882388,134.95095027882388,134.95095027882388,134.95095027882388,134.95095027882388,134.95095027882388,134.95095027882388,134.95095027882388,134.95095027882388,134.95095027882388,134.95095027882388,134.95095027882388,134.95095027882388
Mobile,0.0,52.48707739567158,52.48707739567158,52.48707739567158,52.48707739567158,52.48707739567158,52.48707739567158,52.48707739567158,52.48707739567158,52.48707739567158,52.48707739567158,52.48707739567158,52.48707739567158,52.48707739567158,52.48707739567158,52.48707739567158
Ventures,87.62519369773548,78.36494206715014,78.36494206715014,78.36494206715014,78.36494206715014,78.36494206715014,78.36494206715014,78.36494206715014,78.36494206715014,78.36494206715014,78.36494206715014,78.36494206715014,78.36494206715014,78.36494206715014,78.36494206715014,78.36494206715014
