index,Manufacturing,Education,"Utilities,_energy_and_mining",Health,"Travel,_leisure_and_entertainment",Property_and_construction,Retail_and_distribution,Financial_services,Government,Other,Technology,Services,Telecommunications
2014,12.095490505104989,12.09188971730832,12.089345514267212,12.092745153083218,8.025766963379834,34.98169102190314,11.039862865024611,35.00253536132767,11.040428734684497,11.03292654083435,35.02644998574274,10.058344256533474,34.97442313345904
2015,0.0,0.0,0.0,0.0,0.0,34.97439881874709,34.979807736941346,8.026257678475513,0.0,10.075384448752322,13.071578091118278,15.035693997139708,13.065357945716302
