index,Other_insurers,Liability_insurers,"Accident,_health_and_medical_insurers",Commercial_property_insurers,Domestic_property_insurers,Commercial_motor_insurers,Private_motor_insurers
2014,42.59863646853496,88.83042737403625,76.76842098429006,49.50737099069396,0.0,0.0,0.0
2013,45.42961392971751,76.78015460281878,76.7790036694118,76.79191183023791,76.76225906389568,76.78324146523856,45.40521414148926
