index,the_workforce_More_women_in,Growing_variety_family_and_living_of_arrangements
Millennial,81.44859200151471,46.72490507458874
Gen_X,72.44907218893607,33.51022936078043
Boomer,71.58047359482447,26.563603162165336
Silent,61.29317095926848,15.664630717623568
