index,"36,_000_Less_than","36,_000_to_89_999",90_000_or_more
Obama,55.810259006553856,45.81198822604455,43.99386569358612
Romney,37.87061102152818,50.783197675457245,51.86949786900148
