index,Customer_support,Revenue_increase,Target_group_oriented_approach,Increasing_the_level_of_recognition,Closer_ties_to_the_customer,Marketing_platform
2015,14.97650859686808,9.927363977806571,12.968992413235622,14.962403545195428,14.981717811073544,19.954699590143377
2016,1.0214143760107142,9.940215000494955,9.9483939328968,14.984416747790137,14.986920366718028,14.984032770773712
