index,Equateur,North_Kivu,Ituri
Probable_cases,0.0,42.78366730429775,0.0
Confirmed_cases,52.40130514851023,572.5775218479923,44.13173492545832
Deaths,32.0424275150981,340.2703521914217,29.50631560447175
