index,ASUS,Dell,Acer,Lenovo,Apple,Fujitsu,HP,Toshiba,Samsung,Sony
2009,0.0,0.0,0.0,0.0,0.0,22013.73924029089,27631.175601427945,27641.3516545182,42057.91190680642,42049.0421947218
2010,42064.3275289668,18159.436509608386,18164.951263315557,18156.8614319064,18158.56180067469,18146.19161788535,27642.25906285128,42065.27908148905,27638.895929623992,27646.178085868203
