index,Every_day,Several_times_per_week,About_once_per_week,Several_times_per_month,About_once_per_month,Never_Less_often,Never
White,15.739121693925746,24.65946525020737,19.77711305396729,11.860191130191414,7.832412033255451,8.87753357521418,9.790115336638618
Hispanic,23.791951209087628,21.7341871188952,17.811571972215365,15.722456768547891,8.897206181258667,3.9277737147705674,8.897641503460417
African_American,27.671441755472397,30.66677708020693,15.75624172887817,5.887772353399313,6.946935015101722,6.949349074584148,4.8752208270805255
Other,17.824504999081867,15.756158621912377,11.86135067023789,20.80133517276751,8.878926606259775,8.887795306751773,13.766894458902415
