Unnamed:_0,index,Unnamed:_2,the,and,Parting,for,App,tay,SELESTER,dist,So,po,R,is,it,SCORES,LY,Rop,Lig
0,Patients_with_no_symptoms,-470739.2331809638,41762.93856116393,-573044.53673605,480897.6149175404,480897.6149175404,480897.6149175404,-570381.722282265,480897.6149175404,480897.6149175404,480897.6149175404,480897.6149175404,-513303.31941865,480897.6149175404,-571623.9526373015,480897.6149175404,-548028.9494656414,480897.6149175404,480897.6149175404
1,Patients_with_symptoms,-470739.2331809638,41762.93856116393,-573044.53673605,480897.6149175404,480897.6149175404,480897.6149175404,-539181.5281031986,480897.6149175404,480897.6149175404,480897.6149175404,480897.6149175404,-513303.31941865,480897.6149175404,-571623.9526373015,480897.6149175404,-548028.9494656414,480897.6149175404,480897.6149175404
2,Total,-470739.2331809638,-285801.8420831744,41762.93856116393,480897.6149175404,480897.6149175404,480897.6149175404,-513303.31941865,480897.6149175404,480897.6149175404,480897.6149175404,480897.6149175404,480897.6149175404,480897.6149175404,-571623.9526373015,480897.6149175404,-548028.9494656414,480897.6149175404,480897.6149175404
