index,India,Mexico,Argentina,Brazil,Germany,Colombia,United_States,Italy,Thailand
Percentage_of_total_plastic_surgeons,4.9689378414985,17.868980987876515,17.870808010628608,6.009025169028476,13.761522947036203,15.00961877819066,17.867030161812774,4.968024099146126,17.869177779707712
Percentage_of_total_plastic_procedures,15.007537681478098,4.848511865715908,13.763101439259694,13.762554949268358,13.76452055781707,13.761631967862876,15.00691543125128,15.010418880189809,15.009611848900828
