index,16-24_years,25-34_years,35-44_years,45-54_years,55-64_years,65-74_years,75_and_years_over
Men,87.09312875461802,94.25014073101178,96.619688925435,100.91086777605528,103.35671766725436,105.35018198466264,103.76843079806017
Women,78.39623072160711,86.5950638741404,89.81210396888696,91.88717350496078,92.60776835185064,93.4566224581388,93.79400757725554
