Unnamed:_0,index,United_States,United_Kingdom,Spain,South_Africa,Singapore,Philippines,Japan,Italy,Germany,France,China,Brazil,Australia,All
0,Quite_concerned,0.0,0.0,0.0,0.0,0.0,39.69009733540212,49.80622116187946,99.82889170198555,49.79973615579759,99.86964598151822,39.8264697442565,39.81451549418095,39.80255489559235,39.83398955796574
1,little_a_concerned,25.837222855662745,39.77784330854029,0.0,0.0,0.0,0.0,0.0,49.740539445851,49.78740099493896,0.0,99.89573519590242,0.0,0.0,32.875781184530965
2,Very_concerned,26.758461933046043,99.88369524090068,99.87650237561358,99.87754035749748,99.87877514328596,39.64469911857246,39.65265063116918,39.63104029274264,99.84936883083245,0.0,0.0,0.0,0.0,0.0
3,Extremely_concerned,0.0,0.0,99.8657448202482,0.0,0.0,0.0,0.0,0.0,0.0,0.0,0.0,0.0,0.0,0.0
