Unnamed:_0,index,of,From:,I,In,the,anging,Ind,and,Subbers
0,Males,54.52942340887137,50.27296889268955,31.9642008153814,41.1792176280038,30.693873906211785,36.906457243504136,27.39577053893649,50.99581839904421,42.48520207698791
1,Females,52.87032638130077,47.064925227379504,31.9642008153814,40.31532508802213,31.967779766083723,39.33461869394693,30.25176264201871,49.84956705957704,46.20408200970223
