index,English_Premier_League,Football_League_championship,League_Football,Football_League_2,All_Leagues
Improved_5_>,33.298168895885624,0.0,12.408963459617368,14.17295974537872,15.091904826822828
Improved_the_5,0.0,18.149317103792185,5.67047798182189,0.0,5.845179277325897
No_impact,67.39517952618814,82.48805552274484,60.05924256772907,29.356907183730375,63.31342597240494
Reduced_L_5,0.0,0.0,11.712877552856211,29.322388169501657,8.864855540323035
Reduced_5_>,0.0,0.0,12.088143607839726,29.03972314864396,8.941365505920558
