index,Electronic_ordering_the_table_at,Reservations_online_via_smartphone_or,Menu_iPad_tablet_on_or,"Takeout/delivery_ordering_via_aggregate_service,_like_Seamless_or_GrubHub",Takeout/delivery_ordering_via_own_branded_we_bsite_or_app,Rewards_programs_or_special_deals_via_smartphone_app,Nutrition_information_online_via_or_smartphone_app,Mobile_enabled_website_(i.e._formatted_for_smartphone_view),Wi-Fi_for_customers
Family_dining,89.12418365315442,29.759557074965272,29.76648235884696,89.12345081888124,29.778030605602027,29.76603655133076,89.11110256137792,89.12413479753621,89.11773471155033
Casual_dining,0.0,0.0,0.0,0.0,0.0,0.0,89.12456228419558,89.10086120241004,0.0
Fine_dining,58.70992465242281,58.710230000036645,58.736459360064686,29.7836001460783,29.782684103236804,29.77850694787961,58.72207138050099,58.70055048067822,58.696941271882736
