index,Toledo_(Ohio),Tampa_(Florida),Houston_(Texas),Atlanta_(Georgia),Las_Vegas_(Nevada),Richmond_(Virginia),Detroit_(Michigan),Memphis_ennessee),Memphis_(Tennessee),Dayton_(Ohio),Orlando_(Florida)
Homeowner_vacancy_rate,3.774529408016896,0.0,0.0,0.0,0.0,0.0,14.967655467126749,0.0,0.0,14.963047752017152,0.0
Rental_vacancy_rate,11.472709859020648,11.470761234413867,11.900679044968824,12.501029029636513,12.495709702718152,11.900673315405149,14.967014328951212,14.969473457681673,14.96613885162126,14.967075635282564,14.967942518266998
