index,Butter,SMP,Whey_powder,Emmental
November_2014,3059.4751469225503,1983.232985438748,918.4555749567498,4404.752674537582
November_2015,3025.034845170104,1788.1338759133291,609.5450453143249,3915.123004941503
November_2076,4149.219300361414,2011.743817504932,877.9587533605527,3788.853734338399
2017_November,5245.323451531128,1516.086755284614,2771.00998356254,4456.215200774618
November_2018,4676.248597212304,1591.1928165064237,2754.861853065384,4384.1233906691095
