index,20_Less_than_hours,20_34_to_hours,35_or_more_hours
Full-time_student,14.842890225325228,22.761879146388072,7.813988486645165
Part_student_time,13.902731210643886,32.86122126584363,32.5816858611989
