index,Patch_Adams,Good_Will_Hunting,Jumanji,Dead_Poet's_Society,Night_at_the_Museum_2,Hook,Night_the_Museum_at,Mrs._Doubtfire
In_2014_dollars,296.0472187398772,335.460261810388,335.1654298357184,457.1328959181284,457.199684282404,409.6404885004884,675.9765422028958,1007.6871759750468
Unadjusted_for_inflation,297.1817844938456,409.63136371447735,409.952277369162,457.30748349047394,457.1283335251228,1007.9457369253224,1008.0985010511248,1007.812819209094
