index,All_Beneficiary_Groups_39_states,Children_40_states,ACA_Expansion_Adults_29_states,All_Other_Adults_40_states,Elderly_disabled_and_40_states
Excluded,1.0998833565007402,1.020492967932853,0.8009567785536049,1.0096985698005485,3.879863219999272
<25,3.0527159046426604,2.8595308984140573,1.987687623436152,4.868646671767188,4.048344963675461
25_49,0.0,0.0,0.0,1.8228126493711443,6.069970423582319
50-74,3.0066207671549705,0.0,1.0856428351048777,7.882999192169116,4.840828942926954
75+,32.75572032170467,35.771135180857016,26.68520059125629,39.62308480242152,20.74729701184191
