index,information_Capture_and_share_about_customers_with_other_internal_business_functions,Analyse_information_about_for_marketing_customers
2006,31.62355768799125,30.30201086513219
2007,33.863306367577216,32.9571935415903
2008,43.9424376078218,39.44212900658674
2009,38.161832168684434,38.19494447947635
2011,49.10437063781982,50.39809177271591
