index,Male,Female
2018,69.05767629597659,30.92600447139433
2019,68.07757314992783,31.906986904282583
2020,68.0875101949216,31.91530885755024
