index,Housing,Pension,Environment_and_climate,Economy,Employment,Law_and_forder,Elder_care,Immigration_/integration,School_and_education,Healthcare_system
Dec_2016,26.228086057314748,26.22216130514025,37.19724030183591,38.22587590943441,40.15608098596766,40.16949792182199,40.16507808911345,40.16271652318224,40.17417474847007,40.173801991494656
Jan_2017,26.23518927719413,26.235437010090827,40.19099743283891,38.25874103531051,40.1969615444456,40.17984713722643,40.17302869441522,40.18108348644924,40.17713828218767,40.18479253411768
