index,Apr_2018,Apr_2019,Apr_2020
France,552.2379447202951,549.8193291111305,27.264857856320305
Spain,534.6577510668617,507.4448186066189,43.41138454944098
Italy,522.3596414302334,465.2018949461965,61.52111363117763
Germany,539.0479377010017,448.2731797080175,69.16861264029126
Hungary,507.1167282106811,555.1311018616868,100.69892459834728
Czechia,607.3868199715833,638.3036710338463,126.96998696166465
Romania,738.0050940288027,761.3533503676263,142.62284381087932
Sweden,699.6480470352432,711.8064801459682,166.83466372069415
EU-27,560.503009242083,507.0695848925232,82.99599094497603
