index,Conair,Micro_Touch,Remington,Norelco_Wahl,Wahl,Others
2004,29.63907157168237,29.64534132356278,19.75158118818457,4.933836389397769,9.781110422351244,4.953733555089414
2008,29.640626470148717,29.651362014954696,20.79679466069659,9.784410473823744,7.856059641684975,0.9714085477559706
