index,check-ups,Up_to_three_check-ups,Up_five_to_check-_ups,More_five_check_than_ups
Black_African_American_or,19.67843017857549,60.27437324553848,11.770689224307487,6.778802676795081
Hispanic_Latino_American_or,18.60570147998726,59.32607680013897,15.706333265091564,4.883132401904859
Whitel_Caucasian,18.573562632019573,61.38273082537697,10.719537012248368,7.76468458545834
