index,Alaska,Otherst
2011,634.5323525313397,109.60136172922968
2012,586.4444510147356,129.18667600919014
2013,610.3131810254769,148.25612505783533
2014,663.3819495416093,143.47953773788947
2015,631.8757572907593,167.76143963668767
2016,660.6438416904439,119.0150534954182
2017,612.4880806487762,136.57424988402954
