index,Kidney,Liver,Lung,Heart,Pancreas
2017,687.2243361777646,104.77006374739574,88.19081913997934,34.87110196403546,15.820303589310583
2018,662.649040010212,97.45781856070892,82.75037777002558,35.15151124139447,21.78359065628069
2019,672.2887633060534,95.0650123895665,68.72541614611441,31.458042526835698,25.085533401137692
