index,Winston,Silk_Cut,Parliament,Pall_Mall,Lucky_Strike,Kent,Just_Black,Glamour,Dunhill,Derby,Cleopatra,Chesterfield,Bristol,FSI,Four_Square,Berkeley,Marlboro,Charminar,India_Kings,Flake,Capstan,Camel,Navy_Cut,Wills_Gold_Flake,Charms,Benson_&_Hedges,Classic,Gold_Flake
2012,8.909549835227295,8.908519477974842,8.91749287617752,8.922009838504167,8.932064267266789,39.633188595352806,39.627019120165,39.63815598707944,39.63069856532606,39.62623931426628,10.02234974379013,9.999549570600024,10.01359452232807,10.021250414535809,10.022773428944484,10.02050157565835,10.010692067881967,39.63154030526727,10.021843010715152,10.003523202462944,8.907783307424253,10.0170121554004,10.001261202319938,9.99723548955764,4.985254067518241,4.990781680811089,20.080932310032807,20.09259843149222
2013,0.0,0.0,0.0,0.0,0.0,0.0,0.0,0.0,0.0,0.0,9.976027302778078,2.989590013529778,9.97850044170233,4.9877089077481145,9.976391869073687,9.967424101238509,2.984546611841907,2.994812179385761,9.988561908424323,9.972073377201404,9.969472147416532,9.981435270761558,10.017202180303508,10.017945388813471,10.004750622577887,4.986257680525064,20.104571407980373,10.004787219966635
