index,Casualties
British,56850.88101887285
French,1541.2608322172018
German,9900.118358952292
