index,High_income,Upper_middle_income,Lower_middle_income,Low_income
1990,74.32035721060973,67.17866952482396,58.566925441118535,52.380422311441215
2013,78.15054388892948,73.36083719206712,65.2743976180054,61.38172811729468
