index,Star_Trek:_Nemesis,Star_Trek:_Insurrection,Star_Trek_VI:_The_Undiscovered_Country,Star_Trek:_Generations,Star_Trek:_First_Contact,Star_Trek_Beyond,Star_Trek_Into_Darkness,Star_Trek
North_America,0.0,0.0,0.0,0.0,0.0,0.0,0.0,696.6758678440434
Worldwide,501.1625748764693,236.9448134387549,194.08973629886052,194.2550013866512,237.25823978383343,500.9710875122613,696.0716763804195,696.6580625946242
