index,Male,Female
2010,50.53259048166738,55.34354991615873
2011,54.53656020201618,62.50279822011679
2012,60.46312265308505,66.46641936576715
2013,64.29481607588703,66.41065196905987
2014,68.43238977506627,73.21470254142955
2015,66.4113989961823,77.44994092678053
2016,72.45140024881925,77.48213597374017
2017,73.29153245895479,80.43317096501443
2018,73.21639246254189,85.16092797622268
2019,77.47121753463969,85.1366040443092
