index,Total,Multirace,Whites,Native_Hawaiians_Other_Pacific_Islanders,Hispanics,Blacks,Asians,American_Indians_JAlaska_Natives
Men,378.21494987688766,0.0,0.0,0.0,0.0,946.955320199131,947.2249630758232,0.0
Women,689.1977922126756,689.6898369148477,689.1862496888278,689.4256678123514,689.4704099666482,689.0416706530021,947.464024214073,688.8421158850355
