Unnamed:_0,index,Unnamed:_2,State
0,Other,-3778684.697016158,3395396.169449157
1,BlackBerry,-1095065.063734248,3395396.169449157
2,Android,1403920.1688003505,3395396.169449157
3,ios,-1095065.063734248,3395396.169449157
4,Windows,-3778684.697016158,3395396.169449157
