Unnamed:_0,index,of,Unnamed:_3,in,to,the,for,is,in_of,o
0,WLR,210.68450098146863,191.8053506503676,216.81698056460695,215.38608289895416,197.71694194652912,193.82765659452616,193.7568271244837,184.4683429641244,168.16133458382353
1,LLU,114.49174516339713,265.6356055118853,117.72996887418516,119.79918599498497,119.71653974903592,117.42792923459685,120.49911641125942,321.8392171030034,104.41915385477824
2,Fibre_broadband,0.0,108.85393290420402,0.0,147.40025591150228,0.0,0.0,0.0,136.3127743974601,116.26166328239424
3,Ethernet,0.0,0.0,158.0106173019667,0.0,0.0,0.0,152.8947719664788,0.0,92.43228044199014
