index,Netflix,Hulu,Primt_Amazon,"VMVPD/""_Skinny_Bundle",Traditional_pay-TV
Good_value,41.882386932438536,37.86829643063305,37.88056025325176,23.755769411003413,11.896481015967922
Excellent_value,35.54467454367345,37.6147867889308,36.36843761024993,43.59684832175343,33.597830908008795
