index,2_000,500,000,500.1,Per_job_week_including_per_overtime,Per_job_per_week_excluding_overtime,job_Per_per_year,Per_working_year
Average,0.0,0.0,0.0,0.0,80.50878422481946,78.23061173129008,3888.048237726728,5204.196855473233
Men,0.0,0.0,0.0,0.0,86.01589416457773,83.58088266018785,4431.885504469244,5291.423243426929
Women,0.0,0.0,0.0,0.0,0.0,0.0,3287.5022204549746,5065.685398879574
