index,Americas,Europe,Sub_Saharan_Africa,Asia_Pacific,Middle_East-_North_Africa
1910,26.8262495282526,65.88888279242016,1.3635181692527,4.3977020235876125,0.0
2010,36.365616997887805,25.57304796770504,23.35543297942538,12.895279472463557,0.0
