index,(net)_Once_a_week_or_more,Once_(net)_a_month_or_more
Hispanics,32.60578288911054,69.4088694428084
White_Hispanic_non,32.55644945123275,75.3725900829852
African_Americans,27.538670814407453,70.27242341966152
Asians,33.55796109122538,69.42162903369918
