index,Remortgage_advances,House_loans_movers,First_time_buyers_loans,For_buy-to-let_remortgage,For_buy-to-let_house_purchase
August_2015,24741.32120856339,33387.93163479067,26496.74517164012,11343.597610331291,10363.895258571383
August_2016,34766.94082771987,33842.39330623527,31337.08514908816,12730.569262746309,6332.976522380304
August_2017,36340.40731584381,38250.149281197686,34059.10061561675,12837.47530602273,6612.26408513674
