index,Total,Men,Women
18_and_years_over,44.95210679276793,50.56173617805846,39.23973594052439
18_39_to_years,22.299243241961733,30.902226004328043,12.712814689909749
40_59_to_years,53.85550861357377,58.88149716680204,49.32099219944473
60_years_and_over,73.8995322037623,74.44369040419319,73.25689538401988
