index,Connected_devices,Dongles,M2M,High-end_smartphones,Mid-range_smartphones,Low-_end_phones
2010,0.0,2.3371159158085533,0.0,11.96786453682448,6.727096179298542,76.14483751061022
2020,8.561198992684993,6.415264333075058,6.396715187924059,20.123922705053445,39.48638534035188,16.987742456623295
