index,Direct_effects,Indirect_effects,Induced_effects,Total_economic_contribution
2009,1043.179804799071,1118.126727864245,1429.0216278963203,3607.0980854118616
2012,1106.3963434192235,1094.395610270196,843.917917856761,3057.7291854408822
