Unnamed:_0,index,All_leagues,Football_League_2,Football_League,Football_League_Championship,English_Premier_League
0,Other,3.9068241861738926,59.30278752421028,0.0,0.0,0.0
1,Relegation,41.3763022929388,41.324549282632624,41.36552921732403,41.34901632860284,49.08361844228173
2,Increasing_players'_salaries,25.549561610847952,0.0,0.0,0.0,0.0
3,Ability_retain_sponsorship_to_attract,0.0,0.0,12.60044855036942,0.0,0.0
4,Ability_capital_to_raise_new,0.0,0.0,0.0,0.0,14.696616642398707
5,Tax_issues,0.0,0.0,0.0,0.0,4.7280326499216585
