index,Sound_Pollution_Distr._AB,Playground_Music_Scand_AB,Bengans_Skivbutik_AB,Information_available_not,Warner_Music_Sweden_AB,Universal_Music_AB,Sony_Music_Entertainment_AB
Single,0.0,0.0,0.0,9.49799600061774,18.06834608906944,24.71564551183012,0.0
Album,27.30625465208224,24.63073486163556,39.76125994460252,10.13465768959783,18.07272393458617,18.062649256031385,27.31832935317249
