index,2012_London,2016_Brazil
Archery,0.0,4.178461566086277
Male_Soccer,33.44534608683364,26.304638933502584
Swimming,26.02597620077863,22.055502630663167
Diving,22.202406778185622,17.58824485768148
Athletics,13.998972990348804,14.7786883982065
Boxing,19.003720616682017,14.263809542211716
Gymnastics,12.550881575169711,9.781495987304268
Taekwondo,10.054049749659075,6.32114486398563
