Unnamed:_0,index,2018_Jan-_Nov,Nov_2019_Jan-
0,Beerx,4837.058924482632,4672.622253824699
1,Vodka,641.6776158943558,631.5785635326702
2,Wine2,548.5894025744665,486.81776402700143
