index,Very_satisfied,satisfied_Somewhat,dissatisfied_Somewhat,Very_dissatisfied
2014,62.42970088112752,28.603235718810687,4.861091083778504,2.7322214617800853
2016,61.38567790985434,29.713161317877574,4.874382958213545,2.738024328934131
