index,None_of_these,Other,French,Indian,Middle-_Eastern,Japanese,Chinese,Mexican,Italian,American
2012,0.0,4.008057545106766,4.0136225526323415,4.009878071417354,15.911965608253492,6.928568918041716,6.92951991192643,15.918040436369814,15.929037733313857,0.0
2013,0.0,0.0,1.9454396776981968,1.95878562748938,1.95695686350318,0.0,0.0,0.0,0.0,0.0
