index,Unnamed:_1,Unnamed:_2,210,Unnamed:_4,Unnamed:_5,Virs,Unnamed:_7,,Unnamed:_9,Unnamed:_10,Unnamed:_11,o
Before_Launch,0.5788427573260329,0.5788427573260329,0.0,0.5788427573260329,0.5788427573260329,0.0,0.5788427573260329,0.0,0.5788427573260329,0.5788427573260329,0.5788427573260329,0.0
After_Launch,8.718976380144673,8.718976380144673,2.9234040780048183,8.718976380144673,8.718976380144673,5.666133804952855,8.718976380144673,3.0735584533143907,8.718976380144673,8.718976380144673,8.718976380144673,5.462443361286342
