Unnamed:_0,index,Male,Female,Total
0,Black_non_Hispanic,6.570421261121538,6.22197074177565,6.210474492789842
1,Unknown,81.75224291583949,81.08763078536519,81.39279812413304
2,Hispanic,6.9624059493580575,5.904741199983732,6.69625006851426
3,White_Hispanic_non-,1.3538014302273638,1.6460600955834792,1.2969402740706215
4,Asian/Pacific_Islander,2.486989055002553,4.03133490656252,2.791856192063136
