Unnamed:_0,index,havs,Distristing,Triving,spartissing,SSIS,SPS,the,Pretisting,Spatting,Aff,Senders,SSS,Fifs,Mans,Marting,Fris
0,Forecast,69.55014594076894,53.9950634373239,69.55014594076894,69.55014594076894,50.830014816051296,32.922993676985215,55.04886322470202,69.55014594076894,50.54510919364692,49.712465460783335,69.55014594076894,69.55014594076894,48.48172987905651,55.87593392029284,48.458382611650165,49.69868233036421
1,Actual,69.55014594076894,54.65469588323318,69.55014594076894,69.55014594076894,51.62186853314581,32.922993676985215,53.68395743655675,69.55014594076894,51.61739204940972,69.55014594076894,69.55014594076894,46.47625332665634,49.70614510969679,55.87593392029284,48.458382611650165,48.205610003409525
