index,90_years_and_folder,80_to_89_years,70_to_79_years,60_69_to_years,50_to_59_years,40_49_to_years,30_to_39_years,20_to_29_years,10_19_to_years,9_and_younger_years
Male,8.27414437485032,7.577184554940437,12.784136812575833,12.790819637269191,12.78649857416511,12.795921605414891,12.789997326870123,12.788086883677112,12.791947519206287,8.276037427793195
Female,6.870483710635511,0.0,0.0,0.0,0.0,0.0,0.0,0.0,0.0,0.0
