Unnamed:_0,index,Unnamed:_2
0,18_44_to_years,134.45212540806725
1,45_64_to_years,99.74878415179626
2,65_and_years_over,97.1406099149661
3,Under_18_years,82.23840594808709
