index,Shopping_via_social_media,Shopping_in-_store,Shopping_in-app,"Buying_online,_picking_up_in_stores",Shopping_online
More_interested,18.04993512601212,20.920907460642923,30.91951442558795,49.00724953862909,48.98130761859698
No_less_interested_more_or,21.831576305509863,19.49285081362073,99.77376036189746,48.97762355894746,99.9032473834542
Less_interested,11.00841539000568,7.841797268500017,18.61797874834842,19.66497315049652,18.63971470028065
