index,English_Premier_League,Football_League_championship,League_Football,Football_League_2,All_leagues
Improved_5_>,50.41955298379514,0.0,53.24931039488968,0.0,29.75468896908359
Improved_the_5,0.0,50.4621996156186,0.0,41.71125767380119,17.420436162269823
No_impact,203.00118650102317,202.28863776201536,196.69400026270668,213.41333789613404,202.37784138045464
Reduced_L_5,23.232627654720403,49.74628062607155,34.43058752972735,41.26290633123168,38.75969595155135
Reduced_5_>,23.17732097920469,53.21500297273381,17.765670800840667,0.0,10.79143420579615
