index,Starting_business_a,Registering_property,Paying_taxes,Getting_electricity,Enforcing_contracts,Protecting_minority_investors,Dealing_with_construction_permits,Getting_credit,Resolving_insolvency,Trading_borders_across,General_doing_business_rank
Doing_Business_2019,120.95118995331282,159.68458713581572,77.29371024677502,77.31445105981487,60.19720039692223,57.10059701006945,38.90565776845118,38.88517113204169,159.67699233809964,159.73695768874137,32.87079286841379
Doing_Business_2020,0.0,0.0,77.22698379776486,0.0,60.189564930945295,57.32236103655264,39.87289135067428,36.90811413140728,57.31561010524946,0.0,39.8325586029639
