Unnamed:_0,index,Videos_images,Clickstream_data,Social_media_data,Documents_Jtexts,Sensor)_RRID/machine_data,System_logs,Transaction_data
0,Planned_within_12_months,29.202243098893845,29.21827821775173,50.10710745282461,50.12657681373748,70.38830306244803,0.0,0.0
1,In_use,40.26829934905207,40.2445680223375,40.239267344383066,74.3502336128551,70.37739983081977,70.39726844671635,40.255270003486174
