index,Total,Male,Female
All_ethnicities_races,14.927486798278393,29.84138571256041,17.092107497107612
White_(non-Hispanic),14.930160398510832,29.83770677737968,0.0
Black_(non-Hispanic),49.52582212113202,29.833579324975016,29.834948943424692
Hispanic,29.832653847971475,29.8336668405309,0.0
