index,$1_fee_monthly_subscription_increase,$3_monthly_subscription_fee_increase,$5_fee_monthly_subscription
Cancel_the_service,7.830583576613449,16.184239263645694,21.93813977265033
Downgrade_cheaper_plan_to_a,8.103957780369797,21.70419029925124,24.91211396667865
Pay_the_fee_and_continue_jusing_Netflix_extra,83.03688089940364,61.091784873302,52.00576147072484
