index,Familiar,Willing,Using
P2P,42.55141385592494,46.46571057760273,14.687547140051592
POS,25.574341619267543,34.48332664675289,10.762127834932471
m_-commerce,35.57309465317147,38.46036530862683,16.604951946857312
