index,PerfectView,Simplicate,Pipedrive,Teamleader,Microsoft_Dynamics,HubSpot,Salesforce
2016,0.0,0.0,636.8944002627554,1995.056125369198,1996.0032409744172,0.0,1201.612940230346
2017,800.9652283534547,801.6306303477891,801.0531959340503,1201.4892301598993,1363.0166661434096,1361.9617796861903,1202.715282087941
2018,1201.8526322653252,1202.961494712285,1202.8814363650854,1201.7076095277885,1202.0247637493871,1201.576654358048,2468.3904166656603
