Unnamed:_0,index,I,of,the,E,a,and,ot
0,Refinance,163.4329645969692,597.949498835651,922.397453414844,922.397453414844,380.23740941033753,922.397453414844,922.397453414844
1,Purchase,171.19223762709066,367.0563099934248,922.397453414844,922.397453414844,229.3128360139825,922.397453414844,922.397453414844
