index,Maintain_healthy_weight_a,Get_good_night's_sleep_a,Exercise_regularly,Visit_doctor_reqularly,Try_balanced_diet_to_eat_a
Do_take_supplements,39.79532141673135,70.73523580159538,70.77446978243213,70.74978561380061,79.9299681425301
Do_take_supplements_not,39.89547765593584,70.76627172383922,70.78824159190971,39.90254935237079,79.98436737056561
