index,Unnamed:_1,at,Unnamed:_3,Unnamed:_4,Unnamed:_5,Unnamed:_6,Unnamed:_7,Unnamed:_8,Unnamed:_9,Unnamed:_10,Unnamed:_11,Unnamed:_12,Unnamed:_13,Unnamed:_14,Unnamed:_15,Unnamed:_16,Unnamed:_17
Facebook_fans,68.94659825123188,73.82006579234991,68.94659825123188,68.94659825123188,68.94659825123188,68.94659825123188,68.94659825123188,68.94659825123188,68.94659825123188,68.94659825123188,68.94659825123188,68.94659825123188,68.94659825123188,68.94659825123188,68.94659825123188,68.94659825123188,68.94659825123188
Twitter_followers,14.123496182066276,15.853521558731188,14.123496182066276,14.123496182066276,14.123496182066276,14.123496182066276,14.123496182066276,14.123496182066276,14.123496182066276,14.123496182066276,14.123496182066276,14.123496182066276,14.123496182066276,14.123496182066276,14.123496182066276,14.123496182066276,14.123496182066276
