index,All_prisons,Closed_prisons,Open_prisons
Male_prisoners,2650.2247601308472,1762.225965349022,882.8312307573974
Female_prisoners,233.7960821172728,142.90912721851805,0.0
