index,Liberal,Moderate,Conservative
Hillary_Clinton,83.35552968053716,51.41191715228827,14.678262101460078
Donald_Trump,9.66360989304357,40.66979539407337,80.31537736248177
