index,Prefer_male_boss,Prefer_female_boss,No_difference,No_opinion
Total,163.8633280418857,99.08810753222168,228.7220056928899,11.156391688368217
Men,126.62729503164542,68.0807591706681,286.9957559261724,0.0
Women,194.20731135427255,122.04835935977404,167.69440824435745,0.0
