index,Germany,United_Kingdom,United_States
Less_than_10,14.246508524992649,12.11611636655448,15.12277193381047
50_and_75_Between,6.033941748984134,7.968336889405208,13.944533931674728
Between_10_25_and,40.75866519800755,48.12190332189977,34.18121986141023
25_50_Between_and,29.47930628230024,19.39665897767333,20.214658515122345
More_than_75,5.813166979792996,6.771062849949416,4.759509953066271
have_lost_all_income_my,4.68751294048802,6.6977246620145365,12.808162850579834
