Unnamed:_0,index,Team_sports_at_school,Sports_and_recreation_lessons_and_camps,Team_outside_of_school_sports,Individual_sporting_events,Travel_to_take_part_sports_and_in_recreation,Sports_and_recreational_equipment,Gym_memberships_and_fees,Outdoor_recreational_activities,Sports_and_recreational_clothing,Sports_and_recreational_footwear
0,Same_last_as_year,0.0,39.16074142461474,39.16986415331703,0.0,0.0,59.09659825296499,59.0096482595595,19.71428977243906,19.67500684813376,98.17085231365468
1,Less_last_than_year,59.046260918968834,39.14944352572363,19.56556656893281,98.2532815242424,98.2530867328822,98.24881755557136,98.25614658049857,98.22688729493645,98.20752178721074,98.22522345206816
2,No_money,39.20866821552852,0.0,0.0,98.22761776253716,98.2185761969016,0.0,19.73675570931448,0.0,0.0,0.0
