index,Any_cask_ale,"Very_hoppy,_American_style,_ales",Quirky_looking_keg_beers_with_unusual_names,a_beer_made_with_certain_type_of_hops_a,a_beer_don't_find_in_you_many_places,a_small_batch_of_beer_or_limited_edition_beer,Beer_from_small_brewer_a
Drinkers,4.9136376101898165,28.87664016296709,29.905783459277,28.84761901593311,49.04087152795435,52.98799467486192,53.01812324529238
Publicans,4.917815400599721,31.95365171676767,29.945931122067048,32.97863148133801,49.05335261739282,32.994910129977285,53.01070398382496
