index,The_Netherlands,France,Belgium,Germany,Great_Britain
January_June_2014_to,378.8058374504724,623.2279641725149,774.1833549999665,773.9959142920325,774.3549932654744
January_June_2015_to,427.8927492085616,427.9464255799014,0.0,0.0,0.0
