Unnamed:_0,index,Springer_Nature,Gruner_Jahr,Bauer,Funke_Mediengruppe,Georg_Holtzbrinck_von,Burda,Bertelsmann,Axel_Springer
0,Print,0.0,0.0,0.0,7.920094584164451,7.919356771810747,0.0,0.0,5.883088169364772
1,Digital,0.9914328158208576,0.985611420028576,0.982203966028642,0.9718700873524782,7.921298738982941,14.977812687128363,20.04060558736847,29.909307654910183
