index,Jan,Feb,Mar,Apr,May,Jun,Jul,Aug
2019,3729.497854472207,4216.537775944868,4439.254126604885,4216.314191158175,5238.768784019141,7023.830184627864,13421.591610117212,8778.760808586201
2020,3779.274099270282,4305.759012409637,2785.7478331703023,1307.6724346542796,2256.9057365175995,3586.774414538464,9089.083540955897,5833.899679960192
