Unnamed:_0,index,Will_increase_in_next_5_years,Will_increase_in_next_year,Increased_over_past_few_years
0,Generation_Z,38.86629867196675,38.84834944439425,38.85265516306802
1,Millennials,29.937716144186464,29.953258650284575,51.95869726262534
