Unnamed:_0,index,the,tob,PESSIPIS,SISIS,be,SPIPSIS,was,Ind,SPISTS,Organ,STING,OSSIFFING,SISES,SIFF,RESER
0,Not_worth_fighting,67.88474741487504,42.90804941781765,61.681405586040505,50.94342202922818,48.89939330910704,61.66688730322102,47.022718409317775,55.74095519328756,54.874529358376975,40.75995180184532,42.65298561012368,53.95294836031261,57.3896906675508,52.99575940517976,68.72343267543886
1,No_opinion,6.226232374419041,5.299654256556181,7.228240365835283,6.279988185011902,5.220861166336505,7.23720099274523,6.251102685842568,5.154352165358944,5.290852646982707,7.253881911340677,6.279010228392622,5.284992858133876,7.248928521309715,5.318648877397237,7.174110864501728
2,Worth_fighting,31.817099054681687,57.80709924947793,36.179350088194994,48.91430118440088,51.872723318978046,37.04270291307834,52.76061251887834,44.98981692731596,46.01340754672427,57.02543760577137,57.86580845010175,46.96560733292545,41.23569191822216,47.97264027217408,30.02349481146308
