index,is_the_New_Black_Orange,House_Cards_of
Netflix_Subscribers,92.90964401874976,87.89577467683056
Netflix_Subscribers_Non,71.06011037090632,71.08261432655219
