index,Kidney,Liver,Lung,Heart,Pancreas
2015,3269.0446621097108,342.5021929218897,246.0137210831608,234.58290888149892,49.898964676096966
2016,2816.957865542333,341.3718937600961,245.1704704322456,187.4532684522137,65.88165046502718
2017,3450.383906840707,349.9015439128757,254.61020314114512,196.26996711587253,48.96039638989032
2018,3500.661950847964,316.283999989957,233.15570076379663,199.43443956722692,49.85915769430858
2019,3391.812132958058,330.2569810010682,221.3702777427161,233.23531472737383,0.0
