index,Yes,No,Not_sure
18-29,80.42028287209779,6.712613054900842,11.745981362055858
30-44,63.46779056859823,21.62336942484376,13.88463378489402
45-64,61.23197555987263,23.70823606725776,13.83546915184742
65+,58.32398868821509,28.849303540908608,11.78157422302118
