index,feed_News,broadcasting_Live,Private_messaging,Stories_Disappearing_Posts
Facebook,46.56804870657068,28.6103914104896,54.43715532467879,28.57534425882217
Instagram,5.958295702628519,6.7459055261689045,5.949052008423969,5.91476191085863
Snapchat,2.764532556069909,3.850790680186876,6.775207973179292,14.66976178799638
Twitter,7.779952364438209,3.820107722755012,2.7663393070362616,3.841470644392203
