index,Republican,Independent,Democrat
Legal_under_circumstance_any,12.865841864726178,25.765528895187444,48.97907580346961
Illegal_in_all_circumstances,26.533799420726965,22.961200250768613,7.566506794515249
Legal_in_circumstances_most,7.987188941620161,15.098492993645436,16.88110534676251
Legal_in_few_only_a_circumstances,49.464998314496015,34.96840524305337,24.01558891632226
