Unnamed:_0,index,1852:_Franklin_Pierce,1856:_James_Buchanan,860:_Lincoln_I_Abraham,1864:_Abraham_Lincoln,1868:_Ulysses_Grant_S.,1872:_Ulysses_S._Grant,1876:_Rutherford_B._Hayes,1880:_Winfield_Hancock,1884:_James_G_Blaine,1888:_Bnjamin_Harrison,1892:_Grover_Cleveland,1896:_William_McKinley,1900:_William_McKinley,Roosevelt_1904:_Theodore,1908_William_Howard_Taft,1912:_Theodore_Roosevelt,1916:_Woodrow_Wilson,1920:_G._Harding_Warren,1924:_Calvin_Coolidge,1928:_Herbert_Hoover,1932:_Franklin_D._Roosevelt,1936:_Franklin_D._Roosevelt,1940:_Franklin_D._Roosevelt,1944:_Franklin_D._Roosevelt,1948:_Harry_S._Truman,1952:_Dwight_D._Eisenhower,1956:_Dwight_D._Eisenhower,1960:_Richard_Nixon,1964:_Lyndon_B._Johnson,1968:_Richard_Nixon,1972:_Richard_Nixon,1976:_Gerald_R._Ford,1980:_Ronald_Reagan,1984:_Ronald_Reagan,1988:_George_H._W._Bush,1992:_Bill_Clinton,1996:_Bill_Clinton,2000:_Al_Gore,2004:_John_Kerry,2008_Barack_Obama,2012:_Barack_Obama,2016:_Hillary_Clinton,2020:_Joe_Biden
0,Republican,3.80543294473614,3.838399928806624,3.838751446115509,3.838217495772895,3.82671531547566,3.8153199252469534,3.8130417371184464,3.843472457061495,3.8500756429652014,3.8201388270890817,3.836473257987009,3.849083385245173,3.826746462578981,3.8450431609860303,3.845577111328645,3.8140473435970463,3.81891074130106,3.819822906469696,3.833563228619738,3.841363353208152,3.820944202189196,3.8074619560380896,3.839685859215095,3.818728308267332,31.850280323929876,31.89238230844531,31.89354365044051,31.865133042627036,3.834333007030345,39.87752069057577,39.90757764527898,39.880711043872914,45.02546498175669,45.033594375723055,46.85787131796743,46.88984604431788,46.8939708107146,39.89746373587256,39.90534840259856,54.94249799768621,54.962868203257095,3.8390762659072735,3.8036575598469327
1,Democrat,0.0,3.83309157248376,3.85306131529768,0.0,0.0,0.0,0.0,0.0,0.0,0.0,0.0,0.0,0.0,0.0,0.0,0.0,0.0,0.0,0.0,0.0,0.0,21.921754026875497,21.90838746996529,21.916383376346,24.827320459197296,21.914020646079912,24.851575153510723,0.0,39.91388715849426,39.92524250244728,53.90630951321526,53.89681409628904,54.944455815609146,46.87873987719142,46.89401975616268,46.88509388626858,46.87891786063896,54.92723591705971,53.88500044495861,54.93168995283438,54.93462667971878,54.95457417460176,54.936664590193104
