index,Unnamed:_1,st,Unnamed:_3,2,Unnamed:_5,5,Unnamed:_7,Unnamed:_8,Unnamed:_9,it,Unnamed:_11,of,Unnamed:_13,it.1,Unnamed:_15,Unnamed:_16,or,6,Unnamed:_19,5.1,Unnamed:_21,Unnamed:_22,it.2,Unnamed:_24,Unnamed:_25,it.3,Unnamed:_27,Unnamed:_28
Facebook_fans,102.4302705061773,0.0,102.4302705061773,0.0,102.4302705061773,0.0,102.4302705061773,102.4302705061773,102.4302705061773,162.66296758730098,102.4302705061773,0.0,102.4302705061773,162.66296758730098,102.4302705061773,102.4302705061773,0.0,151.2783997170257,102.4302705061773,0.0,102.4302705061773,102.4302705061773,162.66296758730098,102.4302705061773,102.4302705061773,162.66296758730098,102.4302705061773,102.4302705061773
Twitter_followers,16.77361792663254,0.0,16.77361792663254,12.87731005482624,16.77361792663254,0.0,16.77361792663254,16.77361792663254,16.77361792663254,170.50188781512344,16.77361792663254,0.0,16.77361792663254,170.50188781512344,16.77361792663254,16.77361792663254,0.0,58.61237009447433,16.77361792663254,0.0,16.77361792663254,16.77361792663254,170.50188781512344,16.77361792663254,16.77361792663254,170.50188781512344,16.77361792663254,16.77361792663254
