index,High_(C1-C4)_tetraplegia_Ais_ABC,(C5-C8)_Low_tetraplegia_AIS_ABC,Paraplegia_AIS_ABC,Motor_functional_at_any_level_AIS_D
25_old_patient_years,5080.027872607683,3720.9419146133832,2476.252756908166,1685.726566496366
50_fold_patient_years,2797.1795959162373,2286.362273700492,1628.0876939905302,1196.8776234861816
