Unnamed:_0,index,Unnamed:_2,Pristing,CONTERSED,Intermanta,bit
0,No_opinion,4.501751695517328,4.597615791236194,6.385913826720781,4.499037615916421,4.497405162134328
1,No_illegal,34.618135384750204,66.38288176915927,62.3012515687643,34.539592324713084,56.56747799035425
2,Yes_legal,68.38679890710725,36.56831675111652,38.420796259377376,68.4070894062638,46.44164760155108
