Unnamed:_0,index,55-74,25-54,16-24,Females,55_74,25_54,16_24,Males,All
0,Mobile_phone_or_smartphone,109.31489792604368,93.1212522395524,93.13604501925164,93.1364927948589,109.11100896792038,109.12977777921644,109.1251327816522,109.11682735337102,109.29984349433296
1,Laptop,33.033075511691536,33.0644710556229,33.04213622412951,0.0,109.1244988824492,0.0,0.0,0.0,0.0
