index,I_5,10,-5,-_22,5,Unnamed:_6,is_6>_to_20,Unnamed:_8,2_to_no_ix_the_xo_1,o_no_ix_the_xo_2,no_ix_the_<_2,the
General_Merchandisers,0.0,0.0,0.0,1.136389246422274,0.9672903240871786,1.724762687016263,4.673857971132343,1.724762687016263,3.867420448636052,2.023809273844444,5.884499208187888,7.803820715336977
Grocers,0.0,0.0,0.0,0.4360772618247051,0.8495362288797335,0.8913980171515483,0.8806424287981507,0.8913980171515483,1.4969648740071015,0.0,5.80895557981459,11.80471124547537
