index,Niagara,Dr_Pepper,Raduga,Mountain_Dew,7-Up,Schweppes,Fruktime,Fanta,Sprite,Mirinda,Chernogolov,Pepsi-_Cola,Coca_Cola
2012,10.886911190575232,6.846156781779392,6.870878858769693,10.88792251357654,10.897045410310916,10.891101502482512,69.75703823564209,69.75331160579012,29.961325481904957,19.93244934798289,69.8199043631909,69.75274488327807,6.870375105425651
2013,0.0,0.0,0.0,0.0,0.0,9.90290154293544,69.76014662275364,69.75967339991529,29.98229612300741,19.938007808176835,27.91628153705831,0.0,0.0
