index,15-24_years,25-49_years,50-64_years
Male,47.92236129525076,15.771071736496268,12.174520917577077
Female,36.90986154634157,13.940933419817362,10.316962794477815
