index,Familiar,Willing,Using
P2P,31.88256386200902,33.95513546130841,23.963111330358807
POS,14.94736220062045,23.970477906145348,14.930878248524117
m_-commerce,26.954889908782192,33.00020591175965,25.89473614665322
