index,Aug_2012,Jul_2013,Dec_2013,Jul_2014
Couples_without_plans_to_have_children,1770.7536412239424,1482.1506588118418,1492.732239853443,1447.0079741068516
Couples_with_plans_VO_or_more_children,1720.15264566231,1919.0013939999249,1709.4229855098783,1666.2426361019277
Couples_with_child_one,1873.6376454753752,1841.7891535055624,1719.055471583231,1596.1443350727177
Couples_with_schild_two_or_more_red_with_one_or_more_children,1841.3987267065816,1842.8434660926875,1738.6407699579663,1754.5840432407026
Single_raising_children_one_or_more,1228.883571630766,1434.4367385742746,0.0,0.0
Divorces/Separated_/Widowed_with_children_one_or_more,1430.1565979992629,1736.6834284920765,0.0,0.0
