Unnamed:_0,index,I,sizess,4104,singly,the,any,alot,on,to,Alor,alingalis,alingalion,slotern
0,Germany,5.664951969591229,6.08332268157239,8.470408862478504,8.470408862478504,6.364903685649935,8.470408862478504,6.265167701397033,8.470408862478504,6.491596178926595,8.470408862478504,8.470408862478504,8.470408862478504,8.470408862478504
1,United_Kingdom,7.089021525238563,6.366528621784839,8.470408862478504,8.470408862478504,6.95511328538792,8.470408862478504,6.265167701397033,8.470408862478504,6.491596178926595,7.781680598345484,8.470408862478504,8.470408862478504,8.470408862478504
2,United_States,6.363582261045961,6.46150241408794,8.470408862478504,8.470408862478504,8.470408862478504,8.470408862478504,6.265167701397033,8.470408862478504,6.491596178926595,7.781680598345484,8.470408862478504,8.470408862478504,8.470408862478504
