index,England,Wales,Northern_Ireland,Scotland
English,92.9793759594926,98.27862503610432,97.81750555611796,93.71391309516402
Other,7.778774097020545,2.8508945048066323,2.8665203609781718,7.377505361084985
