index,Size_Army,Total_Casualties
Union_States,101153.00820762388,18105.49408234033
Confederacy_States,60668.47587316031,10891.908519212404
