Unnamed:_0,index,"More_than_52,201_U.S_dollars","27,469_52,200_U.S_dollars","10,_801_27,468_U.S_dollars",0_10_800_U.S_dollars
0,AII_retirement_accounts,105858.03518792556,105884.31020154111,41654.38138174521,41641.13549244168
1,401K_403B_Thrift_Plans,65836.84641000401,0.0,0.0,0.0
2,IRA,38481.41414383828,0.0,0.0,0.0
