index,Made_a_profit,Broke_even,Made_a_loss,Didn't_know/refused_to_say
2014,67.32237029990877,10.92989045727819,12.706583994735963,7.92623359782597
2015,74.54686363538661,7.973760968682612,8.791605763195449,7.958079673000739
2016,73.51223108564864,9.716364336295612,5.897736218188484,7.910260387390267
2017,76.29616735883342,8.979361683919379,5.837109172754069,7.919975675290914
2018,72.46203583059754,9.72974680329112,7.942963962154394,9.76560670633097
2019,70.40290108531282,8.969336236592795,8.763545457484298,10.915805570406278
