Unnamed:_0,index,2002,200,each,and,1900,20,1993,Provent,sollogs,FOLLING,eaco,1999,not,From:,coos,nothore
0,Male,10.259408662533382,10.263133383645128,10.247929130921523,11.247193509356276,9.254126165219072,9.25145069529474,9.255736464282796,10.24843470114884,10.239368688475212,11.28144010328491,9.255821369206467,9.259456843665491,10.23491986344056,10.26152597906744,9.245572958987848,11.26573944620643
1,Female,3.289467960300918,4.310866473439623,4.311599743234968,4.288492096394827,3.3096261258721515,3.292840036530825,3.310863036237457,5.29713846889528,4.303617715581169,4.285993190118586,3.3074822765494467,3.3081016965607777,4.248151644535406,4.291918203030708,3.290818720450236,5.303064446636079
