index,Would_allow_never,Age_21,Age_19-20,Age_18,Under_age_18
Tattoos,20.064391177189314,47.73197405831449,47.70993012268772,47.71201015092568,0.0
Piercing_else_their_body_somewhere_on,47.69786935289304,47.71216772882249,47.70492884267034,47.72539457505363,47.69024743123785
Pierced_ears,29.800387593140652,0.0,0.0,0.0,0.0
Piercings_heir_body,39.86623575980668,0.0,0.0,0.0,0.0
