index,10_000_8_636_8_160_8_OOO_.7689_OOO_6_4_OOO_OOO_2_Amsterdam,Amsterdam,Rotterdam,The_Hague,Maastricht,Utrecht
H2_2076,7577.765015702526,0.0,839.6392598831426,804.1839274642134,502.0201021746634,356.99427531063884
H2_2017,0.0,8024.846834674034,1041.379894394282,838.0413681852369,523.2686851622366,324.2402185637002
H2_2018,0.0,8541.396096602193,945.7046312990168,875.0913246298878,588.1831715427161,318.7646892076136
H2_2019,0.0,9291.3606287437,1021.5364104457676,880.0146173869034,615.635974783374,377.6949785953857
