index,More,No_change,Less,Don't_opinion_know/no
Male,43.52585193268247,49.40702190169938,2.9585383266947503,2.9630628199832287
Female,49.41611182156905,41.51709425470536,1.86311975137118,5.786406667487604
