Unnamed:_0,index,in_of,the_of,the_&,the_ot,the_a,the_Ot,it_a,for_of,it_Ot
0,Mobile,0.0,329.04105836591293,417.4343765827997,16.146445426614378,431.51600291761457,427.7542318413789,480.3408407831988,462.2534535218803,458.8755196536509
1,Web,24.03139531571776,145.55617336772718,35.02270810603966,46.40744809036187,87.5457140415773,171.93996847093973,162.35751180482197,149.26583356965682,125.46059548562306
