Unnamed:_0,index,Total,Female,Male
0,Price,28.770673408936545,25.08227129265522,32.887502639644325
1,Quality,19.58824402298916,16.811920348375963,22.88293676839048
2,Fit,26.15889231963382,31.68351663403972,19.62961652388806
3,Look,20.15662650602408,23.318783423604412,17.1791990320353
4,Brand,0.0,0.0,5.505830046857255
