index,Men,Women
Primary_care,262419.2740000657,209846.7004816628
Specialties,372602.66375258815,282792.1929718853
