index,Unnamed:_1,Unnamed:_2,Unnamed:_3,Unnamed:_4,Unnamed:_5,Unnamed:_6,Unnamed:_7,Unnamed:_8,Unnamed:_9,Unnamed:_10,Unnamed:_11,Unnamed:_12,Unnamed:_13
Treatment,14560.89667059762,14560.89667059762,14560.89667059762,14560.89667059762,14560.89667059762,14560.89667059762,14560.89667059762,14560.89667059762,14560.89667059762,14560.89667059762,14560.89667059762,14560.89667059762,14560.89667059762
Prevention,2110.742649787593,2110.742649787593,2110.742649787593,2110.742649787593,2110.742649787593,2110.742649787593,2110.742649787593,2110.742649787593,2110.742649787593,2110.742649787593,2110.742649787593,2110.742649787593,2110.742649787593
