index,Mobile_wallets_from_card_networks,Mobile_tech_wallets_from_major_companies
2016,11.8675148106679,6.882962757923288
2020,19.74352000761494,14.852794581564622
