index,Up_to_3_times_day_a,4-5_times_day_a,6-10_times_day_a,11-15_times_day_a,More_than_16_times_a_day
Now,3.827808337721379,14.911806846227512,39.16362765527353,13.986099528458851,28.082214853896676
Before_epidemic,19.046241384701748,27.164593308141622,39.1956300099586,5.920892344446159,8.946015026583247
