index,Feeling_sluggish_lazy_or,Have_things_trouble_concentrating_on_they_need_to_do,Not_motivated_take_of_to_care_responsibilities
Millennial,60.61140136787349,38.376643215135104,34.14700094217551
Gen_Xer,58.35675388064853,32.124791270220506,23.004545854678145
Boomer,50.46320587719222,27.16192099902014,22.14562541176143
Mature,37.28105072731043,11.049641588759698,14.118789156331443
