index,Unnamed:_1,>art,Unnamed:_3,Unnamed:_4,Unnamed:_5,Unnamed:_6,Unnamed:_7,Unnamed:_8,Unnamed:_9,Unnamed:_10,Unnamed:_11,Unnamed:_12,Unnamed:_13,Unnamed:_14,Unnamed:_15,Unnamed:_16,Unnamed:_17,Unnamed:_18,Unnamed:_19
Facebook_fans,0.6401411550629685,0.0,0.6401411550629685,0.6401411550629685,0.6401411550629685,0.6401411550629685,0.6401411550629685,0.6401411550629685,0.6401411550629685,0.6401411550629685,0.6401411550629685,0.6401411550629685,0.6401411550629685,0.6401411550629685,0.6401411550629685,0.6401411550629685,0.6401411550629685,0.6401411550629685,0.6401411550629685
Twitter_followers,0.7983127700442436,0.0,0.7983127700442436,0.7983127700442436,0.7983127700442436,0.7983127700442436,0.7983127700442436,0.7983127700442436,0.7983127700442436,0.7983127700442436,0.7983127700442436,0.7983127700442436,0.7983127700442436,0.7983127700442436,0.7983127700442436,0.7983127700442436,0.7983127700442436,0.7983127700442436,0.7983127700442436
