index,Oceania,Africa,North_&_South_America,Europe,Asia
2017,0.0,7391.608880429667,7397.682155948554,0.0,43434.67004952031
2018,0.0,7405.446544831277,7405.850907433567,7395.074173893474,43433.63720085788
2019,0.0,621.5147235006079,7396.509817861297,7398.8231480976465,7411.3897347067905
