index,Industrial_real_estate,Office_real_estate,Retail_real_estate
2013,26615.14788570105,12431.424506164632,13276.694153436609
2014,26807.048375925468,14122.049652977974,12335.311300726273
2015,27449.277406091333,13690.110987111111,11692.420890114745
2016,18591.200826026023,12337.060143250874,13170.208721970524
