index,Outdoor_upgrades,Additions,Home_upgrades_exterior,Home_system_upgrades,Interior_remodels_room
2015,53.48468652143805,49.522581123311255,49.54203698660096,58.37876141764542,58.39106967236036
2016,53.52504641171407,49.51705673118762,49.546717942725465,58.39310892328007,0.0
2017,49.51381484511013,49.52456581233345,49.51874360318587,49.5141740442688,58.39772849726987
2018,52.42952762582543,0.0,58.378902369214,58.38476322637232,58.3782476264438
2019,49.45358078366344,58.38379929951618,58.38637962258626,58.384594993854975,58.37363941951598
