index,U.S_adults,Reddit_users,Reddit_news_users
College_degree,27.98307050881246,35.9229738562408,37.56480441770034
Some_college,30.449529508238456,41.70059526124823,43.896722745781815
High_school_or_less,40.43289946154094,20.783617413591216,17.8360311907486
