index,5-19_years,20-39_years,40-64_years,65-79_years,80_older_years_and
2016,97.26282984068894,91.13905807519714,78.99210851159616,53.47666390740499,16.927785765114223
2017,97.2614414963912,94.14008335874756,85.76038571573795,61.81855676091723,36.33352793389391
2018,97.8822114756241,94.16258150713776,86.9877343557124,67.39866103196387,38.21124326522314
