index,Spain,Australia,New_Zealand,Italy,France
2017,238.38573789582165,250.0798135679853,254.22775612607563,663.0481074617771,993.7008305749972
2018,249.83913402164023,252.8542010980732,254.12575810271755,695.1589710083351,993.993931507616
2019,254.28343520900196,252.83928910635416,252.80863922799017,694.79238836883,254.24248458558893
