index,Unnamed:_1,st,Unnamed:_3,Unnamed:_4,5,Unnamed:_6,Unnamed:_7,Unnamed:_8,it,Unnamed:_10,of,Unnamed:_12,it.1,Unnamed:_14,Unnamed:_15,or,6,Unnamed:_18,5.1,Unnamed:_20,Unnamed:_21,it.2,Unnamed:_23,Unnamed:_24,it.3,Unnamed:_26,Unnamed:_27
Facebook_fans,67.75460345296767,0.0,67.75460345296767,67.75460345296767,0.0,67.75460345296767,67.75460345296767,67.75460345296767,203.1786213967449,67.75460345296767,0.0,67.75460345296767,203.1786213967449,67.75460345296767,67.75460345296767,0.0,213.3113580701644,67.75460345296767,0.0,67.75460345296767,67.75460345296767,203.1786213967449,67.75460345296767,67.75460345296767,203.1786213967449,67.75460345296767,67.75460345296767
Twitter_followers,12.72578840746229,0.0,12.72578840746229,12.72578840746229,0.0,12.72578840746229,12.72578840746229,12.72578840746229,104.47172783072156,12.72578840746229,0.0,12.72578840746229,104.47172783072156,12.72578840746229,12.72578840746229,0.0,64.46378946847607,12.72578840746229,0.0,12.72578840746229,12.72578840746229,104.47172783072156,12.72578840746229,12.72578840746229,104.47172783072156,12.72578840746229,12.72578840746229
