index,Ford_Fiesta,Ford_Kuga,Mercedes:_Benz_A-Class,Ford_Focus,Nissan_Qashqai,Volkswagen_Golf
2017,38283.66211022605,31291.448117073964,31300.165893507357,31285.85623657285,31294.43192682751,35155.92221507932
2018,38303.41051033567,38290.08124803448,26075.56711330142,0.0,0.0,0.0
2019,31301.60096391264,27723.04056844576,27726.284869527,31297.873569823674,31299.78857576604,35155.08864283071
