index,10_000,12_500_10_OOO,England,Wales,Scotland,Northern_Ireland
Pro,0.0,0.0,165.90732622499854,0.0,0.0,0.0
Missing1,0.0,0.0,1171.0735592594174,246.087344915637,543.4953682244995,396.826463357942
Missing0,0.0,0.0,9444.951671053856,341.2943552492434,1356.7352012888025,466.8833347416985
