index,Female,Male
0-14,16.456076183706138,17.1601626940095
15-64,43.37159394999587,40.7726419912886
65+,4.831211723985618,4.060516650041748
