index,March_8,28_Jun,Aug_23,Sep_27,25_October,22_November
Capital_Region_of_Denmark,4.781956402091442,6.771996992569878,6.685862129968157,6.169937492628847,6.172311495066241,6.069472127216258
Region_Zealand,4.612475920902623,5.786858218343358,5.463496579785351,5.078466407202107,5.076212308841452,5.077303239375712
Regio_nmark,4.7872798482525445,6.166622439753116,5.784441954633015,5.264093643118292,5.179945551755316,5.181374572473168
Region_of_Central_Denmark,4.366405236466564,6.074560679325392,5.89285489641074,5.267456854188779,5.267862267562999,4.991075991665683
Region_of_North_Denmark,5.680149486967802,7.262375673231906,6.686106360812989,5.978537661673938,5.978352891457327,6.173562133899438
