index,Ireland,Hungary,Slovenia,Italy,Poland,Belgium,Denmark,Germany,Croatia,France,Estonia,Netherlands,Switzerland,Spain,Austria,Sweden,Portugal,Norway,United_Kingdom,Czechia,Finland
2018,98.65507582473516,98.69063710305352,98.68014568326532,98.78179447940649,98.78221582156664,98.8360422825284,791.9397455430426,98.67911339497287,693.8302446144045,693.772310067381,791.9830595171081,693.8084190905076,693.7357586349863,98.6205468347091,228.52242045902705,228.6623903246357,228.653183998436,228.64768548324577,328.1940053122819,407.8854817289186,407.65153149448383
2019,98.64098192947743,98.83808579200524,693.685934924546,792.1095042993754,792.2289969359997,693.8226815226294,693.7883000023595,693.8596121629685,693.6890107223153,693.7955049532984,693.8289173866,228.8075216317065,228.665529323729,228.92117867941252,228.78226216920424,228.81792878306263,228.796608869758,278.2976344165759,278.3341015805387,407.6352676871012,328.2417012448132
