Unnamed:_0,index,Junzo20,Apr2020,Janzo20,Oct2020,Mar2020,Sep2020
0,Not_all_concerned_at,5.187430747889422,3.101764592109461,7.436143713046214,6.017402744917206,7.434007577213642,6.336297308494864
1,Not_very_concerned,9.499553830232864,8.344597895403382,16.342838357543883,8.194964354533703,7.434007577213642,13.960762548475934
2,Very_concerned,58.58190056617136,59.60403462655378,33.51497076640895,58.56996109267856,41.20967881065089,56.64398496139568
3,Don't_know/no_opinion,2.1291223021857206,3.101764592109461,7.436143713046214,3.282753555378761,3.2577579919352218,4.0937846856572975
4,Somewhat_concerned,31.398635803318413,33.56371696997802,42.58385568529864,29.37788598322977,41.20967881065089,30.406560225722977
