index,Americas,Europe,Sub_Saharan_Africa,Asia_Pacific,Middle_East-North_Africa
1910,655.4015516828495,1607.222637273063,0.0,105.08344194444273,0.0
2010,3198.943714028637,2247.917996865286,2047.8938285414529,1130.3552056664023,0.0
