index,Unnamed:_1,and,Unnamed:_3,o,bein,-,Unnamed:_7,Unnamed:_8,Unnamed:_9
2014,20.11759839099463,69.19080226147506,20.11759839099463,86.60734760303737,38.51301052497647,91.46422509327198,20.11759839099463,20.11759839099463,20.11759839099463
2017,24.367707003402728,44.785525183391485,24.367707003402728,91.89508812251708,77.00880210859813,43.72728247941069,24.367707003402728,24.367707003402728,24.367707003402728
