index,Look_at,Post
Snapchat_stories,63.948472890751816,44.95868370894371
Instagram_stories,45.90428228089871,20.823110713838943
