index,August_to_October_2012,November_2012_to_January_2013,November_2012_to_anuary_2013,March_May_to_2013,March_May_to_2015,March_May_to_2016,March_May_to_2017,2018_March
Ever_done,65.40483201961344,68.50942082122532,0.0,64.64511105222114,68.52205928577095,66.45060542025995,66.42772598884002,57.64445754556076
Past_three_months,56.55756944147086,0.0,59.42168605115313,55.50009831625902,61.48551079327949,58.648560531383126,58.6378670566702,48.45677014492209
