index,East_of_England,West_Midlands,South_East,Yorkshire_and_the_Humber,East_Midlands,North_East,South_West,North_West
2018,0.0,3.3865054060559068,5.238683813027723,16.18792117408889,18.959693128084165,22.85082755477834,29.53893565716292,29.55986429575885
2019,5.237976214087066,3.438837183825449,3.433480812563861,16.515133250552744,18.92290612819372,18.919906723187705,22.854987625672628,22.855288991552392
