index,Frequently_(one_or_more_times_per_month),Occasionally_(less_than_once_a_month),Infrequently_less)_(once_a_year_or
White,11.983704182409385,39.92382597130992,47.82465289112413
Hispanic,26.82777538998124,42.92570635208504,29.87814271674748
African_American,21.963354205418376,40.82507851955591,36.86463943340527
Other,15.909741722793882,46.86508644043408,36.884955578946446
