index,Female,Male
0-14,16.481954236380133,16.7434504924731
15-64,66.04423898058624,63.5177235221079
65+,8.86087147622591,8.486929317621517
