index,18_29_to_years,30_49_to_years,50_64_to_years,65_folder_years_and
Obama,58.51316822678498,47.49469050087841,45.58741201936171,39.640177307167306
Romney,35.54715316236539,46.663219912174654,48.510282127367454,55.33535933689796
