index,Kidney,Liver,Lung,Heart,Pancreas,Small_bowel,0._well
2017,48.50508126773439,18.225445567786224,13.04485947408252,7.239146266292771,2.25374217413826,0.0,0.0
2018,46.38525762682818,20.409549778470684,13.05352480692759,7.245392481750102,2.276416642956825,0.0,0.0
2019,43.347330011305296,16.814132483779176,11.105270951000575,7.355812959007991,1.5146392956671733,0.0,0.0
