index,Change_in_appetite,Overeating_eating_unhealthy_foods,Skipping_meal_a,Eating_much_too_little_too_or,Feeling_though_cry_as_could,Fatigue_Jfeeling_tired,Feeling_irritable_angry_or
Boys,14.854599296899238,34.68322565152115,34.6851652618028,0.0,0.0,0.0,0.0
Girls,14.861895926054032,34.694767765906555,14.85610575940042,14.848191257676426,14.850739185796826,38.64168677937427,38.634444293692034
