index,None,One,Two,Three,Four_or_more
International,46.47508357619983,32.5810309625754,14.697234076764856,3.797150056182844,0.928695422631975
Domestic,5.739083164303523,17.71850442138137,23.59089270557375,17.707934595387812,33.62135246508161
