index,Very_common,Somewhat_common,Not_very_common,at_all_Not_common,Not_sure
Total,33.658956624184995,39.61806737169624,15.901892790405157,1.8854963668324416,7.853360416355294
Male,23.8218184318,42.62199814924323,21.884427000163143,2.8842164329735738,6.956013574344411
Female,42.603661588999074,35.772216691080835,10.77730074295902,1.8854234036481827,7.866653396487528
