index,Ile-_de_France_region,France_South-_eastern,South-western_France,North-western_France,North_eastern_France
Red_wine,65.59920377241524,57.536503151491935,69.7988997243315,54.360047340511926,57.53673328907424
White_wine,26.492911580777506,34.462812249763225,22.22442266050915,28.3873012020086,31.19013470437192
do_know_not,8.50627869830791,8.521352709948772,8.529934419267803,17.632923530974267,11.682298459131983
