index,Mostly_A's,Mostly_B's,Mostly_C's,Mostly_D's/F's
Physically_active_least_60_minutes_day_5_days'll_at_per_on_or_more,51.10511420285941,50.045934836141456,43.39239287372633,37.76956904202444
Played_on_at_least_one_sports_team,66.1385649992175,58.29261021753878,48.051267750954025,36.2007377112501
Attended_physical_education_classes_daystt_on_one_or_more,49.28880185125076,50.00594994627849,53.37806111103484,58.74240797946578
