index,Canada,Italy,France,Nigeria,Germany,South_Korea,United_Kingdom,Thailand,Turkey,Russia,Japan,Philippines,Vietnam,Mexico,Bangladesh,Brazil,United_States,Indonesia,India,China_(mainland)
2020,0.0,0.0,0.0,0.0,0.0,1186.2507067673678,0.0,1186.468784285238,1186.4979536510384,1186.300845125271,1186.4893039417962,1186.5417638666822,1186.5768869284543,1186.7225090896836,1186.5485787891157,1186.4559782222038,1002.9165995783734,1002.9786453282208,350.1076158630425,928.2681110308132
2025,1186.8305368436424,490.02123110450407,1002.9462931689762,1186.638408453499,1186.2000067400331,1186.4590861263905,1186.467586057118,1186.6020871636067,1186.6555580934694,1186.633690430276,1186.8308364006723,1186.632791759186,1186.2568102418547,1186.3518072650068,1186.6797098790164,1186.6405802419672,1186.569023556416,1003.0681754355744,1186.6611747877826,490.1111356581455
