index,Pubic_region,Underarms,Chest,Back
2018,56.43378103232948,41.619081797784574,29.71686631507148,11.793218216799763
2016,39.46077416749831,15.702357122795704,14.67275345390997,9.888649496203286
