index,6,no_to,o_6,Unnamed:_4,bo,a,22_>>,6_x_20,6.1,the,20,of_the,Q_the,Unnamed:_14,Unnamed:_15
Very_worried/worried_about_getting_infected,47.51174471939787,53.619987191747285,57.58265882819262,42.60116048679512,48.67297025622109,48.602708278033845,50.59586396351736,52.6819941135023,47.51174471939787,39.52061777147611,48.6420246209873,45.57097346286957,43.52300823773422,42.60116048679512,42.60116048679512
Very_lyworried_about_the_worried_consequence_Very_worried/worried_about_getting_infected,39.50946022436349,47.526682586125816,47.5309978566301,48.59518839696616,52.659648450654856,46.637349659694806,47.536831368704966,53.478449376068944,39.50946022436349,45.62760183554387,45.61829369007594,40.58698377876061,41.66163897743882,48.59518839696616,48.59518839696616
