index,Total,Elementary,Middle_school,High_school
Would_like_soften_to_use_more,61.96718926093655,72.17991924933912,66.15376252514088,54.10905377027885
Using_at_right_amount,28.99696502089313,20.835366570970294,24.87312403992813,36.95427792984201
Use_less_soften,8.704228468981484,6.821583017950402,8.7188859914978,8.725692320979505
