index,Total_grape_produced,Wine_grapes,37.43_.441_545_134_Table_Grapes,Table_Grapes,Grapes_for_raisins
2013,28101.40588469816,27860.50353563833,0.0,0.0,0.0
2014,31397.364501738204,31193.392050732145,0.0,0.0,0.0
2015,31768.524338398736,31553.52344668893,0.0,0.0,0.0
2016,30407.856902816337,30213.74690789483,0.0,0.0,0.0
2017,25319.13387459396,25229.56054396742,0.0,0.0,0.0
2018,31402.445851317287,31190.31638997811,0.0,0.0,0.0
