index,Unnamed:_1,>art,Unnamed:_3,Unnamed:_4,Unnamed:_5,Unnamed:_6,Unnamed:_7,Unnamed:_8,Unnamed:_9,Unnamed:_10,Unnamed:_11,Unnamed:_12,Unnamed:_13,Unnamed:_14,Unnamed:_15,Unnamed:_16,Unnamed:_17,Unnamed:_18,Unnamed:_19
Facebook_fans,5.037781171466195,0.9010002068397558,5.037781171466195,5.037781171466195,5.037781171466195,5.037781171466195,5.037781171466195,5.037781171466195,5.037781171466195,5.037781171466195,5.037781171466195,5.037781171466195,5.037781171466195,5.037781171466195,5.037781171466195,5.037781171466195,5.037781171466195,5.037781171466195,5.037781171466195
Twitter_followers,0.3993918543077956,0.0,0.3993918543077956,0.3993918543077956,0.3993918543077956,0.3993918543077956,0.3993918543077956,0.3993918543077956,0.3993918543077956,0.3993918543077956,0.3993918543077956,0.3993918543077956,0.3993918543077956,0.3993918543077956,0.3993918543077956,0.3993918543077956,0.3993918543077956,0.3993918543077956,0.3993918543077956
