index,Over_E10,E5--110,Under_f5
Online_video_viewers,38.74454184231048,32.74578906313687,26.791675100057088
Non_online_video_viewers,35.7215460730289,22.71328692362393,39.57321053519354
