index,Japan,Italy,Netherlands,Spain,United_Kingdom,Canada,Australia,France,Brazil,United_States,South_Korea,India,Germany,Russia,China
2014,1.7828549364085653,0.0,0.0,0.0,12.581826346291797,12.579791905801256,12.57831637753339,12.579592294293157,12.587493716229725,12.580255004500042,12.583627640540875,12.58254814150508,7.582578482454307,5.457987845735119,16.62606408902737
2015,0.0,0.0,0.0,0.0,0.0,0.0,0.0,16.632667237715268,12.582067476993576,13.697028694872891,26.11810709524695,7.578656515543189,7.579236187362708,13.700251223059634,26.11219061014691
