index,Yes,No,(knowingly)_oploids_have_never_taken
18_29_to_years,18.664536388954403,39.520534871792535,40.62346739495525
30_44_to_years,20.81639854092422,50.48870752241484,28.633560092155456
45_59_to_years,8.789573450866584,49.41046772184285,40.602168252188505
60_folder_years_and,10.823862372211783,39.51439099313931,48.48007624515249
