index,December,November,October,September,August,July,June,May,April,March
2016,4475.348013195843,4475.127133183089,4475.078349867389,4475.890727583009,4474.667248800707,963.1066428498962,4475.377486449079,1423.4043283235997,823.9065004565282,4475.565166705314
2017,823.5350358338519,823.2706234872967,799.1537105610223,1424.283613711793,823.5226706184148,959.8393464035707,960.1279810214646,1423.996334186003,824.1986921911912,824.6089463253084
