Unnamed:_0,index,Unnamed:_2
0,Magazines,214.0967209099358
1,Newspapers,164.36798346752403
2,Outdoor/transport,102.87206625705494
3,TV,494.1276742470718
