index,250,300,100,200,150,50,Unnamed:_7,an_ad,an_ad.1,Unnamed:_10,Unnamed:_11,Unnamed:_12,Unnamed:_13,Unnamed:_14,Unnamed:_15,Unnamed:_16,Unnamed:_17,Unnamed:_18,99_it
Males,0.0,0.0,0.0,0.0,0.0,0.0,80146179420.9639,0.0,0.0,80146179420.9639,80146179420.9639,80146179420.9639,80146179420.9639,80146179420.9639,80146179420.9639,80146179420.9639,80146179420.9639,80146179420.9639,149146825141.9087
Females,0.0,0.0,0.0,0.0,0.0,0.0,11595035419.483065,0.0,0.0,11595035419.483065,11595035419.483065,11595035419.483065,11595035419.483065,11595035419.483065,11595035419.483065,11595035419.483065,11595035419.483065,11595035419.483065,257911566208.76157
