index,Blockchain,Edge_computing,AR/VR,5G,Iol,Unnamed:_6,Hybrid_multi-cloud_or,Smart_analytics,Automation,Cybersecurity
Decrease,0.0,0.0,0.0,0.0,59.82315640716274,59.83780837766865,49.84284785206353,49.83269078918883,0.0,0.0
Stay_the_same,59.80993504032696,39.78860319964219,59.818735149954485,59.81011358680684,59.71164743497895,59.816297990504,48.659479724484925,59.833675026659215,39.80452954564831,59.83107494354584
Increase,0.0,0.0,0.0,0.0,59.75515474846595,0.0,48.71781085946473,49.70586922452354,48.70781002475993,0.0
