index,20_Year_Go,20_Co,RA>,20_do,20_Mia,20_to,0,20_>>,no_So,20_OC,20_No,20_Q0,20,<o,it,Unnamed:_16,it_Mi.,Unnamed:_18,Unnamed:_19,i_>>,Unnamed:_21,it_So,Unnamed:_23,it_No,i_to
East_Asia,0.0,20304.89082746753,15400.133453478777,17057.468948435082,17589.03169115905,17597.315010531383,19231.89003333849,18420.92072950423,19251.1680288747,20031.205477935717,18392.28979677883,19954.85217819584,20906.923971938697,21685.77986643459,20375.945787789067,20930.1819407469,20245.20366580413,20930.1819407469,20930.1819407469,20006.430144317565,20930.1819407469,19969.901452130565,20930.1819407469,19478.95931161387,20274.207721023777
Europe,0.0,13713.2093447285,13699.378937608317,12081.94267470372,9855.74462501501,10714.672606776774,11443.816147622189,12731.3375011116,11873.877134493872,12652.757903822698,13189.668735630898,12720.19357595002,13156.809081304003,12387.194187249042,13738.494612422115,13617.752173283065,13659.517017806022,13617.752173283065,13617.752173283065,14698.663164290192,13617.752173283065,14116.492573929558,13617.752173283065,13863.726958908635,14438.397787134862
North_America,0.0,23762.79110550598,24139.557762782395,20163.788337558944,15868.812618505252,18456.29274195904,20070.719150076708,21640.24648471971,21807.554611141062,22456.63850213705,22483.528196555955,22877.483363400795,23653.13040444613,22228.01391249406,22329.42860643101,23109.39143099317,22038.26868675185,23109.39143099317,23109.39143099317,22868.279675209316,23109.39143099317,23624.39375368069,23109.39143099317,23876.08975088477,22811.83246053764
Rest_of_the_world,0.0,40048.42508104531,39703.97705047911,35589.26924581372,28666.01867726831,31887.45257457629,33169.02262428243,35484.65813584269,31596.9020883044,36790.568209590376,38787.33323756522,38373.89485781234,39441.99530985023,40050.24094385066,40045.912722917376,40796.20609047848,41486.95532666565,40796.20609047848,40796.20609047848,40353.291033679896,40796.20609047848,41712.12231452858,40796.20609047848,39977.7059309686,41383.60039575858
