index,News_and_information_services,Subscription_video_services,Book_publishing,Digital_real_estate_services,Dow_Jones,Other
2018,5094.254874016015,985.3341726977288,1763.793759427508,1135.8689681535452,0.0,0.0
2019,4981.4922246539045,2182.396816402212,1745.1744779342062,1178.030265612133,0.0,0.0
2020,2773.599415438377,1896.4591335209025,1655.484620683028,1032.151787256449,1533.4983923657346,0.0
