index,Favor,Oppose,Don't_know
Total,45.53618363796507,43.431593094365454,8.83752776966503
Millennial,58.452621267927576,34.46089338587588,6.76652759735574
Gen_X,49.60344294149364,41.56709371327146,7.770491983165371
Boomers,41.55621286295575,47.39165328095726,9.868978945427422
Silent,32.59795250131936,54.44748554474583,11.775809000842308
