index,Europe,North_America,Asiaj_Pacific,Central_South_&_America,Middle_East,Africa
2006,14.504310779505742,7.407000769005402,4.722337432305778,1.1903725685401767,0.6396174950879718,0.4767680552575051
2011,15.50506927022869,7.862286378758821,6.549725590769642,1.2822957177057148,0.7842937457254244,0.489152435605952
