index,Unnamed:_1,be,2,Unnamed:_4,it,Unnamed:_6,Unnamed:_7,5,Unnamed:_9,it.1,Unnamed:_11,it.2,Unnamed:_13,Unnamed:_14,st,Unnamed:_16,Unnamed:_17,5.1,Unnamed:_19,Unnamed:_20,it.3,Unnamed:_22,Unnamed:_23,5.2,Unnamed:_25,Unnamed:_26
Facebook_fans,0.6522656322024003,0.0,0.5786146117201196,0.6522656322024003,0.0,0.6522656322024003,0.6522656322024003,1.2599886840407015,0.6522656322024003,0.0,0.6522656322024003,0.0,0.6522656322024003,0.6522656322024003,0.0,0.6522656322024003,0.6522656322024003,1.2599886840407015,0.6522656322024003,0.6522656322024003,0.0,0.6522656322024003,0.6522656322024003,1.2599886840407015,0.6522656322024003,0.6522656322024003
Twitter_followers,0.1362930554092536,0.0,0.1091156904830417,0.1362930554092536,0.0,0.1362930554092536,0.1362930554092536,0.1486968981026295,0.1362930554092536,0.0,0.1362930554092536,0.0,0.1362930554092536,0.1362930554092536,0.0,0.1362930554092536,0.1362930554092536,0.1486968981026295,0.1362930554092536,0.1362930554092536,0.0,0.1362930554092536,0.1362930554092536,0.1486968981026295,0.1362930554092536,0.1362930554092536
