index,Facebook,Snapchat,Instagram,Linkedin,Pinterest,WhatsApp,Twitter
2017,67.05201154113949,30.99087730203509,29.98282650580299,25.884397732336005,11.884662675125412,12.85383681591884,10.908908616287803
2078,69.95155719136567,34.97435233411795,34.04484885004674,28.03481052340261,15.98929642158602,14.768218021724678,9.938043546834976
