index,India,China,Vietnam,U.S,United_Kingdom,Russia,Japan,Italy,Germany,France,Canada,Australia
People_stockpiling_food_and_fother_products,100.13018721836984,100.1432875699259,100.13204825412916,100.1371135609503,100.1287647900563,50.017276259945575,100.15529749463772,100.11765644731624,30.029807030999194,100.09720637515925,100.14588570986484,100.11532329937576
Disruption_in_and_distribution_of_food_and_fother_products_the_supply,9.765180538743962,0.0,0.0,0.0,0.0,0.0,0.0,0.0,0.0,0.0,0.0,0.0
