index,of,of.1,&,ot,a,of.2,ot.1,of.3,a.1,of.4,OB,of.5,a.2
App_Store,292.26799470581284,292.26799470581284,292.15623700769083,249.7848123958231,292.5641081061839,292.26799470581284,249.7848123958231,292.26799470581284,292.5641081061839,292.26799470581284,337.1551753731295,292.26799470581284,292.5641081061839
Google_Play,270.58674698641994,270.58674698641994,288.90877952710844,297.2445815316272,318.56919632356585,270.58674698641994,297.2445815316272,270.58674698641994,318.56919632356585,270.58674698641994,400.9219692240404,270.58674698641994,318.56919632356585
