index,Other,Bancassurance,Brokers,Agents,Direct_writing
2012,0.0,11.896190426638912,17.898316337148806,33.82818626430801,33.84174505723205
2013,0.0,14.884194588969828,17.899112382934447,33.84428511966702,0.0
2014,0.989772112382937,14.886020811654523,14.923078043704477,33.83869302809574,0.9996087408949066
2015,0.0,0.0,17.89998543184183,33.83908428720083,33.838901144641
2016,33.837031217481794,13.904693028095735,17.897325702393342,33.83513631633716,33.83880645161291
2017,0.0,14.912001040582728,17.90745889698231,0.0,0.0
