index,Flemish_Region,-Capital_Region_Brussels-,Region_Walloon
Male,80.21656304750167,78.4401256772727,77.26007944750536
Female,84.00785557080785,83.18276746591242,82.2785215187148
