index,"Fruit,_vegetables,_plants",Oilseeds_fats_and_oils,Beverages_and_tobacco,Animal_products,Dairy_products,Sugars_and_confectionery,Cereals_fand_preparations
Average_import_tariff_rate,10.118481778516752,6.09685582266485,19.92746718373689,17.529652352761786,42.18805702371199,24.74992470306356,14.4038566046018
Max_in_category_rate,182.3242459388768,175.75730198845224,165.82781645891552,138.1450463625167,121.76666446020886,80.67349433968496,52.021017323863646
