index,Washing_hands_often_more,Using_soften_hand_sanitizer_more,Shopping_online
March_13-16,73.2218299071043,41.63031907601686,3.743403302328957
March_21-25,84.38753706015531,52.35869801339384,9.653050311635056
