index,Unnamed:_1,Unnamed:_2,Unnamed:_3,Unnamed:_4,Unnamed:_5,Unnamed:_6,Unnamed:_7,Unnamed:_8,Unnamed:_9,Unnamed:_10,Unnamed:_11,Unnamed:_12,Unnamed:_13,Unnamed:_14,Unnamed:_15,Unnamed:_16,Unnamed:_17,Unnamed:_18,Unnamed:_19
Class_3,657.7138802479317,657.7138802479317,657.7138802479317,657.7138802479317,657.7138802479317,657.7138802479317,657.7138802479317,657.7138802479317,657.7138802479317,657.7138802479317,657.7138802479317,657.7138802479317,657.7138802479317,657.7138802479317,657.7138802479317,657.7138802479317,657.7138802479317,657.7138802479317,657.7138802479317
Class,146.92112566997866,146.92112566997866,146.92112566997866,146.92112566997866,146.92112566997866,146.92112566997866,146.92112566997866,146.92112566997866,146.92112566997866,146.92112566997866,146.92112566997866,146.92112566997866,146.92112566997866,146.92112566997866,146.92112566997866,146.92112566997866,146.92112566997866,146.92112566997866,146.92112566997866
Class_5,277.2956699216488,277.2956699216488,277.2956699216488,277.2956699216488,277.2956699216488,277.2956699216488,277.2956699216488,277.2956699216488,277.2956699216488,277.2956699216488,277.2956699216488,277.2956699216488,277.2956699216488,277.2956699216488,277.2956699216488,277.2956699216488,277.2956699216488,277.2956699216488,277.2956699216488
Class_6,109.86479127081792,109.86479127081792,109.86479127081792,109.86479127081792,109.86479127081792,109.86479127081792,109.86479127081792,109.86479127081792,109.86479127081792,109.86479127081792,109.86479127081792,109.86479127081792,109.86479127081792,109.86479127081792,109.86479127081792,109.86479127081792,109.86479127081792,109.86479127081792,109.86479127081792
Class_7,272.4391812182794,272.4391812182794,272.4391812182794,272.4391812182794,272.4391812182794,272.4391812182794,272.4391812182794,272.4391812182794,272.4391812182794,272.4391812182794,272.4391812182794,272.4391812182794,272.4391812182794,272.4391812182794,272.4391812182794,272.4391812182794,272.4391812182794,272.4391812182794,272.4391812182794
Class_8,778.134819020551,778.134819020551,778.134819020551,778.134819020551,778.134819020551,778.134819020551,778.134819020551,778.134819020551,778.134819020551,778.134819020551,778.134819020551,778.134819020551,778.134819020551,778.134819020551,778.134819020551,778.134819020551,778.134819020551,778.134819020551,778.134819020551
