index,Female,Male,Total
All_ethnicities_races,16.666000682752067,14.275600229147026,15.473541593388994
White_Hispanic)_(non-,14.121957683143064,13.464299800426758,13.828810190999294
Black_(non-Hispanic),20.61293927268069,14.629492055339224,17.62412979413813
Hispanic,21.72762676736359,16.962404307017184,19.342972630109703
