index,Google_JAndroid,Apple,Samsung,Baidu,0.1_0.1_Others,Others,0.1_Others
2017,45.25310833013157,40.736015942735136,12.392169470104236,12.788957105644386,0.0,0.0,0.0
2018,50.51008977566696,30.51305821017391,9.866453041138897,16.759129347188463,0.0,0.0,0.0
2022,59.62873899328095,16.725683183134834,5.236630100227998,22.41984332485016,0.0,0.0,0.0
