index,17-20_April,10-13_April,3-6_April,27-30_March,20-23_March
Positive,99.46032921744876,3.0603491498876423,89.68139165335273,3.087762405328604,3.1149972531376733
It_won't_have_impact_an,8.60699936203892,8.81027332664408,0.0,0.0,0.0
On_hand_positive_the_fother_negative_one_on,0.0,0.0,0.0,57.56994040569896,0.0
Negative,6.556991087615984,9.669672117532484,9.667921877143584,10.164442620721983,9.68010281201188
It's_hard_to_tell,12.87674924069097,27.71332477386832,13.995574260331196,22.85636770674213,35.69446401118184
