Unnamed:_0,index,2012,2013
0,2_options,25.535533549453675,21.07738743100417
1,4_options,14.897414217970152,24.40780428852433
2,3_options,32.70696578221052,17.570509845698908
3,Single_option,11.92055452967729,4.38825776649702
4,5_options,6.0249193061888064,16.052512624771367
5,7_options,0.0,3.160005447062275
6,Sp_ns,4.582572010464503,8.217569318719057
7,6_options,2.885430680946357,3.352860895479651
