index,Ron_Paul_(Santa_Rita_and_Revolution),"Rick_Santorum_(Leaders_for_Families_and_Red,_White_and_Blue)",Newt_Gingrich_(Winning_Future)_four,Jon_Huntsman_(Our_Destiny),Rick_Perry_(Make_great_again)_us,Mitt_Romney_(Restore_Future)_our
Campaign,299.9708643644099,25.0322766520664,39.72775690987521,314.97477799873207,314.9831540426688,315.014383689243
Super_PAC(s),39.67136302785326,39.765774040329234,39.8414833684983,39.66204828933746,39.67612870802412,299.8245002173439
