index,Big,Lucozade,Dr_Pepper,Appletiser,Lilt,Mountain_Dew,Pepsi_Cola,Thums_up,Coca-_Cola,Limca,Mirinda,Fanta,7-Up,Sprite
2012,0.0,0.0,0.0,15.129700281886691,15.127392614738303,15.130068236687912,15.127942275614204,25.270312013557696,35.356475519951935,35.348230606813495,0.0,0.0,0.0,0.0
2013,0.0,0.0,0.0,0.0,0.0,0.0,25.288752151702766,35.35510061065355,0.0,0.0,0.0,0.0,0.0,0.0
