index,Children_(0-14),Teenagers_(15-24),Family_shoppers_(25-44),Mature_shoppers_(45-64),Seniors_(65
2013,4.788200595386577,10.484153625438282,10.50292723292126,10.49869165635736,10.48453349777585
2078,4.958516357935977,5.0025214026406175,5.009708903827722,0.0,0.0
