index,Global,United_States
Previous_forecast,76.07194258803456,15.065738671830644
Latest_forecast,72.46723105938548,14.430464588951692
