index,Black,White_Asian_and,Hispanic,Other
Male,440392.64047544426,308339.67627913924,259964.4623064419,55599.71715774364
Female,31126.209297742116,41032.39511783264,16858.754588770447,0.0
