index,Coke_Zero,Hollister_&_Co,Aeropostale,GAP,Crew_J.,Express,Urban_Outfitters,Hot_Topic,Nordstrom,H&M,Old_Navy,American_Eagle_Outfitters,Dannon_Yogurts,Beats_by_Dre,Victoria's_Secret,Netflix
Snpachat_fans,22.726688325405554,26.792819108252417,24.73803210724197,24.716860724665885,26.80702875332868,26.79522033534971,28.698053627231737,33.96444154690016,28.6644208385928,36.76385089186205,39.84498947414428,40.8717312873387,40.86606772136816,40.86026887499779,43.73578385105837,22.7228068185484
General_population,0.0,0.0,0.0,26.80232255634169,26.79780367067756,0.0,0.0,0.0,0.0,0.0,39.830522275999066,39.82843583598605,0.0,0.0,0.0,0.0
