index,Events,Lists,Consult,Polling,Travel,Administration,Fundraising,Payroll,Mail,Advertising
Obama,80.47459210330476,80.50719703644398,490.469750548738,490.48490535587706,490.58723950982255,490.5381539021276,80.44599328569336,80.49452288447162,80.51992821497186,122.61887042939289
Romney,0.0,0.0,0.0,0.0,0.0,0.0,80.52672863172194,80.40825596255411,122.77247145678324,122.72270153042166
