index,Mature_markets,Developing_markets
Vehicle_sharing_program,21.98374467979501,55.96315644585261
Mobility_package,30.893355080626293,63.879641693586535
Ride_share_service,19.8675694642638,57.88759517313042
Intermodal,22.95836165490833,62.90573063229381
