index,1.5-3_years,4-10_years,11-18_years,19-64_years,65_years_and_over
Fresh)_canned_fruit,102.16267272658833,104.9936662144093,57.1681841020345,94.97551045347394,126.01914756302008
Dried_fruit,0.0,0.0,0.0,0.0,7.72619211282759
