index,Other_raw_materials,Glass,Metals,Paper_and_paperboard,Elastomeric_and_rubber_materials,Nonwoven_fabrics,Plastic_resins
2005,0.0,0.0,0.0,0.0,0.0,19908.68895350885,0.0
2010,0.0,0.0,0.0,0.0,0.0,19908.05818967035,0.0
2015,0.0,0.0,0.0,249.25409148871583,19910.14422365631,19908.2915612825,19911.066702009983
2020,0.0,0.0,0.0,0.0,0.0,19908.751699649853,19905.220302801867
2025,0.0,0.0,0.0,19908.96635750065,19907.45714768812,19910.322554793893,14998.036155867578
