index,18-34_years,35-44_years,45-54_years,55-64_years,65+_years,Total
Don't_know,31.765155053391567,26.95706013261946,29.68061972903874,23.07148098888992,18.90130635353516,26.965585362854355
Important,32.222996716559706,28.83900777359932,29.473088638781405,27.18487391092484,31.948343238035772,30.10149010597965
Not_that_important,10.51643575457028,15.155902847948228,9.843506825857446,13.699008466657602,13.067963564760618,11.77736023912351
Not_all_at_important,0.0,0.0,0.0,5.755444264160701,3.722416050248569,5.723747580812585
Very_important,20.911248979962338,21.771990570727368,23.90047683023353,29.88474686046129,30.772303060281654,24.63698312341744
Extremely_Don't_know,2.2612529205813416,1.6507053708030526,2.1594898845689983,0.0,0.0,0.0
