index,Eska_TV_Extra,Vox_Music_TV,Power_TV,Kino_Polska_Muzyka,Stars_tv,4fun.tv,4FUN_DANCE,Disco_Polo_Music,Eska_TV,Polo_TV
2019,0.0,0.0,0.0,0.0900013984949906,0.0899637314836844,0.4935764002650982,0.0898827682988451,0.0900079072138153,0.3608494625689296,0.3609560208507686
2020,0.0500330053613371,0.0498401405883265,0.0499707107652889,0.049919322671055,0.0499615413877555,0.0499431586548588,0.0899852586314187,0.0900735441249356,0.0899926249179262,0.0900452443913973
