index,Oct_'16,'16_Nov,Dec_'16,Jan_'17,Feb_'17
Missing0,1.8838722565390496,6.129369146936639,10.8876581466276,7.962952899253935,4.955816218923246
2-5,61.75167606138581,44.14921642051756,57.55537847719225,45.4670649114511,50.806568512930696
6-10,10.318111868283978,10.643063668374891,9.606060251421669,11.386690440537734,10.308204801208037
11_or_more,23.958347213848853,23.017025207865917,12.946103353536415,27.27748119018753,23.86910829328116
Don't_know/prefer_not_to_say,4.942236005340774,17.044552717937222,9.003994459921742,8.038739065581652,10.077132600473009
