index,Outbuildings,Homes,Facilities
Destroyed,5212.427832919303,2365.9557431866115,257.79448136276096
Damaged,1880.547307580548,918.2707150163678,185.8710021939487
