index,March_6,March_13,March_16,March_20,27_March
Very_concerned,20.921243293284093,29.818910124195316,51.64830120840538,59.76256254321676,67.50336275908973
Little_or_no_concern,56.55552734580651,51.44620291966345,16.784564172291788,22.499271839017855,17.71876166595939
