index,Spain,Germany,Czech_Republic,France,Canada,Britain,Australia,Italy,Argentina,Japan,Chile,United_States,Brazil,Mexico,Israel,Poland,Greece,Venezuela,Bolivia,South_Korea,China,South_Africa,Philippines,India,Senegal,El_Salvador,Russia,Turkey,Lebanon,Pakistan,Nigeria,Malaysia,Kenya,Tunisia,Indonesia,Uganda,Palestinian_ter.,Egypt,lordan,Ghana
Not_Moral_a_Issue,0.0,100.5260393152432,100.50221088239029,100.49333028705315,80.31649615397002,80.3155603950361,80.33273521728748,80.2780510450422,80.30726009176514,80.31991714279985,0.0,90.48893100479242,90.47608558669958,0.0,0.0,60.26388401936414,60.2500876514456,0.0,0.0,0.0,40.291276235429656,40.26302117671079,0.0,0.0,40.3122852387674,40.2857224453933,0.0,0.0,0.0,0.0,0.0,0.0,0.0,0.0,0.0,0.0,0.0,0.0,0.0,0.0
Acceptable,0.0,0.0,0.0,0.0,0.0,80.28874847103674,80.281207712355,80.2877580248924,80.31014332302581,80.3145395671082,0.0,90.46285431995544,90.49972565249438,90.45545635565644,0.0,0.0,60.25711191980668,60.264932190897255,60.24027433535291,60.2058517745696,60.26341006354046,30.19507535593779,30.212699828585983,0.0,0.0,40.26184843986504,40.22258302278087,0.0,0.0,0.0,0.0,0.0,0.0,0.0,0.0,0.0,0.0,0.0,0.0,0.0
Unacceptable,0.0,0.0,0.0,100.48451956981825,30.20016734286389,80.34098690970474,40.20099372737697,40.27880451327471,10.066177600969295,40.27132147998175,70.50946909048486,90.44549720700265,30.16222960972169,30.19336789970121,80.32293101572986,80.29752576830973,80.36972503878235,80.3187018714571,30.16740362746343,40.27853411540096,70.52004498934511,80.29770805901116,80.35698291875364,40.26955933653476,40.25388841257004,40.24989928438746,40.24359202611861,90.47528654579172,40.30280308411561,40.284935557198864,40.28716254193446,30.206890831567648,40.21319201347978,40.27954279061542,100.49953728543626,40.24951951209285,40.27488222501599,40.18652896021992,40.22094544464652,100.5063944539877
