index,Flemish_Region,Capital_Region_Brussels-,Region_Walloon
0-17_years,1305186.6276106182,287718.60480811354,743459.850884025
18-64_years,3978994.497925003,753544.5851884149,2215074.814814303
65_folder_years_and,1364147.1645552777,155214.3948120596,694385.036530396
