index,Don't_know,None_of_these,Other,To_connect_with_likeminded_viewers,I'm_invested,It's_good_background_noise,It_helps_me_forget_about_real_issues_in_my_life/_in_the_world,helps_stay_informed_about_popular_It_me_culture,It's_mindless,like_the_drama
Male,9.985480369153244,19.88137135082164,0.0,49.000708002494754,49.00279109214655,49.00506017194583,48.99503323643936,49.00162142077461,0.0,0.0
Female,49.68291986345843,49.66892927125341,49.67465776779585,49.689557645166346,49.68992962546131,49.0150540425372,49.69315758779872,49.00557267813,48.99614504420986,49.011214379270285
