index,"than_15,000_beds_Resorts_with_more",5.000_000_beds_Resorts_from_to_I_5,"with_5,_000_beds_Resorts_less_than"
Vacation_rentals,67.97616275437858,83.9593062336436,66.08927657386481
Tourism_residences,67.24947163457867,81.16597649238308,90.04475846123005
Hotels,58.97088610919856,81.79449759590162,88.84257452813895
TOTAL,70.00560314363986,82.87550555203894,86.79672619626845
