index,Turkey,Greece,Russia,Spain,Czech_Republic,United_States,Italy,Britain,Germany,France,Poland
Very/somewhat_unfavorable,58.89737568351224,60.07277042157326,60.08518164814351,60.066902722090425,60.08186567157895,50.99448347822572,0.0,0.0,0.0,0.0,0.0
Very/somewhat_favorable,60.080511910987816,60.07464631688693,51.02964125133797,51.03085605672067,51.02716532216976,51.0359089733905,51.02931281175443,51.04566741870909,51.02721585133646,51.026062102030174,67.14824331141209
