index,Battleships,Light_cruisers,Destroyers,Torpedo_boats
Max._allowed_no.,5.817146866090312,5.827749477122474,11.81064053192403,11.810804640884172
Time_before_allowed_(in_replacement_years),19.61170647823051,19.61893899454543,14.674171916443925,14.688525589422234
Number_surrendered_Allies_to,7.755519848832208,7.770219322833675,41.55701013402135,49.446519087776906
Size_of_replacement_ships_(in_thousand_tons),9.94785144739707,5.7927297972345855,0.0,0.0
