index,Algeria,Nigeria,Iraq,Qatar,Libya,Ecuador,United_Arab_Emirates,Saudi_Arabia,Kuwait,Venezuela,Angola,Iran
2012,0.0,0.0,0.0,0.0,4.9850507909171,5.003298572130014,0.0,0.0,0.0,0.0,0.0,0.0
2013,0.0,1.918984045952392,3.9533055424647614,3.9636669759110177,4.9892191127812495,4.983351386294721,0.0,19.0985645428324,0.0,0.0,30.296965560377902,30.29975986271525
2014,0.0,1.9217521324289564,3.9547134883996335,0.0,0.0,0.0,20.174176636918347,0.0,23.168526039443456,26.252404148644544,0.0,0.0
2015,0.0,0.0,3.95453306159309,0.0,4.993404397849439,0.0,20.176074973660768,23.15737658806432,0.0,26.25536962513169,0.0,0.0
2016,0.0,0.0,3.955891660025316,0.0,4.989731093121208,4.996972839134543,19.09846738993656,23.174571108517625,26.258259538255416,26.25600343211881,26.234321373143608,26.25763498392505
