index,Production,Demand
2013,41.46895957596021,35.59152484343387
2020,46.45365558672058,49.315496466505344
