index,Find_and_book_hotels_etc.,Manage_parking_lots_car_services,Internet_TV,Voice_to_email_technology,Twitter_social_networks
Very_useful,22.037992072438264,26.943303668159203,20.948057618015994,7.0524727546210855,4.92365185276482
Useful,30.75174572009764,12.887025956997412,6.843054615805034,16.773625388032627,13.01118202309852
