index,"Yes,_do","No,_but_will_probably_use","No,_and_don't_to_want_use",Don't_know
Female,74.31675741215554,7.616381865807511,13.905648578241042,2.9806847546145434
Male,74.32666082876261,7.6846499908991746,11.767217636776309,4.852798348188458
