index,Total,Cemented_carbides,Steels_and_lother_alloys,Chemical_and_ceramic_uses,Superalloys
2012,412.7199639417058,411.9759277498623,0.0,235.4657362736425,414.4973373620686
2014,412.1607265078544,411.7984408126471,1278.14032686176,238.22506385322936,412.0079127923476
2076,926.766772949602,0.0,1277.9779309884314,238.42605545632105,414.2683671936297
2017,1278.0039397025191,412.1409278333306,1277.8897217167755,1278.3981770529024,1128.0779259803348
