Unnamed:_0,index,Unnamed:_2,I,a,and,the,st,bust,nowns,for,ins,Sins,ans,Sender:,gy,ns,o,s
0,Grupo_MASMOVIL,6.822353257170552,-231.00185102766812,-239.8830083211091,-315.81039452271455,-254.94829290353212,5.115574835298345,-317.1112231453764,18.46755592325776,-350.067682238814,15.842465870074316,18.002552165185293,-360.4143954592061,-316.46552822617133,531.6808074018126,531.6808074018126,531.6808074018126,531.6808074018126
1,Vodafone,-70.80294711674894,-59.44644813418832,-59.96213405987349,7.297616563342758,17.7371581749413,-78.69557643168403,-56.54841306335948,18.46755592325776,-56.41241249374937,-66.80853569778984,18.002552165185293,531.6808074018126,-47.95706748463992,-56.083778649018605,531.6808074018126,531.6808074018126,531.6808074018126
2,Orange,6.822353257170552,15.654141605155546,17.801465022430452,7.297616563342758,17.7371581749413,5.115574835298345,17.494294152324333,18.46755592325776,18.232325004427,15.842465870074316,18.002552165185293,531.6808074018126,17.747581875810635,18.14950993216592,531.6808074018126,531.6808074018126,531.6808074018126
3,Movistar,209.1238161250959,217.3839014147712,218.7549463846276,211.68074174070472,220.0437097787241,207.9236131501963,221.5415217249009,211.23100419020463,210.90996241106768,209.24393491424763,211.01300931218145,531.6808074018126,219.15006210104465,211.6145060981728,531.6808074018126,531.6808074018126,531.6808074018126
4,Euskatel,-70.80294711674894,-315.6364746633278,-315.7389880679404,-315.81039452271455,-254.94829290353212,-78.69557643168403,-317.1112231453764,18.46755592325776,-316.70683279747715,-66.80853569778984,18.002552165185293,531.6808074018126,-316.46552822617133,-326.11254026616143,531.6808074018126,531.6808074018126,531.6808074018126
