Unnamed:_0,index,now,nonthor,nonthorn,nownors,200,not,nothers,1980,20,1970,1905,I,2004,State,Anconsting,noon,From:,stands
0,Male,19.153880759093887,18.65379014340625,19.00477782521766,18.662516098511656,19.419492703905,18.502914293902425,20.08747915912144,26.587018492896227,5.317518974574785,25.527904962383545,24.420426585387847,26.767070842790098,18.57849303047168,19.140810795903413,5.30707993062428,19.01809730986684,18.886745420113883,21.215101651540216
1,Female,3.6823041716194,3.6022034058073977,3.6669710050228232,3.6806903076818474,3.431592014029235,3.4420923439520514,3.842248885835613,5.3437522891040246,3.3932707710563257,5.480673906388304,4.494442529663139,4.869553537528464,3.379227528257939,3.3879242995670005,3.392447787999565,3.391945826702532,3.376455067605722,4.103998355201238
