index,Strongly_agree,Somewhat_agree,Neither_agree_disagree_nor,Somewhat_disagree,Strongly_disagree
2017,33.07428163779445,42.45285732862832,6.683572562761469,10.425838374083815,6.680478635693177
2018,27.0109954458745,48.30594338070334,7.399989202884626,10.206330574461887,6.280505175606599
2019,19.08564247473047,32.80422436060698,11.389631160618734,21.346463545754,14.20298850064082
