index,Cash,Account,Mobile,PayPal,Debit/credit_card
How_consumers_can_pay,40.73320267848142,14.686644214991588,43.66798175844116,25.789641132015504,78.34523750534666
How_providers_receive_can_payments,37.73441525119164,45.45488449233983,22.751905573107194,30.57812892455793,22.79498180571383
