index,Launch_to_completion,First_25_milestone,25_milestone_Last
All,9.034255434274478,1.9637522251099144,3.2752349238302045
Equity,8.13850510560857,2.495242316670032,3.092784483174432
Lending,4.769123486713805,2.246578639904921,2.555139406693744
Reward,9.924822888451557,2.866047868752176,3.572962459964023
Donation,10.162169279573018,3.5709530888423213,3.275006326432969
