index,South_America,North_America,Asia-_-Pacific,Europel_remaining_markets
2015,0.0,34.739744497957574,195.56069095912065,131.12625939008132
2017,10.13640932801374,38.12727116570656,195.5506931154982,131.13668768929796
2019,10.142189731707276,42.81377445602713,42.81607021919619,131.1665274860245
