index,Unnamed:_1,Unnamed:_2,Unnamed:_3,Unnamed:_4,Unnamed:_5,Unnamed:_6,Unnamed:_7,Unnamed:_8,Unnamed:_9,Unnamed:_10,Unnamed:_11,Unnamed:_12,Unnamed:_13,Unnamed:_14,Unnamed:_15,Unnamed:_16,Unnamed:_17,Unnamed:_18,Unnamed:_19
Rest_of_the_world,4.827564379833106,4.827564379833106,4.827564379833106,4.827564379833106,4.827564379833106,4.827564379833106,4.827564379833106,4.827564379833106,4.827564379833106,4.827564379833106,4.827564379833106,4.827564379833106,4.827564379833106,4.827564379833106,4.827564379833106,4.827564379833106,4.827564379833106,4.827564379833106,4.827564379833106
India,2.2391507151975105,2.2391507151975105,2.2391507151975105,2.2391507151975105,2.2391507151975105,2.2391507151975105,2.2391507151975105,2.2391507151975105,2.2391507151975105,2.2391507151975105,2.2391507151975105,2.2391507151975105,2.2391507151975105,2.2391507151975105,2.2391507151975105,2.2391507151975105,2.2391507151975105,2.2391507151975105,2.2391507151975105
Europe,2.9221232722904915,2.9221232722904915,2.9221232722904915,2.9221232722904915,2.9221232722904915,2.9221232722904915,2.9221232722904915,2.9221232722904915,2.9221232722904915,2.9221232722904915,2.9221232722904915,2.9221232722904915,2.9221232722904915,2.9221232722904915,2.9221232722904915,2.9221232722904915,2.9221232722904915,2.9221232722904915,2.9221232722904915
UK_independent,6.866197554568558,6.866197554568558,6.866197554568558,6.866197554568558,6.866197554568558,6.866197554568558,6.866197554568558,6.866197554568558,6.866197554568558,6.866197554568558,6.866197554568558,6.866197554568558,6.866197554568558,6.866197554568558,6.866197554568558,6.866197554568558,6.866197554568558,6.866197554568558,6.866197554568558
UK_backed_studio-,14.22537575939343,14.22537575939343,14.22537575939343,14.22537575939343,14.22537575939343,14.22537575939343,14.22537575939343,14.22537575939343,14.22537575939343,14.22537575939343,14.22537575939343,14.22537575939343,14.22537575939343,14.22537575939343,14.22537575939343,14.22537575939343,14.22537575939343,14.22537575939343,14.22537575939343
USA,57.33016037123055,57.33016037123055,57.33016037123055,57.33016037123055,57.33016037123055,57.33016037123055,57.33016037123055,57.33016037123055,57.33016037123055,57.33016037123055,57.33016037123055,57.33016037123055,57.33016037123055,57.33016037123055,57.33016037123055,57.33016037123055,57.33016037123055,57.33016037123055,57.33016037123055
