Unnamed:_0,index,Functionality,Certification_of_application,Compatibility_testing_regression,Portability_(the_binaries_could_be_same_executed_on_different_devices_powered_by_the_same_technology),Efficiency_performance_(including_network-related),User_interface_of_ease_use,Security_(protection_of_sensitive_data_on_the_phone_or_pover_the_air)
0,2015,54.1162521474624,54.09289478407615,54.11408687856545,54.105544512895214,54.12875942438036,54.097196831489846,54.11246292689273
1,2017,54.1203120266442,54.12633774206139,54.127035756376856,0.0,0.0,0.0,0.0
2,2014,54.10376861252798,54.12780974503959,54.10065366429025,54.11632337341296,0.0,0.0,0.0
3,2013,42.96239174842614,0.0,0.0,0.0,0.0,0.0,0.0
