Unnamed:_0,index,Unnamed:_2,ENTERTICALLY
0,0-14,606.5157646766352,3435.959698166944
1,65+,718.4985871678973,3435.959698166944
2,15-64,2117.366331581309,3435.959698166944
