index,Reading,Mathematical,Science
2015,25.930188872649246,22.928470010750758,32.04470961452164
2018,30.946238735863016,29.996456234309942,33.040169156116505
