index,40,--20,40_20,60_40_20,0,Albertsons,Kroger,Safeway_Publix,Publix,Wegmans,Whole_Foods,Trader_Joe's,-31.9_Joe_'St
Last_week_of_February,0.0,0.0,0.0,0.0,0.0,3.531574019170236,1.4919704431177934,5.268079322919128,0.0,6.654775280479484,0.0,0.0,0.0
First_of_March_week,0.0,0.0,0.0,0.0,0.0,4.320103620670984,2.296468543126032,1.3606483780041287,6.183566756627293,0.0,2.0010696964549624,0.0,0.0
Second_week_of_March,0.0,0.0,0.0,0.0,0.0,39.99544282206001,35.98906782626632,26.102844526614525,18.918692388536638,26.996134093582704,14.971937408171662,0.0,0.0
Third_of_March_week,0.0,0.0,0.0,0.0,0.0,39.61170730743713,18.55873505235873,15.807476688966752,10.765083334453102,7.985645808274882,30.2110301852169,8.060389039206086,32.03866067204823
