index,In_employment,Unemployed,Economically_inactive
Formal_volunteering,38.44875464659852,26.703152720966827,38.43905461589628
Informal_volunteering,52.29130828381397,48.39967393413495,53.40134108437387
