index,Indonesia,Pakistan,Nigeria,Uganda,El_Salvador,Ghana,Philippines,Kenya,Jordan,Malaysia,Tunisia,Egypt,Bolivia,Palestinian_ter.,Brazil,Lebanon,Venezuela,South_Africa,Poland,Senegal,Chile,Greece,Argentina,Mexico,United_States,India,Turkey,South_Korea,Italy,Israel,Russia,Britain,Canada,China,Australia,Spain,France,Germany,Japan,Czech_Republic
Not_a_moral_issue,0.0,0.0,0.0,0.0,0.0,0.0,0.0,0.0,0.0,0.0,0.0,0.0,0.0,0.0,0.0,0.0,0.0,0.0,0.0,0.0,0.0,0.0,0.0,0.0,0.0,0.0,0.0,0.0,0.0,0.0,0.0,80.56934549314201,80.57894726361158,0.0,0.0,0.0,99.56272282712231,60.49363986424098,60.45497722193199,0.0
Unacceptable,70.33792722568242,70.322905582701,70.31919829697183,70.3558031799683,70.3782227995749,70.34113666641663,70.38680232832147,70.39180733000418,70.35841188774192,70.38271668039611,70.35557417127062,70.33029692139293,91.74531843161569,70.33623787166617,70.36750253734998,70.36794395991218,70.37602564366378,70.37769840284686,70.30109997192153,91.76392455856084,70.34047951102328,70.35181378207531,70.32591588543723,91.7703567158958,91.75261352027525,91.7813259006182,91.77120637135388,70.37543818656972,70.3681563737767,70.35448223124833,70.35300861006323,70.39108379527816,91.78228508197516,91.80790418541604,91.81937453410004,91.80211922657456,70.36953374492944,50.312915493135385,50.32123946145119,50.33077817155473
Acceptable,0.0,0.0,0.0,0.0,0.0,0.0,0.0,0.0,0.0,0.0,0.0,0.0,0.0,0.0,0.0,0.0,0.0,0.0,0.0,0.0,0.0,0.0,0.0,0.0,91.76764843912318,0.0,0.0,0.0,0.0,0.0,0.0,0.0,80.62806796978147,91.79749590605464,91.79457853438416,91.7815482713826,0.0,99.53019031618469,0.0,0.0
