index,High_school_or_less,college_Some,College_graduate,Postgraduate
Obama,48.486746488283096,45.45588089838821,42.57847992915592,53.48890566239406
Romney,43.48838555194524,49.39531332087386,52.36002740566249,41.50796856242494
