index,Africa,Central_and_South_America,North_America,Europe,Asia
2013,50.520563487122445,145.0926165135645,145.34737486547397,931.354417983928,237.8675378919961
2014,51.13807749736134,238.16111880503692,238.62593074149208,915.409050974258,51.2993675922437
