index,Volvic,Perrier,SANAYA,SSSA,"Mc'_""Dowells_No.",Manikchand,Buxton,Himalayan,Dasani,Evian,Bailey,Kingfisher,Aqua,Kinley,Aquafina,Bisleri
2012,58.843367582737024,58.79443552092707,58.86786586285323,58.80349198907352,58.86188307814941,5.860050878134899,58.871684614279424,58.86269709272249,58.87794318534133,58.86092894631374,58.87372632296273,58.862910604741664,58.86191199123534,58.857819677534586,58.87517197725919,56.7541502510768
2013,0.0,0.0,0.0,0.0,0.0,0.0,0.0,5.885394309993657,5.876718160131347,56.78408863951476,58.881177002798346,58.86830400730923,58.8782034031147,58.88155287291543,89.37800167873826,89.37658493752772
