index,Germany,France,UK,Italy,Spain
2014,12.960466155863571,10.507151341947496,10.371335530408684,9.356859346907504,6.317701125420784
2015,12.922464944884291,11.238807176615325,12.430129829675357,9.663772954417654,6.35978557367565
2016,13.54166425139757,11.348259842924492,11.461415966265282,9.829869644229062,6.625921176970158
2017,13.536873423562188,11.245515295029684,11.036170830110862,10.0331056437503,6.738424078291336
2018,13.753944617486535,11.355075099344514,10.82327961748214,10.03891508217685,6.942416440151071
2019,13.935937709004062,11.352544563613709,10.670974947056637,10.454682502516745,7.039809684524146
