index,2018
Cat,11829.869494739029
Dog,11608.29823612175
Rabbit,7640.835645387958
