index,Average,Yamaha,Piaggio_group,Honda,KTM,Suzuki,Triumph,Kawasaki,Harley_Davidson
Spring_2078,2.897287029811889,2.8985842421774186,2.8981140109806343,3.0015310685344403,3.0018945796541425,3.0019070413774287,5.5785027584157065,5.578702145988292,5.578180344468546
2018_Autumn,2.898493695826304,2.8986667016655496,3.0021573364153564,3.0034455339172315,3.0030703565033896,3.0011525768324896,3.002651563058044,5.5794057030678905,5.579984510343097
