index,DIY_&_garden,Living_&_decorating,Health_&_wellness,Jewelry_&_watches,Office_&_stationery,Leisure_&_hobbies,Fashion_&_accessories,CE/_electronics
2008,1.3106877639790715,0.0,0.0,17.515773182878398,0.0,0.0,0.0,0.0
2013,3.1978724074891254,3.212991867868628,3.194825064615774,10.22090714240686,18.338760007564776,25.3001260795562,18.34074702137049,9.794561558343316
