index,School,Government,Employer_Ministry_for,Employer,Swedish_Civil_Contingencies_Agency_(MSB),Public_Health_Health_care,Health_care
5_Much_trust,7.82528993110968,10.81742705223196,14.791529411392348,16.773785537473767,18.721107404154075,12.717474913749864,25.67101719523197
Missing1,20.774262669034787,20.787462913258096,23.77389502848497,17.806336216135055,26.74355632541045,28.701979611329666,32.581332188112086
Missing0,31.68882911776456,26.702187120039238,25.68137087097973,20.78278852735975,23.77264681117568,22.71743436152349,26.84039702014328
2,15.747944768658945,17.830691289846644,14.798144369684383,4.876165864144696,9.798486096372464,12.71814748726042,6.94095071628584
Very_low,6.9352298851313705,18.69439832315555,10.827867766904614,4.875619892706723,11.83537892939946,10.816505230891025,5.911521569976479
