index,Black,Bangladeshi_Pakistani,Indian,Chinese,Mixed_multiple_ethnic_groups,Other_ethnic_group
Men,417.6646668419453,358.3599637815929,238.9961930453788,188.88302698168388,178.1405071426857,269.0707575025147
Women,427.201582224181,338.2585682812673,269.10310006846163,118.52245704630138,159.04527426573725,209.21240046536428
