index,17-24_years,25-34_years,35-44_years,All_ages
Male,29.157633911177957,22.135697814568758,10.32623737990869,3.753483159723281
Female,36.310153578248055,31.21379035950349,14.963076100679046,10.6557933972499
