Unnamed:_0,index,O'_15'_to,15'_30'_to,"30""_45_to",45'_60'_to,160'_to_75',"75""_90'_to"
0,First_Half,0.9918052408472452,0.0,2.994859248291207,0.9931445654387838,0.0,0.0
