index,Smartphone,Desktop,Tablet
Traffic_share,65.16090263489404,28.988963110306948,5.899255316469819
Order_share,45.84954234618971,48.023593256580064,6.803757847614406
