index,LevelUp,Urbanspoon)_Zomato,Redlaser,ShopSavvy,OpenTable,GrubHub,Uber,Overstock,Shopkik,Apple_Passbook,Trip_Advisor,Etsy,Starbucks,Membership-_based_retailer,Google_wallet,Restaurant_apps,Grocery_apps_store,National_pharmacy,Daily_deal_apps,Retailer_apps,sebay,a_banking_app_from_your_financial_institution,PayPal,Amazon
Use_itat_least_few_times_a_per_month,29.830139958018822,29.822514297002147,0.0,0.0,0.0,0.0,0.0,19.890940590138968,19.887554867832257,19.90486609712974,19.894651092640657,0.0,0.0,0.0,0.0,30.022151788916005,30.019713712931683,30.025226078159022,30.010628765559417,40.000133471313006,40.00552571235864,50.06886229942599,50.05403808559426,50.06443105183403
Have_the_app,29.847322165047064,29.842450462122176,29.829543786154044,29.85170892220135,29.8377789661668,16.880428389526237,16.865074739486246,19.07944835416524,19.09292005869179,21.923748728685744,29.83362800833217,21.92579083977481,21.942590429039093,21.916025188706197,29.83438879481633,30.01378758663401,29.83194626978824,30.012635284298348,21.91743998462411,30.010713297390996,45.92670912240832,45.94821135093434,21.929625915501987,21.935338487698843
