index,Dacia,Fiat,Citroen,Hyundai,Renault,Opel,Kia,Seat,Toyota,Skoda,Peugeot,Ford,Nissan,W,Audi,Volvo,Mercedes-_Benz,BMW
2014,13018.267188308062,16692.421980230996,22117.979973878973,22125.45543793626,22126.102619991645,22109.220372063945,24751.32139090088,23666.60774339451,24753.375426950235,24778.251761124084,24782.74697372996,25633.347260652205,25636.774549821333,25632.534996040937,42882.063853348256,42871.42260257763,25640.92060551697,42877.28814648813
2018,13024.661580760432,22115.458447405865,22118.86236205381,22123.971155840853,22125.090211042705,22122.73668894064,23672.235159370408,23669.33817965073,24744.929920263665,24737.474908912413,25638.78621955103,25633.087219104,25664.29950942724,25629.353139344283,42876.09166318484,24042.535784931035,22117.979973878973,13021.416905038088
