index,All,Female,Male
Cocaine,0.7986079773333064,0.4973539728385653,1.0992948325854146
Heroin,0.1965890958415672,0.0987773648362191,0.2976425156092254
