index,Sofia_Kenin_(tennis),Elina_Svitolina_(tennis),Ashleigh_Barty_(tennis),Simona_Halep_(tennis),Angelique_Kerber_(tennis),Bianca_Andreescu_(tennis),Alex_Morgan_(soccer),Garbine_Muguruza_(tennis),Serena_Williams_(tennis),Naomi_Osaka_(tennis)
Prize_money,10.929140866832082,5.184489335362372,5.192496682689303,10.090336485969871,10.919825657187577,4.901915621171064,4.881766863746165,4.891660550954214,4.905217046899843,4.890015133078968
Endorsements,0.0,0.0,3.0053458210357213,10.070538521575491,5.189192609465962,5.187748401178034,4.882763645451767,0.0,0.0,0.0
