index,White,American_Indian_or_Alaska_Native,Black,Hispanic_Latino_or,Asian_Pacific_or_Islander
2017,302.40420520919406,258.2102749836224,243.26694119418704,143.19225768181457,24.316592352622365
2078,288.21296190835096,253.4977606412539,243.33535648955385,153.06309419066233,19.62616965311537
