index,Nizhny_Novgorod_Region,Krasnodar_region,Chelyabinsk_region,Republic_of_Bashkortostan,Sverdlovsk_region,Samara_Region,Republic_of_Tatarstan,Moscow_region,Saint_Petersburg,Moscow_city
May_2019,26293.16584980127,70041.7200951229,26860.285957089407,26838.31552917672,26873.22032556082,26324.683657857007,26297.15824184052,70081.16950990415,26321.366209144064,70056.257965315
May_2020,0.0,0.0,0.0,0.0,0.0,0.0,32710.52699632937,32694.541065909914,0.0,0.0
