index,-100,--75,Jan,Feb,Mar,Apr,May,Jun,Jul,Aug
Europe_total,0.0,0.0,4.646289056217039,1.6663850618344576,61.13279444399305,98.00834751762623,96.16613524646657,88.12007523431379,72.39801901918237,69.17306653884452
Western_Europe,0.0,0.0,7.87026970772002,5.6903223131838985,64.37081125626284,98.13953825951732,97.50002567965434,82.09844539985744,63.15728612984359,62.39435128795307
Central/Eastern_Europe,0.0,0.0,0.0,2.257896678233685,46.31878925873264,97.5603836312778,97.47069244096156,89.44551444712751,83.41900701605061,83.35625639723246
Northern_Europe,0.0,0.0,4.708363085340043,3.783932434030813,57.11781277988133,97.49688261297956,97.47055712302252,94.1368459245958,87.2090595114149,85.41059799027028
Southern/Mediterancan_Europe,0.0,0.0,4.637868589920032,0.0,69.26815199427581,97.47308510815624,96.2860392420793,89.14703997851643,69.25827993554192,64.3270666570632
