index,Unnamed:_1,Unnamed:_2,Unnamed:_3,Unnamed:_4,Unnamed:_5,Unnamed:_6,Unnamed:_7,Unnamed:_8,Unnamed:_9,Unnamed:_10,Unnamed:_11,Unnamed:_12,Unnamed:_13,Unnamed:_14,Unnamed:_15,Unnamed:_16,Unnamed:_17,Unnamed:_18,Unnamed:_19,Unnamed:_20
Exports,18.15454105449537,18.15454105449537,18.15454105449537,18.15454105449537,18.15454105449537,18.15454105449537,18.15454105449537,18.15454105449537,18.15454105449537,18.15454105449537,18.15454105449537,18.15454105449537,18.15454105449537,18.15454105449537,18.15454105449537,18.15454105449537,18.15454105449537,18.15454105449537,18.15454105449537,18.15454105449537
Imports,27.917271187231087,27.917271187231087,27.917271187231087,27.917271187231087,27.917271187231087,27.917271187231087,27.917271187231087,27.917271187231087,27.917271187231087,27.917271187231087,27.917271187231087,27.917271187231087,27.917271187231087,27.917271187231087,27.917271187231087,27.917271187231087,27.917271187231087,27.917271187231087,27.917271187231087,27.917271187231087
