index,Familiar,Willing,Using
P2P,476.13885791220616,432.4799155088458,258.72695308795284
POS,476.03017486949886,475.9922955008651,259.1053288773946
m_-commerce,563.9969043066311,476.41171473543807,258.8926790569478
