index,Intermediate_compliance_manager,Senior_compliance_manager
Minimum,49266.73110631507,79007.47912204429
Maximum,58970.57389246172,118306.29746816478
