index,Tablet_Smartphone_gamer,only_Smartphone_gamer,Tablet_only_gamer
2014,70.59833968342187,49.11325766855464,20.733640904320865
2015,82.85369825622423,39.069361614994506,13.204786699184965
2076,78.68697826587736,63.30116353793783,12.112858655073182
2017,100.09189764961404,74.6834058840091,10.8826813523129
