index,Unnamed:_1,Unnamed:_2,Unnamed:_3,Unnamed:_4,Unnamed:_5,Unnamed:_6,Unnamed:_7,Unnamed:_8,Unnamed:_9,Unnamed:_10,Unnamed:_11,Unnamed:_12,Unnamed:_13,Unnamed:_14,Unnamed:_15
One_day_travelcard,9.292113431029051,9.292113431029051,9.292113431029051,9.292113431029051,9.292113431029051,9.292113431029051,9.292113431029051,9.292113431029051,9.292113431029051,9.292113431029051,9.292113431029051,9.292113431029051,9.292113431029051,9.292113431029051,9.292113431029051
PAYG_cap,9.149530571092107,9.149530571092107,9.149530571092107,9.149530571092107,9.149530571092107,9.149530571092107,9.149530571092107,9.149530571092107,9.149530571092107,9.149530571092107,9.149530571092107,9.149530571092107,9.149530571092107,9.149530571092107,9.149530571092107
