index,Thailand,Australia,Colombia,Argentina,Italy,India,Germany,Mexico,Brazil,United_States
Surgical,2520.8073089848967,7364.053042153091,2650.9305320587846,7368.263150571595,7370.65825028897,2649.6533531418863,2524.536529068617,7366.121173391217,7368.356570137095,4908.610068582864
Nonsurgical,0.0,7398.058653705,7369.8490589097155,7369.067003689964,2659.540257157232,2512.7496490330414,2525.630427695105,7368.691546007671,7367.590974555074,7397.687644573445
