Unnamed:_0,index,Female,Male
0,At_least_day_once_a,98.585248515461,21.597069152289663
1,Never,24.431007577657603,11.464305049102862
2,few_a_stim_Never,8.8664426580075,9.403124915493024
