index,Unnamed:_1,Unnamed:_2,Unnamed:_3,Unnamed:_4,Unnamed:_5,Unnamed:_6,Unnamed:_7,Unnamed:_8,and,Unnamed:_10,Unnamed:_11,Unnamed:_12
February_14_15_to,24.04363941377106,24.04363941377106,24.04363941377106,24.04363941377106,24.04363941377106,24.04363941377106,24.04363941377106,24.04363941377106,27.824039119408525,24.04363941377106,24.04363941377106,24.04363941377106
February_28_29_to,49.10159836155432,49.10159836155432,49.10159836155432,49.10159836155432,49.10159836155432,49.10159836155432,49.10159836155432,49.10159836155432,25.96578850760558,49.10159836155432,49.10159836155432,49.10159836155432
March_12_14_to,36.35036562007557,36.35036562007557,36.35036562007557,36.35036562007557,36.35036562007557,36.35036562007557,36.35036562007557,36.35036562007557,49.99167397044794,36.35036562007557,36.35036562007557,36.35036562007557
