index,"17-18,_2013_September","January_14-16,_2011"
Great_Deal,31.908284181861436,30.94039592608111
Fair_amount,23.984036540046635,26.97922399398685
Not_much,22.890183194536103,25.91148563086201
Not_all_at,19.869699547816097,14.960405969104734
No_opinion,1.988256152086315,1.9960585194071712
