index,Iconoclast_Antoni,Mutabor,Publicis_Pixelpark,BBDO,Serviceplan,Heimat,Anorak_Antoni,DDB,Ogilvy,Scholz_&_Friends
Lions,1.02538877373852,0.0,0.0,0.0,0.0,49.43863513959698,0.0,0.0,0.0,0.0
Points,44.49765894622136,5.049013361488335,5.046364414727144,5.046005049319376,5.0561018049245305,49.4325667289776,49.44072071438705,49.44987590123823,19.030788356686337,49.43487671098735
