index,17.5-50_thousand,50-100_thousand,100-250_thousand,250-500_thousand,0._5-1_million,1-2_millions,2-5_millions,5-10_millions,10-25_millions,25-50_millions,50-100_millions,100-250_millions,Over_250_millions
2015,296.89228664275777,296.9243559154569,384.761799624737,145.26230541613813,145.32852903989686,130.79802728561685,130.74286864825007,447.0844592330084,45.63596936700094,447.1368676136419,447.2884515312662,279.991101960076,0.0
2076,296.9621175799992,212.71286347520905,212.6289870407903,212.70552092932584,130.7290150294495,130.78551681545343,130.7604574994512,130.83623666637158,46.30252926401084,130.8009950045104,46.32527324760037,212.6224503840893,384.83169452143744
