Unnamed:_0,index,Unnamed:_2,the
0,Labour,-3524003.112237801,2839230.2974143787
1,Brexit_Party,-1425841.801801212,2839230.2974143787
2,Conservatives,-4101300.901391578,2839230.2974143787
3,UKIP,-4810666.8439838765,2839230.2974143787
4,Liberal_Democrats,-2759122.655699447,2839230.2974143787
