index,Videojcomputer_be_games_can_a_cause_of_real-world_violence_and_aggression,Videof_be_useful_for_computer_games_can_a_outlet
18-24,41.76551187130113,72.42616182660572
25-39,47.658831685545024,59.492052459321805
40-59,60.47000810309381,52.71790425451238
60+,78.25400720978294,48.67250543241679
