index,Total,Millennials,Gen_X,Baby_Boomers,Mature
Lower_middle_class,12.039965733838317,4.747102962942961,10.991914560418664,12.922969864923571,16.87922650767429
Middle_class,56.8928004241542,64.03654034496893,55.682954548243856,56.18211507637476,56.26699500980611
Wealthy,29.62712844165057,29.6370572829094,32.27079595188009,29.73043011887609,25.61822684886316
