index,Yes_Yes_+,No,Abstain,Yes_No_+,Yes,Undecided)_No_response_None_of_the_above
29_18-,51.75093963925183,24.97179044069067,1.615100289130325,6.222568277062074,3.52435006216637,10.693464786099334
30_44,42.81892986343578,33.593332413665514,1.676589419681804,4.360923825431762,3.914213880564205,12.619097453927353
45_59,43.75150855254751,28.888161154861702,6.218784131871651,2.1990274714572706,2.2373661574564423,15.217552428128885
60,40.76679309274037,29.20522538144353,10.031529969130318,3.0711308709644385,2.2004610554713864,13.258417805952943
