index,Unnamed:_1,Unnamed:_2,Unnamed:_3,Unnamed:_4,Unnamed:_5,Unnamed:_6,Unnamed:_7,Unnamed:_8,Unnamed:_9
Average_price/kg,10.530156187111563,10.530156187111563,10.530156187111563,10.530156187111563,10.530156187111563,10.530156187111563,10.530156187111563,10.530156187111563,10.530156187111563
Average_price/package,6.711499324319085,6.711499324319085,6.711499324319085,6.711499324319085,6.711499324319085,6.711499324319085,6.711499324319085,6.711499324319085,6.711499324319085
