index,Mitsubishi_Renault-_Nissan-,Volkswagen_Group,Toyota
2019,9.917439658629055,10.887203161338656,10.66208342031286
2020,6.24242508540145,7.737448412256401,7.815385680055263
