Unnamed:_0,index,none,2003,2002,northing,2001,not,2000,novers,2004,nong,nothors,notom,nows,2006,noto,assis,2007,eoos
0,Wales,16.03524661267751,9.49044515012065,7.760516730041061,21.373772956312003,5.139178602911308,24.615241879279957,3.934507122261429,14.77499041329537,10.126232009637334,22.3929359491855,19.606922097336,17.128181810914576,12.183501275280015,10.182926194123077,13.881928619686526,26.190969094111523,11.505826027533644,10.201748353303316
1,Northern_Ireland,18.024334605181597,9.49044515012065,7.760516730041061,18.546340664608746,5.139178602911308,24.615241879279957,3.934507122261429,16.985312659803647,10.126232009637334,23.462029745794265,19.606922097336,20.81105095718068,10.761597369064267,10.182926194123077,13.881928619686526,24.806784601099825,10.121135249931385,10.201748353303316
2,Scotland,8.147415053803037,6.8631478837909725,6.291322451686767,8.768308910148534,5.139178602911308,14.866528605200486,3.934507122261429,7.83203609009734,7.254014122190938,14.408348317984512,10.711627806700058,11.649417058108632,7.259634123387613,7.646706860979826,7.256228208869281,15.128880919684129,7.42537571040328,7.615811388883976
3,England,19.844575475525986,9.49044515012065,7.760516730041061,21.373772956312003,5.139178602911308,36.78027951269745,3.934507122261429,18.24634887659325,10.126232009637334,36.56295261297353,22.372514996561385,25.546405827553656,12.183501275280015,10.182926194123077,15.833425586944934,41.43587396953524,11.505826027533644,10.201748353303316
