index,Younger_35_than,65_older_and
1984,32923.63390322635,362028.0589939652
2009,8981.84672920534,512124.0238281519
