index,NBP_reference_rate,NBP_reference_rate.1,Unemployment_rate,Unemployment_rate.1,Average_inflation,Average_inflation_optimistic_scenario,Average_GDP_growth_pessimistic_scenario,Average_GDP_growth_optimistic_scenario
2020,0.0,0.0,481.1892446964847,481.1892446964847,114.79191591391938,774.9314998609427,592.0059309189469,511.9748116966148
2021,254.2883144111128,254.2883144111128,482.64432753022646,482.64432753022646,254.2323623455765,254.4318150027236,592.1742808102517,387.96339418394734
