index,40_Costco,-20_-40_Costco,Costco,Sam's_Club,Target,Walmart_Supercenter
Last_week_of_February,0.0,13.03070995738831,0.0,8.765576718383642,6.545542697823336,1.901744406822786
First_week_of_March,0.0,0.0,18.015652952065736,20.461202174454883,10.16816727130373,5.539110677110699
Second_week_of_March,0.0,0.0,34.10000166526575,66.31899011733026,18.672684918889267,17.88494324037238
Third_week_of_March,0.0,0.0,8.805324700886885,20.78889371482296,20.666210038058157,7.018860363098909
