index,General_Electric,Verizon,AT&T,Marlboro,Coca-_Cola,Microsoft,McDonalds,Google,IBM,Apple
2010,0.0,0.0,49780.35363849677,0.0,0.0,76150.32877757579,76147.79156723544,76162.79040772408,76191.96520967207,76185.62530078723
2011,0.0,69762.63680363863,69479.98409100543,69462.21738469097,76224.66218322275,76188.98539015687,76185.39464530173,76195.56842239127,76191.46649510886,76169.77864554113
2012,74363.04799379599,69444.76237497851,49794.94103947078,69483.69951450138,69494.55902411535,74359.92479384386,69465.14109881781,76188.19991471981,76184.89593073852,76188.34329515674
