index,Freeport-_McMoRan,Newmont,Southern_Copper,Teck_Resources,Vale,Xstrata,Rio_Tinto,BHP_Billiton
2000,178.41552500008925,357.08199658124545,623.9083092152923,268.35495630203525,446.8318261788102,446.45144511970994,623.8981118339584,623.7029430552533
2009,357.25655647903966,713.2425888323062,268.5861772399445,357.5126686627244,446.8219767396215,446.7594274478176,624.0636520007565,802.249240772396
