Unnamed:_0,index,Unnamed:_2,Milli,the,Mars,X16
0,Cured,43602.15328842896,2377.967323177334,2377.967323177334,2380.525562110619,2368.4456826598325
1,Infected,96301.27007203626,2377.967323177334,2377.967323177334,2380.525562110619,2368.4456826598325
2,Deaths,2869.273990509566,2377.967323177334,2377.967323177334,2380.525562110619,2368.4456826598325
