index,16_24_years,25_54_years,55_years_and_over
Male,27.945507809955057,8.93194188830282,9.080573998088706
Female,23.45476696622121,10.250289125175076,10.456968735072987
Total,25.83715046363315,9.507662492479888,9.687541414261474
