index,it_use_regularly,it_use_occasionally,it_have_used_once,imagine_using_it_can,won't_it_use
Female,6.841978327209382,9.70079511150186,7.723293864550747,48.46341889427211,24.709693629955616
Male,4.859079702034734,7.7290238085032,6.855798886599921,51.491942334465584,27.56817239662197
