index,Agree,Disagree,Don't_know
Men,25.86752656655637,68.01844517242245,5.880694863362606
Women,29.92643489177783,62.864864512193634,6.797862600722993
