index,Puerto_Rico,Trinidad_and_Tobago,Martinique,Haiti,Guadeloupe,Cuba,Caribbean,Dominican_Republic,Bermuda,Cayman_Islands,St_Kitts_and_Nevis,St_Vincent_and_the_Grenadines,Barbados,Jamaica,Dominica,Anguilla,Grenada,St_Lucia,Antigua_and_Barbuda,Bahamas,US_Virgin_Islands,British_Virgin_Islands,Former_Netherlands_Antilles,Aruba
Direct_contribution,0.0,0.0,0.0,0.0,0.0,0.0,10.0104463718274,10.010829223150909,0.0,89.6516545193411,0.0,0.0,0.0,89.59388225462237,0.0,0.0,0.0,40.23829760236624,40.27106967565929,49.96464641492551,0.0,0.0,0.0,0.0
Total_contribution,89.60642883942448,89.60087202592888,89.57364035821757,89.55814581822438,89.55999444318651,10.007000709915744,28.527706950282933,10.02897637588562,89.6689156447271,89.67647969301886,89.61187626682768,28.5287844032934,28.55331970382622,37.08329641552714,89.6307836529048,37.077362220012624,40.31948942947496,40.35720028484138,40.29697230234753,49.99140772243935,50.03954854171931,59.966325491444366,59.98762296364116,43.186345771625895
