index,Others,Rover,Fiat,Honda,Mercedes-_Benz,Toyota,Nissan,Citroen,BMW,Renault,Peugeot,Volkswagen,Vauxhall,Ford
2013,3889976.513313965,0.0,1034122.0698108207,1034620.9630291332,746122.8766760416,752016.1915750019,753606.1163705513,753410.587019573,754179.8594296277,742592.247746448,743449.2149911262,1035921.1618520636,1036661.4140908056,1036992.529488083
2014,5048678.055487614,5048464.130836787,5048157.119625518,5047857.40310212,5048556.424496373,751194.1119679678,755164.6422922211,748308.2700141082,5048055.945476349,1036536.1357556283,1035481.4190375758,5048026.290984352,1035916.4044469306,1036610.0341153656
