index,Dec_'66,Dec_17,Dec_'18,Dec_'19
Male,61.49647556613131,59.77652632153313,59.77417969868224,59.81106496465885
Female,37.67598674636527,39.49442580246243,39.47978788807703,39.17897020392722
