index,is_Ro:,Ro:,19,nox,9_to_is,ar,do_xo_>,cil,<9,65,6
Male,0.0,265.1578889449784,1002.976648416728,1164.203311655809,965.4353402754392,733.1225403672443,698.7474823111775,545.5880900640814,348.1328413467818,146.46066663164402,164.09139955987166
Female,0.0,537.5368192128981,1809.5421461931087,1730.2909598937804,1182.2845374372623,774.1316123581887,711.8771978526747,468.6878577864818,260.61776010295534,85.5879531739879,96.04600076036196
