index,Toyota_Auris,Range_Rover_Sport,Nissan_luke,Range_Rover_Evoque,Honda_Civic,Toyota_Crolla,MINI,Nissan_Qashqai
2017,104724.64408952248,104711.99623242136,104622.94115459996,104755.27337076124,104733.29730409208,104686.44601190824,450134.8108863193,348191.467089457
2018,119266.40437024955,119293.71400395528,119182.39515667854,0.0,0.0,348595.5567181698,220384.87108259465,348490.9546244017
2019,0.0,0.0,0.0,0.0,148921.05922428245,148808.733417254,220390.72472774464,220422.1507243913
