index,Unnamed:_1,at,Unnamed:_3,Unnamed:_4,Unnamed:_5,Unnamed:_6,Unnamed:_7,Unnamed:_8,Unnamed:_9,Unnamed:_10,Unnamed:_11,Unnamed:_12,Unnamed:_13,Unnamed:_14,Unnamed:_15,Unnamed:_16,Unnamed:_17,Unnamed:_18
Facebook_fans,7.5635344513056,23.448702806667995,7.5635344513056,7.5635344513056,7.5635344513056,7.5635344513056,7.5635344513056,7.5635344513056,7.5635344513056,7.5635344513056,7.5635344513056,7.5635344513056,7.5635344513056,7.5635344513056,7.5635344513056,7.5635344513056,7.5635344513056,7.5635344513056
Twitter_followers,22.378880399544016,0.0,22.378880399544016,22.378880399544016,22.378880399544016,22.378880399544016,22.378880399544016,22.378880399544016,22.378880399544016,22.378880399544016,22.378880399544016,22.378880399544016,22.378880399544016,22.378880399544016,22.378880399544016,22.378880399544016,22.378880399544016,22.378880399544016
