index,The_transition_from_the_Trump_process_administration_to_the_Biden,Coronavirus_COVID-19,Employment_and_jobs,The_U.S_economy
Approve,25.835590355577796,0.0,50.47791635290346,136.86116173892947
Disapprove,41.72985459708391,99.45119756911582,50.58777793869912,50.734789622525305
Don't_know,13.84445342216192,0.0,0.0,0.0
