index,Size_Army,Casualties_Total
Union,70089.03319730202,13792.432921557263
Confederacy,55058.92933620815,8263.92882646469
