Unnamed:_0,index,Unnamed:_2
0,France,28.59029736619926
1,Germany,23.784518678460984
2,Japan,18.66797193753317
3,UK,46.66747511697361
4,United_States,72.82491784605705
