Unnamed:_0,index,Unnamed:_2,the
0,Madrid,-4914.188234972615,50258.23279319833
1,Frankfurt,14350.54308423408,50258.23279319833
2,Paris,-34902.64958614797,50258.23279319833
3,London,-52971.2261679161,50258.23279319833
