index,13-17_years,18-24_years,25-34_years,35-44_years,45-54_years,55_older_years_and
2011,17.92884019591857,28.24110228566901,27.58420921352021,15.021995509604054,7.728949145416461,3.999770732913209
2014,11.472372601566988,23.763177895858444,27.41540417612221,16.57943667933616,12.193395361406065,7.127808938590242
