index,Social_Login,Social_Shopping_Application,Product_Recommendations,Ratings_and_reviews,Google+_Button,Twitter_Tweet_Button,Pinterest_Pin_Button_It,Facebook_Like_Button
Top_25_companies,82.0190943272846,82.0348923268982,82.01928158485293,82.00735951966946,82.02627847875517,82.00721981957881,86.10013226923476,82.00403644091726
All_other_companies,82.02627847875517,82.01547401429696,0.0,86.14812668123113,86.12551310059892,86.11066625053873,86.12586978168144,86.11813277453297
