index,White,Hispanic,Black
Diapprove,43.9578967021509,65.1220386643363,65.14589859639135
Approve,53.03426704490221,31.8433286001824,28.939333770569405
