index,Kidney,Liver,Lung,Heart,Pancreas,Small_bowel
2017,47.54756850601355,26.479908092782296,10.42691686761274,6.679375289030858,1.1683837101835124,0.0
2018,45.54637297161089,26.500698574901755,9.871128143672143,6.546622234135519,1.3708431458046917,0.0
2019,37.00269097341577,24.456272124431425,9.64152346096727,7.07616964499762,0.77776442145705,0.0
