Unnamed:_0,index,Unnamed:_2
0,Denmark,1.5557702603712291
1,Finland,-0.8472388926479351
2,Norway,2.668689592166948
3,Sweden,2.377480499452229
