index,Always,Sometimes,Rarely,Never,Not_sure
Democrat,6.913771084242747,30.613386789364277,19.74478887337113,33.59651689168929,7.82612406337298
Independent,11.821420715554758,34.650104582691675,21.81784871110268,18.860019643179623,11.828107271196842
Republican,20.789134187769545,41.666518165048,18.827315148769607,9.944783570554712,8.883009514458877
