index,"No,_and_would_not_consider_it","No,_but_might","Yes,_tried_it","Yes,_regularly"
18_29_to_years,14.717464163316484,44.61522495881434,26.795035748711825,11.802720597506088
30_59_to_years,19.74223042999726,42.57746906110293,28.670491934099605,7.871021935188665
60_and_folder_years,25.70337807702598,30.70157510473998,33.647668797987066,8.820538830464422
