index,40_DIY_&_Gardening,DIY_&_Gardening,Living_&_Furniture,Health_&_Beauty,Groceries,Fashion_&_Clothing,Computers_&_Electronics
28_March,390.013900980925,0.0,171.53985681918226,141.62655523027087,141.55450534386657,117.97875594910322,52.91704192649169
29_March,0.0,359.91648460166994,289.45675233184846,177.64309927833455,158.6234148322681,342.25355874872605,188.72664015028963
