index,Unnamed:_1,Unnamed:_2,Unnamed:_3,Unnamed:_4,Unnamed:_5,Unnamed:_6,Unnamed:_7,Unnamed:_8,Unnamed:_9,Unnamed:_10,Unnamed:_11,Unnamed:_12,Unnamed:_13,Unnamed:_14,Unnamed:_15,Unnamed:_16,Unnamed:_17
"Merchant_Wholesalers_except_manufactur_Manufacturers""_sales_branches_and_offices",521.0188919661756,521.0188919661756,521.0188919661756,521.0188919661756,521.0188919661756,521.0188919661756,521.0188919661756,521.0188919661756,521.0188919661756,521.0188919661756,521.0188919661756,521.0188919661756,521.0188919661756,521.0188919661756,521.0188919661756,521.0188919661756,521.0188919661756
"Manufacturers""_sales_branches_offices_and",246.75445709291185,246.75445709291185,246.75445709291185,246.75445709291185,246.75445709291185,246.75445709291185,246.75445709291185,246.75445709291185,246.75445709291185,246.75445709291185,246.75445709291185,246.75445709291185,246.75445709291185,246.75445709291185,246.75445709291185,246.75445709291185,246.75445709291185
