index,Daily,2-3_week_times_a,Once_a_week,2-3_times_a_month,Once_a_month
Phone_only_gamer,44.43160284779191,33.59508405022016,6.759287830987276,7.796035089892548,3.869534219228584
Tablet_only_gamer,47.42893539833205,29.691704414255568,5.911759413852842,10.71841921994774,4.890793113211444
Phone_tablet_and/or_gamer,54.42409162687703,31.54128233643416,5.942259089336616,4.869401995661505,2.115398972886055
