index,a_Wrinkle_in_Time,Finding_Your_Feet_(UK),Mary_Poppins_Returns_(UK),The_Spy_Who_Dumped_Me,Feel_Pretty,a_Simple_Favour,Nativity_Rocks!_(UK),Mamma_Mia!_Here_We_Go_Again_(UK),Fifty_Shades_Freed,Book_Club
Female,59.76611181979645,99.62059711154276,99.65515539766314,99.67850769129744,99.65363225305336,99.69444631167812,99.66818760945172,59.71142626561856,99.6505004812282,99.6536788799292
Male,31.74200727923244,0.0,32.042797255075826,0.0,0.0,0.0,0.0,0.0,0.0,0.0
