index,UK_Ireland_&,of_Rest_Europe
Investments,50.80074938813099,38.855192035696206
Deal_volume,73.23162544684237,55.30206695072826
