index,Dieself_Electric,Dieselj_Plug-In_Electric_Hybrid,Petroly_Plug-In_Electric_Hybrid,Electric,Petrol_Electric,Petrol,Diesel
2018,0.0,0.0,67785.86567610757,79167.97269227919,79176.93207608524,48179.81639636988,67750.8435049398
2019,0.0,0.0,0.0,9951.465394410125,9948.675358110784,48200.18606655872,48188.535259805285
