index,Play_video_games,Go_social_networks_on,Go_shopping,Go_on_cultural_outing_a,Go_to_the_cinema,Watch_video_a,Go_online,Listen_to_radio,"Keep_in_touch_with_the_people_around_you_(phone_SMS,_e-_mail)",Read_magazine_journal_a_or_a,Go_with_friends_out,Watch_television,Listen_to_music
Men,35.07390851518806,38.12396151896182,35.05841025816171,65.00497542461875,70.17007297842082,70.18136674466639,70.17151868660727,70.22666118004936,70.10782131444718,70.19257429895588,65.0007112486376,38.11465062770593,70.19622172786666
Women,65.0150158016568,38.13028815019979,65.06880543055743,65.0297182560117,65.02565303069842,70.21151440253622,70.20930605012298,70.18870802431046,70.19302525380303,70.20556577756719,70.19393379518627,70.18237476138354,0.0
