index,Canada,Mexico,China,Japan
2010,3644.399917906754,618.8794075530459,648.7837512363421,538.9134141025734
2011,2836.96544358294,587.483531301612,606.3689079326223,413.0032064756879
2012,2016.6188464916493,424.7993818688146,376.4675365062549,261.4377543690025
2013,2036.3094345453137,478.2037152965968,456.4521986779355,239.23327561996396
