index,Taliban,Al-Qa_ida,Boko_Haram,ISISIL
Deaths,8790.91844804531,8584.614000950029,3443.92226974856,3104.955171684571
Injuries,9127.209061532478,12210.746380639135,1727.985652907235,8100.7835757819
