index,John_Kasich,Hillary_Clinton,Bernie_Sanders,Rubio_Marco,Ted_Cruz,Trump_Donald
True,26.358046011848856,24.833567594069265,15.015906567439728,13.02197031721812,5.244714803712853,0.0
Mostly_True,25.09608594834769,25.575938520460056,32.265328800741585,22.169375345519896,16.466575509879604,6.864736118615582
Half_True,16.396012969086797,21.217062521629643,21.153886614771068,22.543256162437245,11.958249539486872,14.953105962998135
Mostly_False,13.751905086246197,13.477064302610202,15.965666197614468,23.451328792325725,26.71841594175489,16.80311942270754
False,12.14687312242171,12.620072606233052,14.796616227917283,15.170610772839794,31.323877001342787,40.27386727191195
Pants_Fire_on,5.388995837441286,0.0,0.0,0.0,7.308815546709283,20.08940954580561
