index,Facebook,Instagram,Snapchat,Twitter
Yes,51.82356988677167,33.8763910972509,31.671908655693443,21.959105424906312
No,37.57008583742795,47.57025324398606,48.70550316603382,56.49419577547842
Don't_know/No_opinion,9.784622921852574,17.83655380275954,18.75914045501329,20.806636542596777
