index,Fully_support,Rather_support,Rather_do_not_support,Fully_do_not_support,Hesitant_to_answer
2018,46.45824022320697,25.56721911762473,11.826669036670404,11.830535837104769,2.963167296235788
2019,38.437341528408695,27.580727458170305,13.782420449601332,14.726540622134152,3.780151427445034
