index,Closure_of_production_plants,Problems_exporting_goods,Closure_of_offices,Closure_of_sales_establishments,Problems_importing_goods,Increased_input_costs,Supply_difficulties,Decrease_in_demand_and_sales
Industry,40.36678201855342,50.20422102736395,50.24802149848376,40.35036454632865,32.198534866676674,52.151153929771326,32.19190624222552,102.7598275100802
Services,0.0,0.0,40.303073261148754,0.0,0.0,102.8023336344137,102.80324696136682,102.79521192547251
