index,Unnamed:_1,Unnamed:_2,Unnamed:_3,Unnamed:_4,Unnamed:_5,Unnamed:_6,Unnamed:_7,Unnamed:_8,Unnamed:_9,Unnamed:_10,Unnamed:_11,Unnamed:_12
Domestic,3551.5412150894595,3551.5412150894595,3551.5412150894595,3551.5412150894595,3551.5412150894595,3551.5412150894595,3551.5412150894595,3551.5412150894595,3551.5412150894595,3551.5412150894595,3551.5412150894595,3551.5412150894595
International,1083.6299846234288,1083.6299846234288,1083.6299846234288,1083.6299846234288,1083.6299846234288,1083.6299846234288,1083.6299846234288,1083.6299846234288,1083.6299846234288,1083.6299846234288,1083.6299846234288,1083.6299846234288
