index,Very_satisfied,satisfied_Somewhat,dissatisfied_Somewhat,Very_dissatisfied
2014,32.57997243372896,43.453261327486544,13.887351071013391,8.775775253685445
2016,30.599675395985837,46.47584735763286,17.727564799539586,2.93172034132472
