index,selling_Metro_space
2017/2018,4614.033233048208
2018/2019,4660.893869056799
