index,Applications,Telehealth,Wearables,Health_analytics,Telecare,Digital_health_systems
2014,216.65170557838337,256.8006284707208,288.8433559259611,456.72671881710994,718.9436972067933,3870.892474819214
2078,742.0324925624955,437.6686821733101,702.6831915490584,1077.523703929498,851.7954881125461,4888.075085029037
