index,Unnamed:_1,st,Unnamed:_3,Unnamed:_4,Q,5,Unnamed:_7,Unnamed:_8,Unnamed:_9,it,Unnamed:_11,of,Unnamed:_13,it.1,Unnamed:_15,Unnamed:_16,or,Unnamed:_18,5.1,Unnamed:_20,Unnamed:_21,it.2,Unnamed:_23,Unnamed:_24,it.3,Unnamed:_26,Unnamed:_27
Facebook_fans,95.30898979985864,0.0,95.30898979985864,95.30898979985864,0.0,0.0,95.30898979985864,95.30898979985864,95.30898979985864,192.44975730909465,95.30898979985864,0.0,95.30898979985864,192.44975730909465,95.30898979985864,95.30898979985864,195.10245715309276,95.30898979985864,0.0,95.30898979985864,95.30898979985864,192.44975730909465,95.30898979985864,95.30898979985864,192.44975730909465,95.30898979985864,95.30898979985864
Twitter_followers,19.266897188103144,0.0,19.266897188103144,19.266897188103144,0.0,0.0,19.266897188103144,19.266897188103144,19.266897188103144,129.68385678462755,19.266897188103144,0.0,19.266897188103144,129.68385678462755,19.266897188103144,19.266897188103144,73.60543412286981,19.266897188103144,0.0,19.266897188103144,19.266897188103144,129.68385678462755,19.266897188103144,19.266897188103144,129.68385678462755,19.266897188103144,19.266897188103144
