index,Skype,Snapchat,Instagram,Pinterest,Linkedin,WhatsApp,Twitter,Google+,Facebook,YouTube
Urban,41.87425504004138,41.85989547916049,41.8762468573674,41.85831824824623,41.83884395282907,41.87421448267502,41.85686494261808,39.9598234222396,79.87785698481217,79.90902081449106
Rural,0.0,0.0,79.91203557872433,79.91015642074933,40.004970530566965,40.00847198319663,49.935657991446,40.03554177205949,49.9296442352886,40.04516513382353
