Unnamed:_0,index,Scrubs,Eye_protection,Gloves,Aprons,Fluid-repellent_facemasks
0,Adequate,51.96579342888226,51.978876504071366,51.960941350058775,51.956565710300495,51.9657028177717
1,Shortages,0.0,0.0,0.0,80.22696621725504,80.21368438221052
