Unnamed:_0,index,Unnamed:_2,I,to
0,Germany,4.542217579827103,38.7735795797916,38.7735795797916
1,Japan,5.571681167576429,38.7735795797916,38.7735795797916
2,USS_(excluding_light_trucks,5.571681167576429,38.7735795797916,38.7735795797916
3,China,22.166927818396463,38.7735795797916,38.7735795797916
