index,Great_Britain,Canada,Germany,France,Belgium,Australia,United_States,Japan,Hungary,Sweden,Italy,Poland,Spain,South_Korea,Saudi_Arabia,Russia,South_Africa,China,Turkey,India,Mexico,Indonesia,Brazil
Social_media_advertisment,12.894390177628274,12.895932562870264,13.96274489237166,13.971598637910716,13.9651152514852,13.95014151952408,8.977658745923108,17.882664333198164,24.947160400631997,24.95869628596938,24.955723013213728,28.0625287519605,28.071956504323225,13.95199155590538,89.16468379657199,51.13246797330992,40.09944152026739,89.16304849655639,89.17134062390826,89.16236092723163,89.16559023180791,89.16913338184173,13.944457200151646
Social_media_post,8.981598332324353,8.980458577768019,13.965249461713752,13.95233017863589,0.0,28.07713288959991,17.87940818657617,17.879309077484322,24.972422895191308,24.96465934966266,28.084400889669283,28.083413928296224,28.063903890609996,28.07453747025696,39.05743743532099,40.10158475437876,40.11161748515634,28.080386971449144,89.17365523415762,39.053404934146144,0.0,0.0,0.0
