Unnamed:_0,index,1832:_Andrew_Jackson,1840:_Martin_Van_Buren,1864:_Abraham_Lincoln,1872:_Ulysses_S._Grant,1888:_Grover_Cleveland,1892:_Benjamin_Harrison,1900:_William_McKinley,1912:_William_H._Taft,1916:_Woodrow_Wilson,1932:_Herbert_Hoover,1936:_Franklin_D._Roosevelt,1940:_Franklin_D._Roosevelt,1944:_Franklin_D._Roosevelt,1956:_Dwight_D._Eisenhower,1972:_Richard_Nixon,1980:_Jimmy_Carter,1984:_Ronald_Reagan,1992:_George_H._W._Bush,1996:_Bill_Clinton,2004:_George_W._Bush,2012:_Barack_Obama,2020:_Donald_Trump
0,Republican_Win,0.0,0.0,5.012612674661868,15.132904941691628,0.0,0.0,0.0,0.6753360454943724,0.0,0.0,0.0,0.0,2.4965016301443264,2.4952698330914984,30.21210750541891,5.007228529479352,8.38867038104251,8.381226618207153,18.47134316872507,2.7486425397800893,0.0,0.0
1,Win_Democratic,0.0,0.0,0.0,15.11463990797284,0.0,0.0,0.0,0.0,0.0,0.6751506136799676,0.0,0.0,0.0,0.0,0.0,0.0,0.0,0.0,6.2228400339340215,6.207965753392903,0.0,0.0
2,Republican_Loss,0.0,0.0,0.0,0.0,0.0,0.0,0.0,3.186493411541406,9.967440160160104,8.20697369318584,0.0,0.0,0.0,0.0,0.0,0.0,0.0,10.07279854356555,15.913251685939432,0.0,0.0,0.0
