index,Local,Commerce,Navigation,Information,Command
Google_Assistant,92.32356235561018,91.22002293492024,97.23738667667264,95.3570455849481,85.28703336339454
Siri,88.26043972304494,67.35434975787562,85.24073407692414,75.1446760149192,92.37693553970593
Alexa,84.00201030829777,70.36022656065161,71.44312523657973,92.44068035631028,68.54372711021712
