index,Male,Female
Avid_fan,41.87315631612621,18.01924147319984
Casual_fan,28.49627543302832,32.637399629768694
Not_fan_at_all_a,28.80801946315833,48.68841889990709
