index,Total,Multirace,Whites,Native_Hawaiians_Other_Pacific_Islanders,Hispanics,Blacks,Asians,American_Indians_JAlaska_Natives
Men,49.56883127314333,49.6053196668508,49.594070717982085,49.58457980155952,19.598529317752277,49.5834405637506,49.59030467644826,21.37326102315029
Women,0.0,49.59612790280252,69.06162866748517,49.57314644369296,49.5967958731725,59.89161258702055,49.58649765513714,69.04527363836493
