index,Non-_partnered_streamers,Including_partnered_streamers
2015,9.769128438739797,17.13576674335397
2016,18.86899356389789,29.510375214206668
