index,Appalachian_League,Pioneer_League,Northwest_League,Florida_State_League,California_League,New_York_Penn,Carolina_League,Southern_League,Texas_League,South_Atlantic_League,Eastern_League,Mexican_League,Midwest_League,International_League,Pacific_Coast_League
2011,0.0,0.0,157.62394128616768,128.917830899534,157.76271458009728,793.3092401294268,157.520862726597,157.57106679188007,281.25499036420206,282.4263517934156,282.39081283408177,282.4245715074127,396.7196672645461,396.7289024981864,0.0
2012,157.56049634373767,157.67025097581927,129.00101476302166,157.66800336474057,157.64988895466058,157.6913028578041,157.638695406417,157.64287907852395,282.4558377803394,282.5596284543112,282.44052732071407,282.4212334711572,282.4685668252605,396.9036375693756,282.4478932540512
