index,Anti-wrinkle_agent,Smoking_withdrawal,Hair_loss,Fatburner,Potency,Contraceptive,Anti-_depressants
2000,0.0,0.0,0.0,33.113470666506174,0.0,0.0,12.845766952199078
2005,0.0,0.0,0.0,33.11806434401829,17.170510184495363,0.0,12.850833986706968
2010,5.396808988252289,5.39222588400639,33.117035483881466,5.393953393042466,17.17224989345401,5.393232784282596,5.39439991020857
