Unnamed:_0,index,Clarence_Thomas,Ruth_Bader_Ginsburg,Stephen_Breyer,John_Roberts,Samuel_Alito,Sonia_Sotomayor,Elena_Kagan,Neil_Gorsuch,Brett_Kavanaugh
0,Not_sure,101.28301668950064,101.27063196976114,101.24148592471566,101.2547499931196,101.79630458758211,101.79548900847732,101.19887107741692,101.83942287877272,101.22686591409636
1,Somewhat_favorable,35.36116729172022,101.25992875262044,101.28113380934512,101.28683950678608,0.0,101.79237101264046,0.0,101.19577993192097,101.9268744390796
2,Very_favorable,46.41578155636658,0.0,0.0,0.0,0.0,0.0,0.0,0.0,0.0
