index,16-24_Female,25-39_Female,40-54_Female,Female_55_and_over
Natural,41.53812388126469,47.4024477125794,42.630420682318345,41.5155093455755
Colour_enhanced,33.650595469061045,40.66998698341471,43.496089399415936,50.49055365180637
Totally_depends_on_my_mood,20.77592375585111,8.941561593416587,9.758783058707316,6.87625884888822
