index,Yes,No
United_States,87.42413421009186,11.730211591418865
Global_average,87.33914007977664,11.73886789423804
