index,15-24_year_olds,25-34_year_olds,35-44_year_olds,45-54_year_olds,55-_64_year_olds,65-74_year_olds,75+_olds_year
Obese,5.914530602850448,21.894295726172743,23.83203189126739,26.939302756175763,33.53150611232613,34.873330091343576,30.878749186027875
Overweight,19.612838755962287,41.93295538181816,41.75067685073972,51.32747448124391,47.82284344739625,45.45452108655421,50.61729049554552
Normal_weight,65.09814365509168,33.57164777504752,29.838639927319704,20.87350378638513,17.40696533795122,18.55860635104364,17.490739242761094
Underweight,8.238404664653004,0.0,0.0,0.0,0.0,0.0,0.0
