index,Jun_'19,Aug_19,Oct_'19,Dec_'19,Mar_'20,Jun_'20,Sep_20
Free_apps,95.040847425571,95.34319559669152,95.31424591568393,95.3746131939351,95.56232267538496,95.63617819628986,95.5904364492804
Paid_apps,0.0,0.0,0.0,3.6746362922663423,0.0,0.0,0.0
