index,All_families,Non-Hispanic_white_families,Black_families,Asian_families,Hispanic_families
No_children,56.62022745260848,61.425902018398205,49.08170996277126,51.49386873202285,43.39133130963636
One_child,18.25457446953027,16.555418545164137,22.966247699270085,20.63623359758013,20.89911202490211
Two_children,15.945753417997508,14.73161269042464,16.76273745808757,21.244111287286245,21.248133021572457
Three_children,6.035181297398367,4.687894353389737,7.141188016733267,4.111201489245232,9.501320439633346
Four_children_or_more,0.0,0.0,2.9123314357102714,0.0,3.933988981282184
