index,Marketplace,Employer-_sponsored_insurance,Medicaid,Medicare
2017,50854.36448281241,52080.40164240758,0.0,256099.8201172653
2078,64283.98083362824,55178.223546620255,64323.789763910085,112586.38702507912
2028,86185.2073923191,86188.39266312082,112620.36788345737,86182.02212151737
