index,Newly_qualified,Qualified_(2-5_years),Qualified_(6_years--)
Minimum,44500.77525376978,59544.41614193596,64316.66836337399
Maximum,54497.16175142807,79152.04664203773,79152.13779139525
