Unnamed:_0,index,Total,Men,Women,18-29_years,30-44_years,45._64_years,65+_years
0,No,90.3757235199904,84.92864895111006,93.90955256305249,84.29020830116772,86.82643222910431,93.32298838033124,95.7155010115314
1,Yes,7.726800398991983,13.734890602036671,3.011247163974573,11.952385833941378,12.0302204456882,4.897334201525084,3.0546870920040163
