index,Parachute_pants,Shoulder_pads,Baggy_pants,Platform_shoes,Members_only_style_jackets,Leg_warmers,Tie_dye_clothing,Track_suits,Leisure_suits,Bell-bottoms,Skinny_jeans,The_mini-_skirt,The_bikini
Total,0.0,0.0,0.0,0.0,0.0,0.0,53.72733426824697,53.72731164936861,0.0,9.792733523762749,9.791308534425935,0.0,30.44258197727772
Male,0.0,0.0,0.0,0.0,0.0,0.0,0.0,0.0,0.0,61.009879602941744,0.0,0.0,30.43388340291331
Female,0.0,0.0,0.0,4.772119647403997,53.71840788946477,53.73219409582649,53.74074887874988,53.75079973891352,9.79450425881167,9.799183135364297,9.793447634065323,61.00525404231669,0.0
