index,August_to_October_2012,November_2012_to_January_2013,November_2012_to_anuary_2013,March_May_to_2013,March_May_to_2015,March_May_to_2016,2017_March,2018_March
Ever_done,47.84129609572203,49.74450776242316,0.0,47.843580709468135,45.8571523603681,47.84804242572523,46.855074631089,46.87773561031179
Past_three_months,35.92192563970492,0.0,37.862512392723005,34.71838813183476,34.73277373237721,36.8719486687608,36.86703600260088,36.87824703528436
