index,Medication_delivery_solutions,Medication_manag_ement_solutions,Pharmaceutical_systems,Diabetes_care
2018,359.9523553430173,246.04748085015976,138.03483553568464,109.80793948065129
2019,381.8675623029236,261.8572474802779,144.35715896021532,109.87961390708006
2020,351.9617059228804,242.583693781862,156.9475373480152,107.1031001812247
