index,Male,Female
Support_ownership_private,68.25147937411484,54.39748949296924
Do_private_ownership_not_support,22.661834452080512,33.605242512277705
