Unnamed:_0,index,"Washington,_D.C",Seattle,San_Diego,Portland,Philadelphia,New_York,Minneapolois,Miami,Los_Angeles,Houston,Detroit,Denver,Dallas,Boston,Atlanta
0,Dermatology,79.2449104029949,79.25121012588374,79.24071413607571,79.25224695084043,79.23744398590428,79.25421840856097,79.24022872315963,79.25944085541677,79.22682238485919,79.25255991443106,79.23947079772928,79.25010730180249,79.2545207271315,79.23176380318463,79.2509184523333
