index,Unnamed:_1,st,2,Unnamed:_4,5,Unnamed:_6,Unnamed:_7,of,for,Unnamed:_10,>,Unnamed:_12,x,Unnamed:_14,5.1,Unnamed:_16,Unnamed:_17,it,Unnamed:_19,it.1,Unnamed:_21
Facebook_fans,168.7517004137343,0.0,139.77995215509003,168.7517004137343,204.7635357335618,168.7517004137343,168.7517004137343,0.0,196.03644014147443,168.7517004137343,200.1758745079256,168.7517004137343,204.51222669013424,168.7517004137343,204.7635357335618,168.7517004137343,168.7517004137343,203.25365638479497,168.7517004137343,203.25365638479497,168.7517004137343
Twitter_followers,31.074912414935284,0.0,13.858559035283209,31.074912414935284,66.46150175258177,31.074912414935284,31.074912414935284,0.0,25.11785132858992,31.074912414935284,36.81953734658859,31.074912414935284,46.201154652464055,31.074912414935284,66.46150175258177,31.074912414935284,31.074912414935284,75.442481772005,31.074912414935284,75.442481772005,31.074912414935284
