index,Flemish_Region,Capital_Region_Brussels-,Region_Walloon
Immigration,68113.80295309341,30486.23993818356,46150.73794667467
Emigration,31444.07457376852,17928.233535043197,18170.596396258537
