Unnamed:_0,index,the,for,up,vig,I,books,gg,gf,S,sally,From:
0,Confirmed_(inc._deaths),11655.465580745047,479.92726933242375,40677.872050040125,40677.872050040125,30867.017131273074,29061.674805892253,10963.848501485954,40677.872050040125,40677.872050040125,40677.872050040125,40677.872050040125
1,Deaths,698.8732525856976,479.92726933242375,40677.872050040125,40677.872050040125,956.1264251054164,974.8265644762288,40677.872050040125,40677.872050040125,40677.872050040125,40677.872050040125,40677.872050040125
