index,Pre-working_age,Working_age,Post-working_age
Men,3497.059820626788,12192.85909544656,2604.4351740605543
Women,3322.95091501531,10759.403663820493,5462.895907448468
