index,to_a,Unnamed:_2,Unnamed:_3,Unnamed:_4,Unnamed:_5,Unnamed:_6,Unnamed:_7,Unnamed:_8,Unnamed:_9,Unnamed:_10,Unnamed:_11,Unnamed:_12,Unnamed:_13,Unnamed:_14,the_>,Unnamed:_16,Unnamed:_17,Unnamed:_18,Unnamed:_19,I'vo,Unnamed:_21,Unnamed:_22
United_States,0.0,74.12989064704544,74.12989064704544,74.12989064704544,74.12989064704544,74.12989064704544,74.12989064704544,74.12989064704544,74.12989064704544,74.12989064704544,74.12989064704544,74.12989064704544,74.12989064704544,74.12989064704544,223.58851889183927,74.12989064704544,74.12989064704544,74.12989064704544,74.12989064704544,264.0053659911881,74.12989064704544,74.12989064704544
International,0.0,13.758730638421495,13.758730638421495,13.758730638421495,13.758730638421495,13.758730638421495,13.758730638421495,13.758730638421495,13.758730638421495,13.758730638421495,13.758730638421495,13.758730638421495,13.758730638421495,13.758730638421495,0.0,13.758730638421495,13.758730638421495,13.758730638421495,13.758730638421495,12.297161417687988,13.758730638421495,13.758730638421495
