index,U.S_Americans,Canadians,Russians,Australians,Mexicans,Chinese,British,Swedes,Spanish,Hungarians,South_Koreans,Indians,French,Argentineans,Japanese,Brazilians,Germans,Total_(I_7_countries)
All_of_the_time,37.64240650067262,57.464800700660895,37.634558837911314,37.6206934021824,37.64231305024373,37.64099605117606,37.64221308001747,37.63645392567865,37.62383811777797,57.46488763129242,56.64529042437361,56.6492631542345,56.66732081966892,56.65446377926574,57.46058021850015,57.45969135279275,57.44994860226411,57.46214279660189
Often,25.65370096297407,33.60544794267795,37.60078194103061,33.61279358104216,37.60193159863258,25.6432605941274,0.0,0.0,0.0,0.0,0.0,56.66718825045584,56.67002218904369,0.0,0.0,0.0,0.0,0.0
