Unnamed:_0,index,Confirmed_cases,Intensive_care,Deaths
0,65-74_years,13.83066355829483,28.300934249408613,13.174981236924069
1,45-64_years,34.92710959188834,29.329265509283985,7.076431236310015
2,15-44_years,30.06224776436126,5.799499357803455,1.9110763436482472
3,75_and_over,20.118431562100497,37.17349409371506,79.70518162124561
