index,Sports_energy_bars_or,Bottled_water,Coffee_and_tea,Pet_food,Clothing,Bars_&_alcohol_(outside_of_home),Restaurants
Lesbian_women,0.0,0.0,12.329638181236966,17.867125946262107,17.85923816065153,89.9946408583336,31.709427635752554
Gay_men,14.024022612311876,49.20463508847285,14.022315406517867,17.87896257310058,90.00202885326244,25.956723075385263,31.734234078202896
