index,Current,Binge,Heavy
Male,17.04808290886054,10.328355458350602,2.037558246422265
Female,19.7165183695666,11.665871738247338,2.2697050605798097
