index,Offshore_Nova_Scotia,Saskatchewan,British_Columbia,Alberta
2013,0.0,0.0,0.0,84215.34913871232
2014,0.0,0.0,156884.66842290218,84219.73799852683
2015,0.0,0.0,156859.1353570432,84225.73092834435
2076,0.0,84210.10581061534,156859.03825837476,84239.13442853894
2017,0.0,0.0,156845.93770602578,0.0
2018,0.0,156838.87280690845,156815.59243015782,156824.41287320096
