index,2020_September,September_2019,August_2020,August_2019,July_2020,July_2019,June_2020,June_2019,May_2020,May_2019,April_2020,April_2019,March_2020,March_2019
International_tourists,0.0,0.0,0.0,0.0,0.0,0.0,0.0,0.0,0.0,462.9957049501786,463.3832205313816,0.0,0.0,733.8818424703013
Domestic_tourists,1510.491563148484,2478.576395217252,2478.484973772008,1510.28044407381,1509.7056170859646,2478.497427013748,2478.114965983604,1003.4747474629085,1003.438413298773,463.3074755198572,463.73271709809615,1229.3321604821426,733.1487128036322,1228.9486738909145
