index,Ten_years_ago,Now,five_years_time_In
On_the_internet,28.776174693221748,73.50637890724371,67.65130706609546
Via_bank/building_society_smartphone_apps,0.0,13.566088240808623,18.746214465689235
Visiting_bank_build_a_or_society_smartphone_apps,74.50342719545648,53.47989911583666,34.581230378051714
On_tablet_device_a,0.0,8.831418561569066,19.826744122889902
Post,12.698123565608924,8.80992344697583,4.627763643343357
Phone,19.87011731665801,16.85603876534428,10.714524146561288
