index,Smartphone,Computer,Tablet
While_watching_traditional_TV,57.54231371286293,45.617440677912064,34.50202602106042
While_streaming_digital_video_TV_on,55.40136895899818,37.66855506919715,31.58848340129245
