Unnamed:_0,index,2014,2015
0,Have_influence_some,70.19801412227567,58.52522462790071
1,Have_much_influence,26.93636693056662,36.937043119977815
