index,Haircuts,Hair_colour,Manicure,Hair_removal,Pedicure,Tanning
2012,24.729898360602743,41.81289489205501,18.923701030843635,32.85695625983741,20.86866928355993,18.937476758457063
2013,23.89296922158629,41.85476350896568,18.920128022885525,31.846777356427587,20.89423776506068,17.921179878505168
2014,22.844647772864064,34.813628169695264,16.864812308281365,13.85529786098703,18.9030214476999,15.950533486754884
2015,24.74825000569705,34.81718975499366,16.865415424714193,13.85224572631182,18.91993612220236,15.942418829295027
2016,22.85423823795879,36.72189770128682,16.87121356678432,15.962609522603074,0.0,15.966004337069664
2017,24.74029526547318,34.8232734635566,16.856350401966253,13.86132445625141,0.0,15.95698043589669
