index,1-14_years,15-24_fold_years,25-54_years,55-74_years,75_years_or_folder
Men,0.0,9.280451926508476,29.07204099727553,30.259732651753843,67.27027331102197
Women,0.0,2.785068457155617,8.277344987071743,10.705898723333604,12.37616547101574
Together,0.0,5.893149103825266,18.640910228306048,20.59070888264624,39.94052249808273
