index,Don't_Know,None,Other,The_Duchess_of_Cornwall,"The_Earl_of_Wessex,_Prince_Edward",Princess_Eugenie,Princess_Beatrice,"The_Duke_of_York,_Prince_Andrew",Princess_Anne,Prince_Philip,Meghan_Markle,"The_Prince_of_Wales,_Prince_Charles",Princess_Charlotte,Prince_George,The_Duke_of_Cambridge_Prince_William,The_Duchess_of_Cambridge,Prince_Harry,Queen_Elizabeth
Great_Britain,0.0,19.86197581073028,0.0,0.0,0.0,0.0,0.0,14.81284448487186,9.907142995382516,14.824106249662144,14.848077958774269,14.846826651575348,14.82944182355834,14.844237279878378,29.71052092419213,29.69264892057236,0.0,0.0
World,0.0,0.0,0.0,0.0,23.75453890831288,0.0,0.0,9.943280747287332,9.94140545489855,14.850203512602832,0.0,0.0,0.0,0.0,29.700210152873037,29.71085794293105,0.0,0.0
