Unnamed:_0,index,November_201_3,November_2003,March_2001,November_1993,February_1992,October_1983,December_1976,December_1_966,November_1_963
0,One_man,29.89480026660404,29.89041415929654,100.12462210407108,100.1323916889314,100.1163846253252,100.13091798233972,29.8704061255267,0.0,0.0
1,Others_involved,100.18379635730288,100.09692087627931,100.10829356235308,100.13066016325996,100.12489265495722,100.11491728463672,134.1173898014411,134.12309046776022,134.1310924080875
