index,Electric_freight_locomotives,Diesel_freight_locomotives,Electric_passenger_locomotives,Diesel_passenger_locomotives,Diesel_shunters
2015,7199.157279928772,2924.2992539107,2137.245761121979,592.426626618495,5484.994790265769
2020,7616.622258506733,3167.6529877365,2234.173601694746,571.9692258520445,5700.835448455009
