Unnamed:_0,index,Unnamed:_2
0,Beverages,35.1124608262902
1,Dairy_products,51.128149890136896
2,Fruits_and_vegetables,57.16129464454488
3,Meat_products,31.14148394427429
4,Oil_and_dry_products_grocery,38.16490018362032
