index,TC_Media,PostMedia,CBC_Radio-_-Canada,Corus_Entertainment,Torstar,Shaw_Media,Rogers,Bell_Media
2014,747.7209519857947,1490.709867161637,757.527321030731,3906.9017120935264,1492.4892447579875,1492.351132310184,1787.685820956185,3907.727497398593
2015,1884.2531005955595,746.9689422281604,746.8475881945255,1884.4900298993225,1885.017342069283,1885.162677971469,3907.776713201122,3907.3329041638303
