index,Television,Video_games,Internet,Movies,Smartphone_Social_media,Social_media
Not_applicable,3.871058518926049,15.803602650393856,11.817988700857654,3.769200968304844,21.86181468753361,26.913036978141065
Much_more,23.93254751006117,23.96871253632692,22.063242199531828,21.29900438485106,18.84009230317018,15.173980664310292
Somewhat_more,28.0146625320192,24.102483716587813,24.05478220179549,31.56413527437276,22.03189166878299,16.457564586035033
Neither_less_more_nor,27.223459319202178,20.069379414343373,26.10508157332083,29.38789179716953,24.344672549548463,26.618529219482998
Somewhat_less,10.960642484572505,4.990421687866387,4.743397243180453,7.526464240123374,3.9896330678697463,4.8430305531827145
Much_less,6.792718230382903,10.309728321678122,10.26917816279976,6.129943797099713,9.580951659649514,9.644110238996056
