Unnamed:_0,index,June_2020,June_2019,June_2018
0,Research,30.142997463130595,40.10468472861151,40.12001194236572
1,Industry,56.975099460826925,40.09604241306453,56.96950633510703
