index,Unnamed:_1,be,2,Unnamed:_4,Unnamed:_5,Unnamed:_6,Unnamed:_7,Unnamed:_8,5,Unnamed:_10,Unnamed:_11,it,Unnamed:_13,Unnamed:_14,5.1,Unnamed:_16,Unnamed:_17,5.2,Unnamed:_19,Unnamed:_20,,Unnamed:_22,Unnamed:_23,5.3,Unnamed:_25,Unnamed:_26
Facebook_fans,3.0238075687340946,0.0,2.929838030340528,3.0238075687340946,3.0238075687340946,3.0238075687340946,3.0238075687340946,3.0238075687340946,4.248722754690888,3.0238075687340946,3.0238075687340946,0.0,3.0238075687340946,3.0238075687340946,4.248722754690888,3.0238075687340946,3.0238075687340946,4.248722754690888,3.0238075687340946,3.0238075687340946,0.0,3.0238075687340946,3.0238075687340946,4.248722754690888,3.0238075687340946,3.0238075687340946
Twitter_followers,0.5540321461978608,0.0,0.3294788816170109,0.5540321461978608,0.5540321461978608,0.5540321461978608,0.5540321461978608,0.5540321461978608,2.004525165635221,0.5540321461978608,0.5540321461978608,0.0,0.5540321461978608,0.5540321461978608,2.004525165635221,0.5540321461978608,0.5540321461978608,2.004525165635221,0.5540321461978608,0.5540321461978608,0.0,0.5540321461978608,0.5540321461978608,2.004525165635221,0.5540321461978608,0.5540321461978608
