index,Single,Married_(and_not_separated),Separated,Widowed,Divorced
Men,9435.42464954126,7175.406191838131,438.19239857036337,393.10867526290895,1160.187197937048
Women,8416.067758184146,7010.490486202628,476.24473925030543,1455.7772002173897,1506.1273384688757
