index,"Anorexia_nervosa""",Bulimia_Nervosa,eating_One_of_more_disorders
Not_Hispanic_Latino_white_or,11.86042772588047,40.6226087572623,52.35353195408814
Not_Hispanic_Latino_fother_or,0.0,11.892305512257336,11.8900437100097
Hispanic_Latino_or,0.0,3.782845183723744,3.78345014769841
