Unnamed:_0,index,Don't_know,None_of_these,Other,To_connect_with_likeminded_viewers,It_helps_me_stay_informed_about_popular_culture,I'm_invested,It_helps_me_forget_about_real_issues_in_my_life/_in_the_world,It's_good_background_noise,It's_mindless,like_the_drama
0,55+,59.53723058120866,59.53684376488815,59.53523284628752,59.53112475903546,59.52608635405053,59.51880049727931,59.52678164414564,59.5524975848462,59.54137783973368,59.52509238299909
1,25-34,0.0,0.0,0.0,0.0,0.0,0.0,0.0,0.0,28.19820957904102,28.197460428445595
2,18-24,0.0,0.0,0.0,0.0,59.54287124451541,59.51542197498621,0.0,0.0,0.0,28.20698884059397
