index,DE,C2,C1,AB
More_than_10_times_day_a,24.010906100817635,24.70570927031457,39.72962742429398,18.791843236722443
2-10_times_day_a,37.7244836936909,15.79281243878046,6.029607060740098,16.02955550743914
Once_day_a,13.941157062286706,0.0,34.611169538185536,0.0
Less_often_than_daily,13.78057884046315,16.803334467505948,15.73924340375514,24.717147658964592
