Unnamed:_0,index,Jan,Jul,Jun,Nov,Aug,Feb,Oct,Sep,Apr,Mar,Dec,May
0,2019,7.555352649269872,7.743804830766261,7.54277963126646,7.380499157424489,7.412815618649004,7.5302005586619325,7.580487020448859,7.466433444172342,7.469455301143499,7.310365324355119,7.059126707109365,7.545584300252668
1,2016,7.555352649269872,7.743804830766261,7.602315912699873,7.284944664972952,7.510405345823957,7.363417183541205,7.580487020448859,7.466433444172342,7.530762025708447,7.544804089910826,7.50334495881552,7.545584300252668
2,2020,7.4556140386203005,7.337623027481084,6.887142929552077,7.380499157424489,7.412815618649004,7.4810386418252115,7.580487020448859,7.466433444172342,7.233843165001072,7.63002421146111,7.059126707109365,7.073249702998207
3,2017,7.4556140386203005,7.407731642303609,7.269822271072545,7.408730818127975,7.478634576354977,7.295383574950337,7.436764732226239,7.532130921028421,7.267167911725026,7.191299760384994,7.628674646427264,7.192040976873784
4,2018,7.628026748561164,7.337623027481084,7.09136840234213,7.604152678709675,7.334799472583141,7.4810386418252115,7.670235483711942,7.269484879814084,7.530762025708447,7.370832014675464,7.546239808030261,7.10235167095187
5,2015,7.486422570886394,7.6701224459755295,7.602315912699873,7.7985643096539645,7.675262191307342,7.4810386418252115,7.849593709880456,7.890574055339887,7.616811738705079,7.442795059389943,7.727222833622755,7.494500852990535
