Unnamed:_0,index,Unnamed:_2,mas,the,EFFIS,FFF,I,SFIS,GATER,Mays,SSPPESS,SISPS
0,Male,9.446293125273783,9.614073572448875,8.82693473245597,8.93485165259479,8.731005587271671,9.12909562195346,9.130251785563589,9.022219099366264,12.794291947404036,8.732842375467126,8.504477358348282
1,Female,11.34625890068526,11.512449560522477,10.920938643178133,10.919244816085095,10.719545870211151,11.028069402001568,10.720539861541049,10.820229657155949,12.794291947404036,10.58814640389518,11.024833690767275
