index,United_States,emea,APAC,LACA
2016,4691.924233975847,1776.6217808955562,1464.841599225124,328.30226657960065
2017,5110.493470011468,1904.9679617891416,1555.015079844713,345.0596635260463
2018,5465.385996803254,2154.15196165177,1692.3883392709868,359.6998881154859
2019,6024.411715931945,2240.2189292316534,1857.872483453033,380.4893886195787
