index,18_to_25_years,25_to_35_years,35_45_years_to,45_55_years_to,55_to_65_years,65_to_75_years,75_and_years_older
2016,50.51322826737173,63.04916651513641,57.5362497553721,55.53345522373394,44.88377945223144,27.1919604548384,6.882073738895045
2017,58.504603785991264,68.07066340888201,53.71858847416114,58.27920520089084,47.011513636741576,30.96250399903569,8.123911845116211
2018,58.5103376297795,68.61555834905654,64.7238084618854,62.05034928776642,50.52678064131551,31.875688430617014,14.206116288108817
2019,59.72111582168415,70.77514233363522,68.72691120197135,64.29865867167132,50.92004429289136,35.9539699337543,11.81022640984925
