index,Unnamed:_1,Unnamed:_2,Unnamed:_3,Unnamed:_4,Unnamed:_5,Unnamed:_6,Unnamed:_7,Unnamed:_8,Unnamed:_9,Unnamed:_10,Unnamed:_11,Unnamed:_12
Hearing_from_brands_what_they_doing_the_pandemic_is_comforting_use_about_are_to_respond_to_and_reassu,44.87074924065437,44.87074924065437,44.87074924065437,44.87074924065437,44.87074924065437,44.87074924065437,44.87074924065437,44.87074924065437,44.87074924065437,44.87074924065437,44.87074924065437,44.87074924065437
All_of_the_brands_the_virus_just_adding_and_communications_am_getting_from_about_are_to_my_anxiety_conc,31.793258948609164,31.793258948609164,31.793258948609164,31.793258948609164,31.793258948609164,31.793258948609164,31.793258948609164,31.793258948609164,31.793258948609164,31.793258948609164,31.793258948609164,31.793258948609164
