index,At_home,school_At_work_or,the_commuting_In_car_or,While_shopping
2011,57.80859224438712,20.854157308906046,15.983820868635108,4.807247105791163
2012,66.90600925217065,14.952378446003875,13.928881663537126,3.733943371355138
