index,Associate,Bachelor's,Graduate
Public,78.47911783209796,62.85053592584643,46.55449045864245
Private_nonprofit,5.079203624007107,28.516998049220117,43.91963808262493
For_profit,15.45600064019048,7.02687147138596,8.865344434680225
