index,Chattisgarh,Assam,Jammu_and_Kashmir,Arunachal_Pradesh,Sikkim,Goa,Bihar,Dadra_and_Nagar_Haveli_and_Daman_and,Mizoram,Meghalaya,Karnataka,Tripura,Lakshadweep,Odisha,Nagaland,Chandigarh,Andaman_and_Nicobar_islands,Puducherry,Punjab,Manipur,Uttarakhand,Haryana,Jharkhand,Himachal_Pradesh,Uttar_Pradesh,Telangana,Madhya_Pradesh,West_Bengal,Rajasthan,Gujarat,Tamil_Nadu,Kerala,Maharashtra,Andhra_Pradesh,Delhi
Red_zone,0.0,0.0,0.0,99.199701910245,0.0,99.21753059368868,99.2221639453151,99.26098851584916,0.0,0.0,0.0,0.0,0.0,0.0,99.24850600735908,0.0,99.21212771687952,99.2470398593794,99.22640038395257,0.0,99.20883090899147,99.28267292547147,99.24865181213056,99.28319134243668,0.0,0.0,0.0,99.1956598779695,60.2187152574568,99.19466354536452,39.83765448724309,99.18685488982626,0.0,99.18915536510931,0.0
Orange_zone,0.0,0.0,0.0,0.0,0.0,0.0,0.0,0.0,0.0,0.0,0.0,0.0,0.0,0.0,0.0,99.25018276223088,0.0,0.0,0.0,0.0,0.0,0.0,0.0,0.0,0.0,0.0,0.0,0.0,0.0,0.0,39.83574282468393,0.0,99.17821190698466,99.18686299009134,99.17325454475495
Yellow_zone,0.0,0.0,99.2218156339166,0.0,0.0,0.0,0.0,0.0,0.0,0.0,99.277035140975,0.0,0.0,0.0,0.0,0.0,99.23534307660218,99.21725518467592,99.23258898647458,99.2210056074085,0.0,99.27583630174296,99.22803663749896,99.300785118193,99.25898775037412,99.25289635103309,0.0,99.18977098525548,99.21878613477624,99.19661570924907,0.0,99.23695502935334,99.2687242690017,0.0,0.0
Green_zone,0.0,99.30524026398764,0.0,99.21122048719045,99.20225349374556,0.0,99.21633175445666,0.0,99.27318751506142,0.0,0.0,99.2756985972366,0.0,0.0,99.29858184609093,0.0,0.0,0.0,0.0,98.93037619656104,0.0,0.0,0.0,0.0,0.0,0.0,0.0,0.0,0.0,0.0,0.0,0.0,0.0,0.0,0.0
