index,Unnamed:_1,Unnamed:_2,Unnamed:_3,Unnamed:_4,Unnamed:_5,Unnamed:_6,win,Unnamed:_8
2017,167.12128992526368,167.12128992526368,167.12128992526368,167.12128992526368,167.12128992526368,167.12128992526368,463.6089198676227,167.12128992526368
2018,755.4273170229718,755.4273170229718,755.4273170229718,755.4273170229718,755.4273170229718,755.4273170229718,478.2007163883138,755.4273170229718
2019,255.4813492541432,255.4813492541432,255.4813492541432,255.4813492541432,255.4813492541432,255.4813492541432,463.0613779788919,255.4813492541432
