index,Arizona,California,Colorado,Michigan,Oregon,Washington
Dispensary_price,287.3269194978148,295.6160607943597,220.65281783837852,297.6610818248816,212.1545892612276,234.99421837767815
Street_price,251.53379761440212,215.33269045323044,216.37333470888657,271.4551841084114,189.0313000458995,208.0873934841761
