index,Familiar,Willing,Using
P2P,5.983148654090336,7.007409191192679,1.9467055531856052
POS,8.986798471847708,15.00505919201791,4.002269820785209
m_-commerce,12.973268920295464,17.014152175365215,7.96563657204835
