index,Investment,Development
2018,411.8777197311117,405.6586323952426
2019,417.5670676129212,405.5915192852922
2020,422.4310908270744,402.3440754053786
