Unnamed:_0,index,Unnamed:_2,the
0,45-64,40.74879671809355,60.23488311808391
1,18-24,26.182972200078364,60.23488311808391
2,65+,44.69779597816746,60.23488311808391
3,25-44,29.341342472225413,60.23488311808391
4,Total,34.82572444917693,60.23488311808391
