index,Eylea,Libtayo,Arcalyst
2017,3649.975182409461,0.0,0.0
2018,4020.629217704726,0.0,0.0
2019,4588.048090884625,178.60491424393513,0.0
