Unnamed:_0,index,Midscale,Upper_midscale,Upscale,Upper_upscale,Luxury
0,Hard_costs,133.45799857657562,103.5272413730911,256.9143947602445,241.01688825008975,782.7032090866084
1,Soft_costs,0.0,0.0,0.0,52.54166568395817,253.5752091088059
2,Land,0.0,107.48813466204774,30.564951019496675,30.3037817859954,191.00818260897316
3,Furniture_fixtures_&_equipment_(FF&E),0.0,0.0,0.0,36.110028204889886,89.48445262674511
4,Development_fee,0.0,0.0,0.0,0.0,53.71918168360856
