Unnamed:_0,index,the,1910,SCOPES,SPESS,Conters,I,Spack,SPIS,PASSPE,SESPES,SISTAS,SPOTES
0,Female_population,4423.919214626667,5294.81329636534,3784.088251173848,4493.219947837577,5294.81329636534,4606.890961204103,5294.81329636534,4206.949785423183,4182.798116444119,4187.677220190422,4053.854652220572,5294.81329636534
1,Male_population,4448.098381018148,5294.81329636534,3298.474838307202,4320.67832405127,5294.81329636534,3657.414419997333,5294.81329636534,3966.832174098096,3897.844540258025,3944.5015760825145,3607.780915800477,5294.81329636534
