index,Czechia,Hungary,Romania,Poland
China,3.6115329765773687,3.063392051525877,1.858606030425488,2.3603576420853614
Germany,1.1268113118788072,0.4727574224232924,0.3696602821636432,0.0
Italy_exports,6.411332858548951,6.970246163468548,3.826339140314533,3.8832854786026902
Total,6.436227198568744,6.842238473675112,3.7631428765611936,3.3020655667893912
