index,Unnamed:_1,Unnamed:_2,Unnamed:_3,Unnamed:_4,the_<ot,Unnamed:_6,Unnamed:_7,Unnamed:_8,do
2010,11.440122185359783,11.440122185359783,11.440122185359783,11.440122185359783,5.707929702702373,11.440122185359783,11.440122185359783,11.440122185359783,3.3200673786209194
2013,8.978804830698063,8.978804830698063,8.978804830698063,8.978804830698063,3.9398564019630697,8.978804830698063,8.978804830698063,8.978804830698063,1.2067006702741807
2016,12.03505316917979,12.03505316917979,12.03505316917979,12.03505316917979,7.181935253140679,12.03505316917979,12.03505316917979,12.03505316917979,0.7037158602268647
