index,North,Centre,South
Italy,87.384788909913,10.728867108332452,22.663578942952427
Ex-Jugoslavia,11.942104724358645,69.80674290824084,59.574607310445046
Romania,0.0,18.731650300469383,16.92527720771524
