Unnamed:_0,index,Aug9,Novi,Nov29,Sep6,Deco6,Novis,Nov6,Oct4,Sep,Nov22,Septs,Oct25,Oct17,Sep20
0,Nigel_Farage,10.868863796957717,9.8566959102843,6.908689442489507,9.820882501091557,6.9092866962675465,6.900592426658463,7.8588656596258915,7.864180945531821,8.912552229024733,7.895559949961587,10.875981752942568,9.860453972869408,8.90135440248305,9.858400401659985
1,Jo_Swinson,11.902265555392834,12.886343424194996,10.879074382094604,13.895047784393022,9.857214075662508,11.90594725676431,12.85846067247503,12.8611414965107,14.837356069339254,11.920783149698252,12.917095175798517,11.92874653340544,13.909886404513166,14.799879076563844
2,Jeremy_Corbyn,16.855083870520836,16.83973799376729,17.730366100202822,13.895047784393022,19.803758498934897,18.78331632932737,17.826049428068146,15.055760049067532,16.889926401425992,16.792364042268115,14.840045074933531,13.812239502583054,13.909886404513166,13.786693949437424
3,Boris_Johnson,30.67661489649101,29.64891977518168,32.68967034591357,29.698666378675803,30.68990038406963,30.68877814694788,30.69695970555116,29.695276486227847,27.672877015083795,29.661189385900396,27.690455093742933,32.68734337428749,30.715223671539874,29.716495358465444
