index,CD,Digital_download,LP/EP
2017,87.09888319184542,65.86307319820635,15.33812427746868
2018,51.484238476428914,49.36360572698916,16.548849745240815
2019,46.0740584736615,39.72818768548071,18.97686856427947
