index,Any_psychotropic_drug,"Antidepressants""",ADHD_drugs
Male,5.904349770896062,1.9892961709693564,4.210342434738075
Female,6.709669760542104,4.484519694517477,2.189777589248825
