index,English_Premier_League,Football_League_championship,League_Football,Football_League_2,All_Leagues
Improving,17.995991295343273,9.946999622133234,19.975263865425504,0.0,14.081783158882658
Worsening,26.31748372947699,40.05231432358448,52.55508687773833,13.99400400488662,36.58370739200224
Unchanged,54.60059649735285,49.258637811183775,26.37819655061452,84.8349908205937,48.34076876975911
