index,"March_18_20,_2020_to","April_3,_2020_to"
No,84.40229492752287,82.27328281342913
Yes,14.64897153140366,16.786534810739056
