index,Joe_Biden,Donald_Trump,Barack_Obama,George_W._Bush,Bill_Clinton,George_H._W._Bush,Ronald_Raegan,Jimmy_Carter,Gerald_Ford,Richard_Nixon,Lyndon_B._Johnson,John_F_Kennedy,Dwight_D._Eisenhower,Harry_5._Truman,Franklin_D._Roosevelt,Herbert_Hoover,Calvin_Coolidge,Warren_G._Harding,Woodrow_Wilson,William_Howard_Taft,Theodore_Roosevelt,William_McKinley,Benjamin_Harrison,Grover_Cleveland,Chester_a_Arthur,James_A._Garfield,Rutherford_B._Hayes,Ulysses_S._Grant,Andrew_Johnson,Abraham_Lincoln,James_Buchanan,Franklin_Pierce,Millard_Fillmore,Zachary_Taylor,James_K._Polk,John_Tyler,William_Henry_Harrison,Martin_Van_Buren,Andrew_Jackson,John_Quincy_Adams,James_Monroe,James_Madison,Thomas_Jefferson,John_Adams,George_Washington
Children,3.895156969069461,4.896088866810485,4.9058090230585965,4.905989262826326,3.8919905633434624,4.904752004033648,3.89607968039652,3.8998984377979777,3.896678541560268,3.897395430700948,3.900267638612521,3.896205266815324,3.8893381316648,4.89809359816253,5.886578486395271,5.887192464442764,5.885345297532831,5.885741825021837,2.913015939242221,2.915206143129448,5.880549175455391,5.880814302339536,5.882395760946716,5.880845117525629,2.9170655198300945,6.869988753038495,6.867706103592983,7.824517631868064,4.886164632631814,4.895648151507453,4.900744285585377,2.907722704257006,7.826111300265962,7.82389202544846,4.901511176726137,12.26773722111675,12.276588737968122,4.8872757235870825,4.894564387226652,4.895084756878646,4.904020579427829,4.903467068915315,5.88210854015556,5.883203932808476,5.8837184882744165
Adopted,0.0,0.0,0.0,0.0,0.0,0.0,0.0,0.0,0.0,0.0,0.0,0.0,0.0,0.0,0.0,0.0,0.0,0.0,0.0,0.0,0.0,0.0,0.0,0.0,0.0,0.0,0.0,0.0,0.0,0.0,0.0,0.0,0.0,0.0,0.0,0.0,0.0,5.878276991544777,5.877984537986169,0.0,0.0,0.0,0.0,0.0,0.0
Alleged,0.0,0.0,4.904074069939542,0.0,0.0,0.0,5.885155173648805,4.903749056939022,0.0,0.0,0.0,0.0,0.0,0.0,0.0,5.885992997859448,0.0,0.0,0.0,2.9121060191244865,0.0,5.882175984713806,0.0,0.0,4.896352830857419,0.0,0.0,7.825424063474168,0.0,0.0,0.0,0.0,2.9133049042891965,0.0,5.88262018852847,0.0,0.0,0.0,5.87874910345251,0.0,4.903126939031051,0.0,0.0,5.886569765116185,0.0
