index,it_a,Unnamed:_2,Unnamed:_3,Unnamed:_4,Unnamed:_5,Unnamed:_6,Unnamed:_7,it_OB,the_a,the_&,to_a,to_a.1,to_of,a_a,Unnamed:_15,a_of,is_a,the_it,&,to_a.2,the_of
PS4,0.9107348303770096,1.5940269677568049,1.5940269677568049,1.5940269677568049,1.5940269677568049,1.5940269677568049,1.5940269677568049,1.3154409102266555,1.676820677564102,0.0,0.0,0.0,0.0,0.0,1.5940269677568049,0.0,0.0,0.0,0.0,0.0,0.0
Portable_System_PS_TV_PS_Vita_PSP)_Entertainment,2.813665413681276,1.1134847566479973,1.1134847566479973,1.1134847566479973,1.1134847566479973,1.1134847566479973,1.1134847566479973,2.482453031149076,2.003216790652308,2.7917293980621896,2.477953198116211,2.477953198116211,4.914918495165193,3.5159075332581704,1.1134847566479973,0.0,0.0,0.0,0.0,2.477953198116211,0.0
Com_PS4,3.1925846076882376,9.03219063362972,9.03219063362972,9.03219063362972,9.03219063362972,9.03219063362972,9.03219063362972,4.424623070265845,3.013811443721684,4.015675938007695,2.300759534540811,2.300759534540811,3.885426152356489,2.8647122382921726,9.03219063362972,4.186370587664651,2.472858035564101,3.8831976891560647,8.102475652329975,2.300759534540811,6.124155434905981
