index,satisfied_Total,"Dissatisfied,_want_stricter",Dissatisfied_want_less_strict,"Dissatisfied,_remain_same",No_opinion
2014_5-8_Jan,39.63875197342083,30.639323452310737,15.753517805029873,7.859060388600987,4.778698239016514
2013_7-10_Jan,42.67314710618961,37.7652836017424,4.743941628168457,7.856772296867156,4.813815473018273
2012_5-8_Jan,49.67390262724072,24.648779084665374,7.837758751970306,8.912397097076877,7.864183724439769
