index,Share_of_female_staff_all_grades,Share_of_female_analysts,of_Share_female_Assistant_Vice_Presidents,Share_of_female_Vice_Presidents,of_Share_female_Directors,Share_of_female_Managing_Directors
2016,47.65527868460029,57.540208556185775,35.67317451906481,32.575697826175706,25.51952177371444,14.662757806985468
2017,46.62530710534462,56.46821026198529,35.72491129168736,32.607879731621935,24.7772611850947,13.88997989423568
