Unnamed:_0,index,We_don't_do_mobile_testing,Not_enough_time_to_test,Don't_have_the_devices_readily_available,Don't_have_the_right_tools_to_test,No_mobile_testing_experts_available,Don't_have_in-house_testing_environment,Don't_have_the_right_testing_process_method
0,2013,51.63831725968582,51.62966104988693,51.63789980389175,51.62405658589297,51.636215585688085,51.63548143929162,51.63865794200052
1,2016,51.63691134534487,51.63661384811231,51.63584131497616,51.62897488691507,51.64389293362501,51.60853874637546,51.63024164932466
