index,24_5_to_years,25_to_34_years,35_44_to_years,45_to_54_years,55_to_64_years,65_years_and_older
2015,4191.551054793279,11863.507199076064,11533.422911161057,12950.649265212069,8846.708354207125,2703.65202381583
2016,5380.926710212943,15425.631911357112,14194.03058716465,14753.809690016686,10638.525270841528,3067.9662848339976
2017,5451.865666673888,17411.61516550709,15955.98660352883,15934.071275721755,11719.636888695935,3544.3372393756435
