index,Unnamed:_1,Unnamed:_2,Unnamed:_3,Unnamed:_4,Unnamed:_5,Unnamed:_6,Unnamed:_7,Unnamed:_8,>In,Unnamed:_10
12_Jan_3_2016_weeks_to,1545.4798053117793,1545.4798053117793,1545.4798053117793,1545.4798053117793,1545.4798053117793,1545.4798053117793,1545.4798053117793,1545.4798053117793,1103.731385479834,1545.4798053117793
12_5_2014_weeks_to_Jan,554.9328890373581,554.9328890373581,554.9328890373581,554.9328890373581,554.9328890373581,554.9328890373581,554.9328890373581,554.9328890373581,666.7686521576688,554.9328890373581
12_4_2015_weeks_to_Jan,608.2456310144116,608.2456310144116,608.2456310144116,608.2456310144116,608.2456310144116,608.2456310144116,608.2456310144116,608.2456310144116,712.4387263191602,608.2456310144116
12_2017_weeks_to_Jan_I,1657.4876255869804,1657.4876255869804,1657.4876255869804,1657.4876255869804,1657.4876255869804,1657.4876255869804,1657.4876255869804,1657.4876255869804,1213.1999751627172,1657.4876255869804
