index,Washington_(1998),Vermont_(2004),Rhode_Island_(2006),Oregon_(1998),New_Mexico_(2007),New_Jersey_(2010),Nevada_(2000),Montana_(2004),Michigan_(2008),Massachusetts_(2012),Maine_(1999),Hawaii_(2000),Delaware_(2011),Connecticut_(2012),Colorado_(2000),California_(1996),Arizona_(2010),Alaska_(1998)
Most_recent_use_rates,0.0,24.873238821213324,24.898554713484696,24.90256576843809,0.0,0.0,19.902298296715568,24.87494778176104,29.792611410139507,24.897896243022764,29.80760922340504,24.900532166639376,24.90560494140736,25.91871636441001,0.0,23.86261325181503,23.84383918701664,0.0
Pre_law_current_use_rates,23.869023385195625,25.939606722646523,24.895323614241256,24.88386214466586,24.879908259240946,24.90447482233548,24.88623672186657,24.88699830165665,24.8748559021617,24.865048265374416,29.884986138431117,24.86379257751677,24.898831373167155,25.94084199281542,25.944961261519147,25.93128447271523,23.86924695888735,25.93734954715608
