index,10,Unnamed:_2,Unnamed:_3,Unnamed:_4,Unnamed:_5,Unnamed:_6,Unnamed:_7,Unnamed:_8,Unnamed:_9
AJJNNN_2020_Jan'_2019_compared_to,15.73823650659,23.54022858559484,23.54022858559484,23.54022858559484,23.54022858559484,23.54022858559484,23.54022858559484,23.54022858559484,23.54022858559484
March_1-17_2020_March_1-17_2019_compared_to,0.0,11.640540733691363,11.640540733691363,11.640540733691363,11.640540733691363,11.640540733691363,11.640540733691363,11.640540733691363,11.640540733691363
Feb'_2020_CO_h_1-17_2019,15.783629001227034,4.141075919698281,4.141075919698281,4.141075919698281,4.141075919698281,4.141075919698281,4.141075919698281,4.141075919698281,4.141075919698281
