index,Kief,Concentrates,Edibles,Resin_Jhash,High_potency,Normal_/weed_bush..
Preferred_method,0.0,0.0,0.0,10.093571773303708,19.83716877335909,0.0
Most_method_common,3.445458484800355,43.21522862009972,5.743116504990269,5.747947321430203,10.09251888354735,43.20569783768091
