index,MP3_jdownload_singles/tracks,Vinyl_singles,MP3_,Music_DVDs,CD_albums_,Music_streaming_subscription_gift_cards,Pre_paid_music_voucher,Vinyl_albums,Music_merchandise_items,Tickets_for_festivals,Tickets_for_music_gigs_concerts
It_$9_99_to,64.53278696901742,64.54514794169366,download_albums,0.0,singles,0.0,0.0,0.0,0.0,0.0,0.0
$10_$19.99_to,0.0,0.0,download_albums,44.719487143351245,singles,30.7098038435202,25.758647974236677,0.0,0.0,0.0,0.0
$20_$39_g9_to,30.72452620305668,44.69762145408717,download_albums,25.73535684643509,singles,25.778184550720603,25.73592164283675,25.7311504579961,25.755668000841283,25.718558187745863,25.75406505486325
$40_$99_g9_to,0.0,0.0,download_albums,0.0,singles,30.63297539585504,33.67475365463615,33.65543223868619,33.645771530711215,34.72915860935292,33.6577774885064
$100_or_more,0.0,0.0,download_albums,0.0,singles,0.0,38.65306278330592,0.0,0.0,40.80432386609054,40.78411491293798
