index,T-Mobile,Orange,Plus,Play
Voice_calls,39.6510216404311,49.36300231847159,49.364528884121405,29.504223271130325
Internet,24.704722676178623,29.47618898337543,24.69718798429273,39.4912147509858
