index,Fruit,Vegetables
Frozen,23.961869662316797,18.881492416374037
Shelf_stable,16.94694602158358,31.86327750110141
Fresh,4.927152680042099,9.941781509927935
