index,Unnamed:_1,at,Unnamed:_3,Unnamed:_4,Unnamed:_5,Unnamed:_6,Unnamed:_7,Unnamed:_8,Unnamed:_9,Unnamed:_10,Unnamed:_11,Unnamed:_12,Unnamed:_13,Unnamed:_14,Unnamed:_15,Unnamed:_16,Unnamed:_17
Facebook_fans,82.65931311690724,91.3637594815525,82.65931311690724,82.65931311690724,82.65931311690724,82.65931311690724,82.65931311690724,82.65931311690724,82.65931311690724,82.65931311690724,82.65931311690724,82.65931311690724,82.65931311690724,82.65931311690724,82.65931311690724,82.65931311690724,82.65931311690724
Twitter_followers,21.71898596564409,15.70205756079622,21.71898596564409,21.71898596564409,21.71898596564409,21.71898596564409,21.71898596564409,21.71898596564409,21.71898596564409,21.71898596564409,21.71898596564409,21.71898596564409,21.71898596564409,21.71898596564409,21.71898596564409,21.71898596564409,21.71898596564409
