index,Wood,Plastic,Glass,Paper,Steel,Aluminium
Waste_arising,1330.40766366445,1329.8474850725293,2254.223929521162,1330.839231238729,548.5370773922341,2255.290929763417
recycled_Recovered_or,0.0,0.0,0.0,0.0,0.0,6094.736704974641
