index,Other,Analog_mammography,Molecular_breast_imaging_(MBI),Digital_breast_tomosynthesis_(DBT),Full_field_digital_mammography,Magnetic_imaging_(MRI)_resonance,Computed_tomography_(CT),Ultrasound
2016,12.963125752757971,0.0,0.0,4.971107501100509,4.958473457111513,17.933198665537482,39.827333242462366,39.83705792577332
2025,13.959599661244948,13.967268575105972,13.979019978950706,4.9568221379555375,13.961436446557816,12.975147534976012,13.973574424440418,13.965058622947303
