index,More_concerned,About_as_concerned,Less_concerned,Don't_opinion_know/no
18_29_to_years,23.62726697417968,45.57807105072818,14.715723516018308,14.725603085279282
30_44_to_years,25.775936337609902,42.67937612845096,20.707952989557025,9.908570988144838
45_54_to_years,25.770783164475084,48.51094635253756,14.67952390795248,9.986486456359016
55_64_to_years,25.75980161875882,50.6014052429237,14.686530694662387,7.788126235543331
65_ooder_years_and,21.813987011328383,57.50445010578655,12.78637931622042,6.80383194795359
