index,It_varies_too_much_to_say,Never,Less_than_once_a_week,Once_twice_or_week,3-4_times_a_week,5-6_times_a_week,At_least_once_a_day
Men,0.0,5.871430219581981,7.871390792097685,14.875170723154952,14.898052029291094,8.895619458523171,45.61932534801079
Women,0.0,1.8755262865090288,0.0,5.87535578411935,9.845644262993162,9.882486526277772,70.4271290113587
