Unnamed:_0,index,Total,Male,Female
0,Hispanic,60.27447682561636,60.330196142779286,60.2728867427328
1,All_ethnicities_races,20.008198498602333,0.0,88.47076806472849
2,White_Hispanic)_(non-,60.3317979461755,60.33101462524638,88.4592311734382
