index,2019
Direct_Industries,3255.179840728673
Trade_Markets,2208.73441854986
