index,Unnamed:_1,at,Unnamed:_3,Unnamed:_4,Unnamed:_5,Unnamed:_6,Unnamed:_7,Unnamed:_8,Unnamed:_9,Unnamed:_10,Unnamed:_11,Unnamed:_12,Unnamed:_13,Unnamed:_14,Unnamed:_15,Unnamed:_16,Unnamed:_17
Facebook_fans,11.267092098652084,14.932083552152278,11.267092098652084,11.267092098652084,11.267092098652084,11.267092098652084,11.267092098652084,11.267092098652084,11.267092098652084,11.267092098652084,11.267092098652084,11.267092098652084,11.267092098652084,11.267092098652084,11.267092098652084,11.267092098652084,11.267092098652084
Twitter_followers,19.992394914640784,11.79630225300548,19.992394914640784,19.992394914640784,19.992394914640784,19.992394914640784,19.992394914640784,19.992394914640784,19.992394914640784,19.992394914640784,19.992394914640784,19.992394914640784,19.992394914640784,19.992394914640784,19.992394914640784,19.992394914640784,19.992394914640784
