index,Unnamed:_1,at,Unnamed:_3,Unnamed:_4,Unnamed:_5,Unnamed:_6,Unnamed:_7,Unnamed:_8,Unnamed:_9,Unnamed:_10,Unnamed:_11,Unnamed:_12,Unnamed:_13,Unnamed:_14,Unnamed:_15,Unnamed:_16,Unnamed:_17
Facebook_fans,27.795720444565237,30.35379944969605,27.795720444565237,27.795720444565237,27.795720444565237,27.795720444565237,27.795720444565237,27.795720444565237,27.795720444565237,27.795720444565237,27.795720444565237,27.795720444565237,27.795720444565237,27.795720444565237,27.795720444565237,27.795720444565237,27.795720444565237
Twitter_followers,29.05262316271626,16.604523145423684,29.05262316271626,29.05262316271626,29.05262316271626,29.05262316271626,29.05262316271626,29.05262316271626,29.05262316271626,29.05262316271626,29.05262316271626,29.05262316271626,29.05262316271626,29.05262316271626,29.05262316271626,29.05262316271626,29.05262316271626
