index,Army,Navy,Marine_Corps,Air_Force
Male,75702.53120288701,44029.573583269055,19484.079102500604,48839.64750581714
Female,15901.4661166547,10266.460965569711,1547.2629305697192,12960.28273289447
