index,Protestant/Christian,Catholic,No_religion,Highly_religious,Moderately_religious,Nonreligious
Obama,40.614755839583765,50.61364738869115,65.43055201904664,38.58615513328765,50.57936847323159,58.613038647701366
Romney,54.59139549957481,45.609842280136,24.575652823633057,56.6088945116596,44.60782176797058,33.61676260352106
