index,10-49_employees,50-249_employees,250-999_employees,1000+_employees
2012,18.381419257927973,16.876767288216087,39.32308364225781,96.27974908990154
2013,18.39032779534486,19.92860378320455,48.98800157064366,108.79574162774512
2014,20.90712667003669,21.44611602616189,39.8044187716132,126.69905795643176
2015,21.480630898051373,28.8281869778655,36.42719223687206,129.65933067645722
2016,25.963703877475183,28.003987369978177,34.53248338272243,140.6408619078478
2017,32.63028222018113,39.84724827842516,41.66564066203682,162.5843027459082
2018,43.65142217947138,51.90150446923048,53.45752900471305,181.5586194325353
