Unnamed:_0,index,Mobile_phone_smartphone_or,Tablet,PC
0,Never,60.15860331261541,99.40695667935732,0.0
1,Daily,19.45591511234221,70.93142582579817,97.52027137350468
2,A_few_times_a_year,0.0,0.0,28.77888756140034
3,Weekly,7.7533067531923905,19.62336568457289,28.549603275931645
4,Monthly,11.29497267059925,22.459538173048077,10.884517367602191
