index,Medicines_Innovative,Sandoz
Established_markets,75.50863263062988,72.4806545002193
Emerging_markets_arowth,23.864530296716524,26.54083168029581
