index,Branded_hotel_mobile_site,Branded_hotel_app,Branded_airline_mobile_site,Travel_aggregator_mobile_site,Branded_airline_app,Travel_aggregator_app
Business_travel,4.894092009475791,14.88826019074845,9.87537612865627,14.93654737950638,9.887239791411456,9.880783569381205
Leisure_travel,4.930203333827087,11.94422699952318,8.888597260410233,9.894982662671923,11.943578268818868,0.0
