index,Yes,No,Don't_opinion_know/no
18_34_to_years,43.4407401305476,31.516442192858243,23.581883367400387
35_44_to_years,53.41079306979188,23.61500864253369,21.70292366316904
45_64_to_years,47.3690289962986,25.693864440851627,26.56159405690601
65_folder_years_and,61.33989035756461,14.67135602303415,22.59530967403473
