index,United_Canada_Stat,Canada,France,United_Australia_the,Australia,Germany,Japan,Russia
Agree,20.836670578788656,14.996509661126154,16.015132603739296,16.054981793586123,19.003630774022163,19.782279663700805,15.040340712866012,32.84943584717025
Disagree,45.607680560670616,50.433326502644135,41.6292464316814,54.43705997583942,49.43308432366385,41.62714850252664,48.42056410028597,32.60567100057177
