index,Enfagrow,Mewatch,Nissin,L'Oreal,Ninja_Van,Shopee,Q0010,Dettol,KFC,McDonald's
COVID-19_Worriers,5.925006944226077,5.926728260641703,5.927124605620371,16.77893220076937,16.782856343616032,18.8542420049684,18.85599116379988,18.857984353217404,5.928485608419024,54.541667976898005
COVID-19_Relaxers,0.0,0.0,0.0,12.823727044747024,12.80212624340954,0.0,0.0,0.0,0.0,0.0
