index,At_home,At_work,At_school_library_or,At_another_place,Using_cellphone_a_or_smartphone,Using_WIFI_or_wireless,Using_WIFI_or_wireless.1
2013,179.41006595588146,90.091424570685,26.712902000547416,64.11649337044065,129.2742394173261,67.42918300249707,67.42918300249707
2014,186.04749367003424,96.0932350735428,30.17622961162189,76.22424093794143,150.41288912384732,68.29535138185108,68.29535138185108
2015,192.86417281437429,100.22294162066537,31.79670084707982,88.39874028342976,164.05371460444266,72.67560357105191,72.67560357105191
2076,197.05686519000895,106.7971246781634,30.220644520899384,92.11463239609506,177.70498380059362,71.78479475251825,71.78479475251825
2017,203.47071715454692,109.06266035212276,31.915865323952545,102.01408413338191,187.47886506447733,71.99928563432633,71.99928563432633
