index,Humanities_fand_Liberal_Arts,Arts,Education,Health,Communications_and_lournalism,Biology_and_Life_Science,Psychology_and_Social_Work,Computers_and_Mathematics,Agricultural_and_Natural_Resources,Industrial_and_Consumer_Services,Business,Law_aland_Public_Policy,Engineering,Physical_Sciences,Social_Science
Female_income_median,434.41090821164624,506.10584880777577,485.5859028675757,506.14223521152593,708.7479806421996,485.5950724749412,607.7414848222556,708.5772040056584,607.8750573830525,607.7326072406024,607.7439962433812,909.428926198094,1038.8957222905565,800.8921385510151,607.6931837694444
Male_income_median,505.92911484670407,485.2364649002615,485.446197766821,485.56440977515183,708.7263707394909,708.2170194921322,907.6662589987724,607.7866319973741,607.8421752878498,607.6490294817479,607.8995291377414,607.6873432551988,708.8943439291943,607.8052632378176,800.3781148922601
