index,Games,Entertainment,Social_Networking,Utilities_/Tools,Music,Other
Android,50.44690990317133,1.844770186071159,16.634740878324273,13.787588069994158,0.9147273217783648,14.752821774850752
ios,48.48577595578456,23.63162574988309,13.786491765134684,3.787995093626684,2.9330409308282768,6.907189680444176
