index,"Laptop,_notebook_or_Chromebook",Smartphone,Tablet,Hybrid_2_in_or_computer,None_of_these
Total,47.70489909903896,19.85360235470868,24.705732119227044,2.93426390409752,21.892221328546967
Elementary,41.82275010076278,4.79862122776624,29.79198039513367,3.8483537173839935,29.790518931020834
Middle_School,46.78093794268777,13.784408919955766,27.684856367723324,2.929985747853649,24.697060956907265
High_School,51.79516388891581,30.751961330061548,19.85147189032415,2.9287970520919373,16.833671960885013
