index,Total,16-24_years,25-34_years,35-44_years,45-54_years,55._64_years,65_years_and_older
2017,29.45430414213149,69.55144248141828,47.67963018384207,41.724505155176985,28.610633575423137,10.719702554125206,5.740325291434715
2018,36.73207297336885,72.39591549112508,59.5285593665165,44.54012746213734,29.48652601272616,19.893824925369344,12.64644435501883
2019,43.59103388728004,82.36483604532884,67.3957477683621,55.45703856035853,38.57211941526473,25.704534089442674,16.78353580833239
