index,Don't_know/no_opinion,Video,Voice,Text
Male,11.02443810664878,11.041359092293211,5.92216187384691,5.935647712323345
Female,0.0,30.076745486642537,30.072148041707383,38.24068718865247
