index,April_2020,June_2020,July_2020,August_2020,2020_September,2020_October,2020_November
S7_Airlines,0.0,65.89267493658122,131.9855359407111,156.63653294660605,140.18002532805417,115.34305552857666,88.40530066680788
Aeroflot,12.08469405690903,50.64170563077789,100.6078069723689,145.651756784351,129.82082273062582,105.2430398781828,81.82701845467284
Pobeda,0.0,44.84117377006612,103.06152341976428,118.67003552844716,114.25728773778218,105.96583223693716,87.73291805305314
Rossiya,0.0,18.916541076598666,75.83157523030638,100.01347102521451,85.30219552442952,52.07743581167034,30.00700082705464
Ural_Airlines,40.74029679526996,14.875612532885953,65.0843502536043,89.55422277159157,85.6309011736848,53.95791512748755,25.865884494407798
