index,All_patients,underlying_Patients_with_health_conditions,Patients_underlying_health_without
Male,15.475425724806255,50.89024544562141,8.588625699828611
Female,12.284029762490311,39.58142464996264,6.700913444620866
