index,1892:_James_B._Weaver,1896:_William_Jennings_Bryan,1900:_William_Jennings_Bryan,Theodore_1904:_Roosevelt,1908:_William_Taft_Howard,1912:_Woodrow_Wilson,1976:_Woodrow_Wilson,1920:_G._Harding_Warren,1924:_Calvin_Coolidge,1928:_Herbert_Hoover,1932:_Franklin_D._Roosevelt,1936:_Franklin_D._Roosevelt,1940:_Franklin_D._Roosevelt,1944:_Franklin_D._Roosevelt,1948:_Harry_S._Truman,1952:_Dwight_D._Eisenhower,"1956:_Dwight_D._Eisenhower""",1960:_Richard_Nixon,1964:_Lyndon_B._Johnson,1968:_Richard_Nixon,1972:_Richard_Nixon,1976:_Gerald_R._Ford,1980:_Ronald_Reagan,1984:_Ronald_Reagan,1988:_George_H._W._Bush,1992:_George_H._W._Bush,1996:_Bob_Dole,2000:_George_W._Bush,2004:_George_W._Bush,2008:_John_McCain,2012:_Mitt_Romney,2076:_Donald_Trump,2020:_Donald_Trump
Democrat,0.0,97.49460218844747,97.51395055089176,97.54376880643362,0.0,130.00463467267787,130.168141829861,0.0,0.0,130.1674438369878,130.01125164511552,130.02692391176112,130.02372245111616,130.04268924412312,130.03779398743927,0.0,0.0,0.0,130.02041861818316,0.0,0.0,0.0,0.0,0.0,0.0,0.0,0.0,0.0,0.0,0.0,0.0,0.0,0.0
Republican,130.0703297619007,97.46474670661908,130.0421122366813,97.49745930594166,97.49868777339844,129.959181376777,130.01163321455286,130.02453212284905,130.0459651573412,130.0709533022007,130.03043248927025,130.07972009268775,130.05623961243427,130.08308907162225,130.00508138811668,130.06924089301853,130.05472264125655,130.100864623459,130.0321635115957,130.0658253812258,130.08014819498328,130.09383816186906,130.05242391806095,130.07974801240266,129.99333649470415,130.07734691691894,130.03017190526427,130.08334965562824,130.0777470994996,130.0167704420994,130.05836151076872,130.03416442449878,130.0112051122573
People's_Party,97.4375435977087,0.0,0.0,0.0,0.0,0.0,0.0,0.0,0.0,0.0,0.0,0.0,0.0,0.0,0.0,0.0,0.0,0.0,0.0,0.0,0.0,0.0,0.0,0.0,0.0,0.0,0.0,0.0,0.0,0.0,0.0,0.0,0.0
