index,Property_crime,Burglary,Larceny-theft,vehicle_theft_Motor
Northeast,10.938408995519396,8.487835334374083,11.976512184920937,6.927685219182749
Midwest,18.74194621146472,18.734642022948407,19.18268953970231,17.794464063453887
South,42.5772319728024,45.05732314871658,42.323801183180336,38.78951305123452
West,26.44543445865713,26.453383134395462,25.429354318328336,35.33685382943872
