index,Unnamed:_1,Unnamed:_2,Unnamed:_3,Unnamed:_4,Unnamed:_5,Unnamed:_6,Unnamed:_7,Unnamed:_8,Unnamed:_9,Unnamed:_10,Unnamed:_11
Transfers,412.0046550364905,412.0046550364905,412.0046550364905,412.0046550364905,412.0046550364905,412.0046550364905,412.0046550364905,412.0046550364905,412.0046550364905,412.0046550364905,412.0046550364905
Payroll_costs_for_Match_operations,996.9530923040344,996.9530923040344,996.9530923040344,996.9530923040344,996.9530923040344,996.9530923040344,996.9530923040344,996.9530923040344,996.9530923040344,996.9530923040344,996.9530923040344
Commercial_5_academies,194.4159027614596,194.4159027614596,194.4159027614596,194.4159027614596,194.4159027614596,194.4159027614596,194.4159027614596,194.4159027614596,194.4159027614596,194.4159027614596,194.4159027614596
Other,217.40299574122585,217.40299574122585,217.40299574122585,217.40299574122585,217.40299574122585,217.40299574122585,217.40299574122585,217.40299574122585,217.40299574122585,217.40299574122585,217.40299574122585
Match_operations,347.8452381117904,347.8452381117904,347.8452381117904,347.8452381117904,347.8452381117904,347.8452381117904,347.8452381117904,347.8452381117904,347.8452381117904,347.8452381117904,347.8452381117904
Youth_academies_amateurs,163.1701521507298,163.1701521507298,163.1701521507298,163.1701521507298,163.1701521507298,163.1701521507298,163.1701521507298,163.1701521507298,163.1701521507298,163.1701521507298,163.1701521507298
