index,Asia,Europe,North_America,Centra_South_America,Africa,Oceania
TV(I_TV_reach)_minute_audience,1027.59292939552,555.1826556508396,232.12185292375105,180.27632950652853,35.54074801025604,0.0
Digital_(Unique_visitors),148.6341270330853,87.03514967698311,62.6708416420031,0.0,0.0,0.0
