index,Energy_storage,Batteries_(traditional_markets),E-bikes,Non_-battery_demand,Electric_vehicles
2015,24.81170824323612,24.8253172301039,29.818020146616732,29.80135435894731,13.859520067506985
2025,0.0,29.82086809767417,13.85956858815463,13.848579716259692,59.803556774431726
