index,Public_two-year_commuter,Public_four-year_in-state_on-_campus,Public_four-year_out-of-_state_on-_campus,Private_Nonprofit_four-year_on-_campus
Tuition_and_fees,3661.6070349837246,10472.302204351989,26797.95465312255,37566.73820423204
Room_and_board,9020.999664239724,11502.366875905813,11543.417339270583,12815.75982792156
Books_and_supplies,1726.1856783770272,0.0,0.0,1450.3040996554482
Transportation,1728.8620534904112,2592.9706671714303,2625.021299196378,0.0
Other_expenses,2088.002472526852,1953.7122310862687,1909.6109774368088,1869.576288564538
