index,Unnamed:_1,for,for.1,Unnamed:_4,for.2,Unnamed:_6,Unnamed:_7,Unnamed:_8,too,floo,20,20.1,20.2,the_not,20.3,the_20,to_20,20.4,Unnamed:_19,Unnamed:_20
Spirits_duties,2648.672460479338,1886.7570401019457,1886.7570401019457,2648.672460479338,1886.7570401019457,2648.672460479338,2648.672460479338,2648.672460479338,2344.9680323915763,2352.861231545585,3383.1317565966983,3383.1317565966983,3383.1317565966983,2941.943227276757,3383.1317565966983,2974.0444643132632,3135.8535284635,3383.1317565966983,2648.672460479338,2648.672460479338
Beer_duties,3247.6444920108315,2856.0519183602064,2856.0519183602064,3247.6444920108315,2856.0519183602064,3247.6444920108315,3247.6444920108315,3247.6444920108315,3098.435998576248,3109.2857307723607,3279.394194687169,3279.394194687169,3279.394194687169,3359.503788371152,3279.394194687169,3317.539848659524,3213.1895691935024,3279.394194687169,3247.6444920108315,3247.6444920108315
Wines_duties,2220.2401488379783,1987.2708117452255,1987.2708117452255,2220.2401488379783,1987.2708117452255,2220.2401488379783,2220.2401488379783,2220.2401488379783,2656.0744226332845,2808.4755769415315,3126.6354319909315,3126.6354319909315,3126.6354319909315,3582.0212420900957,3126.6354319909315,3832.9173130444615,4159.663565672996,3126.6354319909315,2220.2401488379783,2220.2401488379783
Cider_duties,0.0,0.0,0.0,0.0,0.0,0.0,0.0,0.0,0.0,0.0,0.0,0.0,0.0,0.0,0.0,293.95789119472465,246.77939859835715,0.0,0.0,0.0
