index,Primarily_straight_friends,Equal_of_LGBT_and_straight_mix,Primarily_gay_lesbian_with_few_straight_or_friends,Almost_exclusively_gay_lesbian_or
Lesbian_women,14.754587992147336,29.92813688492033,29.949872806119664,5.575769463844559
Gay_men,16.839083225333404,48.49344374474443,30.42106108813365,6.668906866675208
