index,White,Asian,Hispanic,Other/not_disclosed,Two_or_more_races,Black
2014,49.70998540262874,38.79961194209322,3.847099674662146,1.9578126930406583,1.9228065523299165,1.920803413600943
2015,46.71519255888489,42.79291778536082,3.8440289605647138,2.918619045343682,1.9088706760148424,1.9231968487011808
2016,44.64730767966942,43.77037486962021,3.8318953351404583,2.834510177336604,1.895950718195543,1.89472243255657
