index,Unnamed:_1,Unnamed:_2,Unnamed:_3,>,Unnamed:_5,Unnamed:_6,Unnamed:_7,Unnamed:_8
Most_active,5.971747079862595,5.971747079862595,5.971747079862595,15.05556123857474,5.971747079862595,5.971747079862595,5.971747079862595,5.971747079862595
2nd_active_most,8.031364773626265,8.031364773626265,8.031364773626265,12.674933056703791,8.031364773626265,8.031364773626265,8.031364773626265,8.031364773626265
3rd_active_most,5.366799222135796,5.366799222135796,5.366799222135796,14.64674238279001,5.366799222135796,5.366799222135796,5.366799222135796,5.366799222135796
