index,Wyoming,Wisconsin,West_Virginia,Washington,Virginia,Vermont,Utah,Texas,Tennessee,South_Dakota,South_Carolina,Rhode_Island,Pennsylvania,Oregon,Oklahoma,Ohio,North_Dakota,North_Carolina,New_York,New_Mexico,New_Jersey,New_Hampshire,Nevada,Nebraska,Montana,Missouri,Mississippi,Minnesota,Michigan,Massachusetts,Maryland,Maine,Louisiana,Kentucky,Kansas,Iowa,Indiana,Illinois,Idaho,Hawaii,Georgia,Florida,District_of_Columbia,Delaware,Connecticut,Colorado,California,Arkansas,Arizona,Alaska,Alabama
2019,0.0,0.0,0.0,0.0,0.0,0.0,0.0,398.0438740619032,0.0,0.0,0.0,0.0,992.3984903831551,992.5084935135708,0.0,0.0,0.0,0.0,409.61547423054,409.6021521469662,0.0,0.0,0.0,0.0,0.0,0.0,0.0,0.0,188.7841213921413,0.0,188.68321894433177,0.0,0.0,0.0,992.3626632983176,992.3753823246104,992.3753823246104,992.446872024118,0.0,0.0,0.0,0.0,0.0,0.0,0.0,0.0,687.2790274769345,0.0,891.9003650689488,0.0,94.6873942936528
2025,398.4223199175018,409.5498506336761,398.22188560661255,398.2933204827309,188.7961277143745,409.6112254178776,991.981037686146,398.36417971326273,398.2754480578541,398.2290126472077,992.5960738778064,992.4863722760316,992.5062731663083,992.4947054311888,992.4357154644172,992.457123997897,409.6838938202527,409.7148416234521,409.7259981831529,409.6716682044628,409.791676603406,409.6091147173937,409.7429111987189,409.6835648799176,409.74696812951913,409.6493550850612,188.82181247221135,188.87383986855536,188.96147505618023,188.74725266290895,188.91758893313136,188.8258145796225,992.5600823228012,992.4121962304534,992.493471904932,992.5086305720438,992.5822309720352,992.554874100828,992.5934697668196,992.485659571972,992.6693727491572,992.4552874143592,992.6248561571326,992.5589036199336,992.5336300375156,992.4405125109716,837.090435018111,836.9827070583469,892.0301868545574,198.487038928444,108.35248040200896
