index,I_Om+_fans,Im-1_Om_fans,100k_Im_fans_to,10k-100k_fans,1k-10k_fans,1-1k_fans
Image_posts,385594.8351387696,35503.35183722188,234524.1864059544,35361.045807645016,86164.02339064947,35101.80326834018
Video_posts,207359.7311835156,207329.66316163997,3276.123193049396,56610.397820851504,0.0,0.0
