index,Telecom,Desktops_/laptops,Enterprise_software_(non-_SaaS),Networking,Enterprise_software_(Saas),"Servers_""storage",Web_apps,Security,IT_services,Data_&_analytics,Cloud_computing,Mobile_apps,IOT_devices
Addition_(not_replacing_existing_technology_Upgrade_of_existing,0.0,0.0,0.0,0.0,99.46106394147964,99.44628636805356,99.5581622364368,99.44863004447144,100.40583568126875,99.90043390869008,99.9747744485242,100.41472120837328,99.44885638082332
Upgrade_of_existing_technology,0.0,0.0,0.0,99.44815546824977,0.0,0.0,0.0,0.0,0.0,0.0,0.0,0.0,0.0
Replacement_of_existing_of_existing_technology,62.51114341474384,99.44623525984508,99.53896015239008,99.4640063140541,99.44821387763088,99.51193851244447,99.5146399463218,99.45707750121748,62.478667798835176,99.58127044784663,99.98746388657482,100.387224992206,99.44589210473094
