index,Last_week_of_November_1st_week_of_December,week_1st_of_December,2nd_of_week_December,3rd_week_of_December,4th_week_of_December
2008,91.26012511222852,93.90409108027312,93.06543643255932,91.84353941282036,66.95561448643076
2009,68.19562216982524,74.6237076633405,71.85231244740595,72.67252913031379,69.20657359812995
2010,77.29346223452723,65.53032707681274,66.0834660209924,76.60678442098347,84.69836437386985
