index,Did_drink_last_week_not,Up_including_3/4_to_and,More_than_3/4_up_to_and_incl._6/8,6/8_More_than
Men,40.80459978529347,25.896871789115583,14.878627489919444,18.943505702962437
Women,49.86595232133452,22.880348595917123,13.822553396018437,11.968427202684694
