index,Restaurants,Attractions,Vacation_Activities,Hotels,Travel_Destinations
Asia_Pacific,23.789208157184127,33.65263126221533,34.7104268931224,35.75501959695512,43.663299373180095
EMEA,10.804895295226288,9.940573151100118,12.921735729008098,13.804056891120986,13.817756751569329
USA,16.772627450873124,15.885469166651845,15.900208484065992,17.854155069655015,17.85010665831454
Worldwide,16.793589833016703,20.8146516018351,21.862857330428326,22.766546627623207,26.78910603509626
