index,Spain,France,Jordan,Germany,Egypt,Canada,Lebanon,Australia,Britain,Czech_Republic,Japan,Argentina,Chile,Italy,Greece,United_States,Russia,Poland,Palestinian_ter.,Israel,Venezuela,Brazil,China,South_Korea,Turkey,Senegal,Mexico,South_Africa,Malaysia,Tunisia,El_Salvador,Bolivia,India,Indonesia,Kenya,Nigeria,Philippines,Pakistan,Uganda,Ghana
Not_a_moral_issue,0.0,0.0,0.0,0.0,0.0,0.0,0.0,0.0,0.0,0.0,0.0,0.0,0.0,0.0,0.0,0.0,0.0,0.0,0.0,0.0,89.85043569009147,89.8444696464712,0.0,0.0,0.0,0.0,0.0,0.0,0.0,40.04942646956805,40.031549452107264,0.0,0.0,0.0,0.0,0.0,0.0,0.0,0.0,0.0
Acceptable,0.0,0.0,0.0,0.0,0.0,0.0,0.0,0.0,0.0,0.0,0.0,59.648371402804464,89.83544517604051,59.65331797082128,89.79622552730716,89.82974757422113,89.81541760797242,59.653601493622254,59.64108124737968,59.62340933151959,89.77962436245073,89.86083554772684,89.8482067182839,89.84504272447315,79.66236958705205,79.70634879940158,59.68577228293163,59.72874408447773,59.72186714845436,50.04950489076832,50.01399516804759,39.93838808239053,39.948477271424814,29.94098804679936,29.953948658243437,29.987618498957914,29.93802312218928,39.9665593904863,59.69597910376633,0.0
Unacceptable,0.0,0.0,0.0,0.0,0.0,0.0,0.0,0.0,0.0,0.0,0.0,0.0,0.0,0.0,0.0,0.0,0.0,0.0,0.0,0.0,0.0,0.0,0.0,0.0,0.0,0.0,0.0,0.0,70.01048431123564,69.96621855988514,70.0256497648872,70.01725568025867,0.0,39.90073384146249,39.98177611953804,39.92648012475004,39.95710360345415,39.945934614816174,39.92465833994383,39.922308720135845
