index,Leaders_(Directors_and_above),Tech,Non-tech
Male,68.70077288991187,75.43451913458844,50.83168870287281
Female,30.483740690096468,23.81403448123811,48.07784752557984
