index,Travel_agents,Booking_directly,With_agencies_online_travel,With_travel_search_sites
Satisfied,38.81010384690373,90.62804284600658,50.74993957751779,69.46299027531343
Not_satisfied,4.65986387193648,0.0,3.91356502672663,4.997848036631126
Have_not_used,54.88140727578987,7.549841853197705,44.49918963794028,24.72492529661713
