index,Mountain_Dew,Mirinda,Lucozade,Appletiser,Dr_Pepper,Lilt,Kristal,Uludag_Efsane,Magnum,7-Up,Sprite,Yedigun,Uludag,Camlica,Fruko,Fanta,Pepsi_Cola,Cola_Turka,Coca_Cola
2012,0.0,0.0,0.0,0.0,0.0,0.0,0.0,0.0,0.0,89.05296535106005,9.918090227006246,9.945303767908284,39.78829617101907,9.946299623972578,0.0,0.0,39.777887395349474,39.77793633176541,79.88647730231155
2013,0.0,0.0,0.0,0.0,0.0,0.0,0.0,0.0,0.0,0.0,0.0,9.91817097209254,0.0,9.952416675964583,39.82049388588419,0.0,0.0,39.79735430160883,0.0
