index,Yearly_wage_including_bonuses,Yearly_excluding_wage_special_payments,Bonuses_and_allowances,Additional_liability_for_tax
Private_companies,339.41472278239314,295.8785622157153,42.75091373234716,0.0
Subsidized_corporations,287.8166994825907,251.93879259243815,36.48528645173974,0.0
Government,436.3097545210017,370.66791377107097,64.54956793194145,0.0
