index,Other,Gumout,Mighty,ITW_Professional_Automotive_Products,Valvoline,Solid_Start,Lucas_Oil
2015,18.99911710218448,10.87068134394722,19.754321143929864,10.837359713587633,19.73464104113476,19.74685751271206,19.722997776434987
2016,21.025916912070866,21.037369107811458,10.851960566551304,10.839628657477846,10.837586607976649,21.025646231045364,39.92252949826088
