Unnamed:_0,index,Outerwear_//jackets_jcoats,Tobacco_and_smoking_products,Luxury/fashion,Toys_and_games,Mobile_electronics,Cars_automobiles,Nonmobile_electronics_and_consumer_appliances,Home_furniture_and_decor,"Vitamins,_minerals,_herbs,_or_supplements",Fresh_and_organic_goods
0,Somewhat_less,28.255808576099767,32.33407468693905,32.34926187840064,0.0,0.0,0.0,0.0,22.320088325099164,0.0,0.0
1,About_the_same,98.36701938931787,39.182060149516886,39.27919910493502,39.18014037659416,39.379050613997,98.42594165056168,39.29555992275829,39.35860153480792,98.38128166993818,98.37179161836468
2,Somewhat_more,0.0,0.0,0.0,0.0,19.53198734193448,19.591399261858967,0.0,0.0,0.0,23.38986041230038
