index,"Production,_and_material_transportation,_moving","Natural_resources,_construction,_and_maintenance",Office_and_administrative_support,Sales_and_related,Service,Professional_and_related,"Management,_business_and_financial_operations"
Women,5.986314300317535,18.82328514690131,18.82740680241633,18.817037410015267,15.9461631587115,15.953146481786174,15.94471334206229
Men,14.877679135406233,14.885170250236929,19.851985821694857,8.898967474277026,34.64965690836448,19.844561146907,19.847214002903428
