Unnamed:_0,index,1980,200,boot,1990,1993,eoro,20,>ollows,stating,ecco,and,FORES,coll,ecos,nothere
0,Not_at_all,13.117499842765028,20.33877691892105,18.28187778017808,17.284144698368628,17.274855138732036,29.07855713372161,20.38335742967495,19.25293365309003,24.111154581319397,12.983004363905415,25.12187273303298,20.12115199133704,29.12080158195966,17.96259506856422,17.01927896141317
1,Only_little_a,19.25771906543436,27.101720873343613,30.275320398005675,21.07463661141241,24.096181123755454,20.29085247921471,21.41743230008793,21.10118100070199,23.07315371955453,16.014522066219953,20.263483827064185,18.044661960425227,21.089516313958992,16.96248685964835,17.01927896141317
2,Fair_amount,29.116813087262877,25.978543578308685,27.115225502302277,28.157386742962416,29.14143159223756,25.02816068672425,26.11643377008848,21.10118100070199,24.111154581319397,41.09854609406832,23.077517234320744,28.1900603665118,27.18296350234368,30.14332309971276,22.35786153399616
3,Great_deal,36.15331660327135,27.101720873343613,24.99360024345053,31.002064368288465,29.14143159223756,29.07855713372161,36.11069127527528,43.99961345587635,31.04107036196859,41.09854609406832,35.12561902726826,37.94877010996292,26.07732230201382,37.969909913147696,46.08251691594433
