index,Bahrain,Kuwait,Qatar,Saudi_Arabia,UAE
Women_who_business_own_a,2.861474361853446,1.8432056684362903,5.85050674675032,1.84701832585651,1.8610534032418684
Men_who_business_own_a,10.926808423536444,6.913065453541904,17.08480170734226,9.938660794710152,6.893263196322877
planning_business_12_Women_to_start_a_next_months,3.908766374396393,3.906174624127601,32.1460461986179,1.824415478987511,3.916054333313412
Men_planning_12_to_start_a_business_next_months,6.864250586908945,10.926246163664082,40.21340975069732,4.970816369874889,7.957037455409953
