index,Unnamed:_1,5,,a,5.1,o,Unnamed:_7,Unnamed:_8,Unnamed:_9,Unnamed:_10,Unnamed:_11,Unnamed:_12,<6,Unnamed:_14,6,of
Undergraduate,1336766.032824216,735167.3610040182,o,714216.1962288287,735167.3610040182,813961.9523067349,1336766.032824216,1336766.032824216,1336766.032824216,1336766.032824216,1336766.032824216,1336766.032824216,1283231.3625814712,1336766.032824216,1262433.595347492,1303276.5326970993
Graduate,782723.048240822,825200.0827509821,o,796179.0131955566,825200.0827509821,849048.042211574,782723.048240822,782723.048240822,782723.048240822,782723.048240822,782723.048240822,782723.048240822,1150274.579557547,782723.048240822,1130678.1202136625,1122492.3252750463
Non_degree,216037.319999008,138312.5311094399,o,109589.68352035827,138312.5311094399,158431.797442578,216037.319999008,216037.319999008,216037.319999008,216037.319999008,216037.319999008,216037.319999008,191780.22388284383,216037.319999008,188322.19627720595,174744.44714679045
