index,Unnamed:_1,at,Unnamed:_3,Unnamed:_4,Unnamed:_5,Unnamed:_6,Unnamed:_7,Unnamed:_8,Unnamed:_9,Unnamed:_10,Unnamed:_11,Unnamed:_12,Unnamed:_13,Unnamed:_14,Unnamed:_15,Unnamed:_16,Unnamed:_17
Facebook_fans,33.075751626321335,26.69416277946948,33.075751626321335,33.075751626321335,33.075751626321335,33.075751626321335,33.075751626321335,33.075751626321335,33.075751626321335,33.075751626321335,33.075751626321335,33.075751626321335,33.075751626321335,33.075751626321335,33.075751626321335,33.075751626321335,33.075751626321335
Twitter_followers,43.01595072048352,12.634682103479577,43.01595072048352,43.01595072048352,43.01595072048352,43.01595072048352,43.01595072048352,43.01595072048352,43.01595072048352,43.01595072048352,43.01595072048352,43.01595072048352,43.01595072048352,43.01595072048352,43.01595072048352,43.01595072048352,43.01595072048352
