index,Eaten_leisure_facility_(e._g._cinema)_at_a,Eaten_food_from_work_a_canteen,Bought_takeaway_food_or_drink_from_a_cafe)._coffee_shop_lsandwich_bar,Eaten_fast_food,Eaten_in_pub_a,Eaten_in_cafe_jcoffee_shop_a,Italian_chinese_pizza_fish_and_chips),Eaten_takeaway_food_(e._g._nese)_pizza_fish_and_chips),Eaten_takeaway_food_(e._g._Italian)_chinese_pizza_fish_and_chips),Eaten_in_a_restaurant
2010,6.906996746914984,19.892543166647624,21.89927697397856,21.89584390744045,21.894786689510592,19.8840252751427,0.0,0.0,0.0,0.0
2012,0.0,6.9164978279608,19.883400660610835,21.904047178292284,19.87686071512349,39.8757225286432,39.86996450801426,0.0,39.8707603131956,0.0
2014,0.0,8.923742893853007,8.922003226712405,21.899811366411377,19.849738564117608,39.85539942248603,39.8808443678045,19.85496913247519,39.86738508133638,39.85215142692033
