index,19-30_years,31-50_years,51-70_years,70_older_years_and
Men,35.68700849671259,43.70541008590348,57.475385892411126,65.5133345567342
Women,42.52984260845466,54.48078765144285,71.44347062191936,74.38261713692988
