index,Mexico,Belgium,United_States,Netherlands,Slovenia,Denmark,Switzerland,Korea,Poland,South_Africa,France,Italy,Sweden,Ireland,Czech_Republic,Finland,Germany,Norway,Spain,Slovak_Republic,Portugal,Estonia,Austria,Israel
Small_firms,0.0,0.0,0.0,0.0,0.0,0.0,0.0,0.0,0.0,0.0,0.0,0.0,0.0,0.0,39.80922028708312,49.6950190051193,39.764881754276,0.0,0.0,0.0,0.0,0.0,99.4829850121478,99.52252167346812
Medium_and_large_firms,99.52449041186816,99.58056042841598,99.54490920675744,49.745772560701326,99.55607117292868,99.5597744826063,99.53651388177394,99.52783235252964,29.717100097482916,39.80156215489259,99.54058145141988,99.52182495400496,99.54226687651126,99.52558608272518,99.52811855679045,99.53495854952835,99.5261700550553,99.52453955805436,99.50631788678338,99.52563522891138,99.54196910844192,99.52187988209542,99.50088578773244,99.47512451330822
