index,Very_liberal,Somewhat_liberal,Moderate,Somewhat,Very_conservative
Think_millions_of_people_illegally_voted,7.79561896972001,9.038150979478104,18.71075342929349,47.62447127058077,68.63220666420713
Do_think_millions_of_peple_illegally_not_voted,80.18294848218788,83.3415973372152,57.73478589139705,24.826038845465614,17.45190194827913
Not_sure,10.069292510703292,6.44281881299591,22.32688967441612,26.34876050666506,14.06774767225592
