Unnamed:_0,index,Unnamed:_2,manyous,abressing,COLLED,Marting
0,55_and_folder_years,27.941670977678875,9.415650952278824,36.21717101107528,9.368461655938145,20.294992969147003
1,18_34_to_years,12.073427249423954,8.250131678092462,14.194494558616324,8.282112404199566,11.289634166740914
2,35_54_to_years,17.33026086407358,6.228110241239428,22.1742116130041,7.066722730367992,16.17531809635561
