index,10_Toys,Toys,Baby
Sales_value,33.59291702677205,0.0,9.758503315679992
Number_of_orders,0.0,12.703470607525052,12.707491922541692
Value_of_shopping_basket,0.0,17.74178710946773,2.983820291344045
