index,Anorexia_nervosa,Bulimia_Nervosa,of_eating_One_more_disorders
Male,0.0,0.0992341850474327,0.0989283931956714
Female,0.0988941075633842,0.0988827986004674,0.098903543087832
