Unnamed:_0,index,PC_Gamers,Smartphone_/tablet_gamers,PS4_/Xbox_One_gamers,Console_gamers,All_gamers,Overall
0,Somewhat_interested,51.07500172802007,51.08127386634371,63.98557973880114,63.98003239661976,49.10678775122804,51.077628672086846
1,Not_all_at_interested,20.62584555867022,0.0,6.668067939208342,93.08727270348784,6.607552764717212,99.13520859898142
2,Very_interested,0.0,0.0,71.82144982916908,0.0,0.0,0.0
3,Not_interested_very,42.73748078185351,0.0,0.0,0.0,0.0,0.0
