index,mHealth_Familarity_with_term,Engage_mHealth_in,Currently_use_one_or_more_apps
Patients_with_conditions_poorly_managed,61.543703307056006,81.44645586886077,71.54202253781558
Healthcare_spendings_>30_of_income,73.27554558294072,78.47618313497442,67.27779010544603
Survey_average,48.44096451980514,63.37915805091888,46.66229560238245
