index,for_a_a,a,Unnamed:_3,the_of,Unnamed:_5,are_>,Unnamed:_7,is_>,is,is.1,is_Ok,Unnamed:_12,to_>,Unnamed:_14,to_a_a,to,to_a,to_>_a,o_a,Unnamed:_20,Unnamed:_21,Unnamed:_22,Unnamed:_23,Unnamed:_24,the_>_a,the_a,is_2_of,is.2,the_&_for,th_of,s,to_of,of,19,to_2,to_of.1,to_>.1,the_a.1,.20_`20_to_>_of_&,.20_to_In_or_OB,no_to_of
North_America,0.0,25.957633046540707,79.02581309684658,0.0,79.02581309684658,0.0,79.02581309684658,0.0,79.07961790076726,79.07961790076726,43.184915633891336,79.02581309684658,0.0,79.02581309684658,0.0,60.27731929379212,64.29436305884857,0.0,67.47407139747779,79.02581309684658,79.02581309684658,79.02581309684658,79.02581309684658,79.02581309684658,0.0,85.71589595859291,0.0,79.07961790076726,0.0,78.07910685786698,77.853966188979,83.65299688061293,79.13650481293217,81.59872770571675,0.0,83.65299688061293,0.0,85.71589595859291,87.45708164269911,89.36044492727547,89.37538581390697
Europe,0.0,12.666584281424091,20.648452091856228,0.0,20.648452091856228,0.0,20.648452091856228,0.0,60.04862686207037,60.04862686207037,29.36025119475724,20.648452091856228,0.0,20.648452091856228,0.0,45.7649044150173,47.54389729358607,0.0,51.2930031152776,20.648452091856228,20.648452091856228,20.648452091856228,20.648452091856228,20.648452091856228,0.0,66.87008091855043,0.0,60.04862686207037,0.0,59.03285204500816,59.317125162067526,63.12680174911108,59.99074193390257,63.24471440451174,0.0,63.12680174911108,0.0,66.87008091855043,69.08572047509085,70.6039963496097,70.97791478645834
Rest_of_World,0.0,5.571072095208393,28.7268926272742,0.0,28.7268926272742,0.0,28.7268926272742,0.0,17.810534880806074,17.810534880806074,20.271319456410023,28.7268926272742,0.0,28.7268926272742,0.0,35.024285545293935,39.89888923754219,0.0,38.68999832392018,28.7268926272742,28.7268926272742,28.7268926272742,28.7268926272742,28.7268926272742,0.0,63.08918535182559,0.0,17.810534880806074,0.0,46.674860182361016,47.06091625500952,60.5731576551203,49.25885570420451,55.48709198390611,0.0,60.5731576551203,0.0,63.08918535182559,70.2716570206463,75.63801842161419,85.78832550233227
