index,2003_AII-Star_Game_in_Atlanta,2011_All-Star_Game_in_Los_Angeles,2004_AII-Star_Game_in_Los_Angeles,2005_All-Star_Game_in_Denver,2013_AII-Star_Game_in_Houston
Rating,6.563254397435194,5.140985093411638,5.06570111767721,4.872453391049731,4.557083720909095
(in_millions)_Viewers,10.744423513293658,9.073303063955324,8.170611707566524,8.044717253665057,7.976844954307719
