index,Rough_diamond_production_value,Polished_jewelry_diamond_value_in,jewelry_sales_Diamond_retail
2011,17.949070811769836,23.95844706422929,71.26437141469992
2012,14.74923508610705,22.998694507053838,72.24223650670254
