index,Men,Women
Online_and_order_retail_mail,42.5762738164767,36.76930046705061
Traditional_retail_trade,56.345974694383656,61.87947466286432
