index,use_it_regularly,it_use_occasionally,have_used_it_once,imagine_using_it_can,it_won't_use
18_29_to_years,10.707273474463731,13.85040678657912,12.78341744999085,41.62006906688518,20.724250751539728
30_45_to_years,5.948654426772649,10.74576199117238,10.787091599978377,51.452563277403584,19.767114852660956
46_60_to_years,4.851789032030837,7.81959001480346,4.9060755496394535,52.61672943001147,28.625136769361376
61_folder_years_and,0.9453638401436564,3.871433893926138,2.790799671076698,55.31623831443612,35.57429515554781
