index,Facebook,Twitter,Instagram,Youtube,Pinterest,Whatsapp
Daily,64.34502944228034,37.51270713599951,35.60305982822641,43.489241709206055,1.6426436675289295,94.2315526103909
Several_times_week_a,13.621127085941026,16.607195827274992,10.60365218239224,36.74818295359634,2.860968098082907,0.0
Never,7.655163756309136,21.764219803493333,40.43335491628896,0.0,81.11668898626787,0.0
