index,Specialty_bike_retailers,Outdoor_specialty_retailers,Other,Chain_sporting_goods_stores,Mass_merchant
2012,669.2674893566548,569.2994726340518,340.9097633227923,235.80918026067377,75.60949917663834
2014,709.927049668244,549.755159368689,326.0044291443389,251.48150189039416,81.14198540993368
