Unnamed:_0,index,2002,20,200,none,norans,rong,nothers,con,Dont,2010,2005,note,zoos,not,2000,2007
0,United_States,-7.784629952490317,-6.2206114101869865,0.0136623243361313,-7.951515109519224,-7.702294141585508,-10.049792512351406,-11.306229749461014,-4.185733505661862,-1.105662766850692,-23.458742133589062,-1.738533658992484,-9.953563399522366,-1.0655689071829535,-8.226671010970136,-1.6185292530949908,5.423700234976389
1,United_Kingdom,-7.784629952490317,-18.138496760322788,10.128775298602292,-16.134800830191196,-23.08650635185961,-0.6824117351628303,-14.139870499528008,-26.86192742039369,-20.798188288791472,-9.854558706009657,9.859913536427117,-7.083097122659254,17.843311252357115,-1.177023292694269,4.265282187003594,13.392013189590203
2,Japan,-15.874516035787472,-18.138496760322788,-19.237411131974483,-13.331117873300805,-11.912799993571124,-10.049792512351406,-11.306229749461014,-11.848295652467655,-13.84396126178629,-14.086129714030015,-16.83653769022508,-12.9059381787523,-16.121627408416543,-10.851438728118062,-14.960630110709964,-16.42142861851775
