index,United_States,Britain,France,Germany,Spain
No_it_is_not_necessary,45.51379657247139,77.06042263505658,84.19399203977314,65.20615730349218,79.0448513528678
Yes_it_is_necessary,52.2415510680548,19.767587305773347,14.645579849414249,32.70865024578286,18.80731158304107
Don't_refused_know_I,1.6404481083718423,1.6663781458893538,0.0,0.0,0.0
