index,Unnamed:_1,Unnamed:_2,Unnamed:_3,Unnamed:_4,Unnamed:_5,Unnamed:_6,Unnamed:_7,Unnamed:_8,Unnamed:_9
No_change,45.93568280604866,45.93568280604866,45.93568280604866,45.93568280604866,45.93568280604866,45.93568280604866,45.93568280604866,45.93568280604866,45.93568280604866
Increase,32.623107894745445,32.623107894745445,32.623107894745445,32.623107894745445,32.623107894745445,32.623107894745445,32.623107894745445,32.623107894745445,32.623107894745445
Decrease,12.997598237858782,12.997598237858782,12.997598237858782,12.997598237858782,12.997598237858782,12.997598237858782,12.997598237858782,12.997598237858782,12.997598237858782
