index,Unnamed:_1,st,2,Unnamed:_4,5,Unnamed:_6,Unnamed:_7,Unnamed:_8,of,for,Unnamed:_11,>,Unnamed:_13,x,Unnamed:_15,Unnamed:_16,Unnamed:_17,Unnamed:_18,it,Unnamed:_20,it.1,Unnamed:_22
Facebook_fans,137.4281397088489,0.0,60.92802940571664,137.4281397088489,0.0,137.4281397088489,137.4281397088489,137.4281397088489,0.0,122.35456230094132,137.4281397088489,135.7254987015816,137.4281397088489,149.06723223183755,137.4281397088489,137.4281397088489,137.4281397088489,137.4281397088489,150.34525126299403,137.4281397088489,150.34525126299403,137.4281397088489
Twitter_followers,14.493410801816026,0.0,8.28906863445053,14.493410801816026,0.0,14.493410801816026,14.493410801816026,14.493410801816026,0.0,7.675720922638021,14.493410801816026,44.11388660422696,14.493410801816026,63.89142127976661,14.493410801816026,14.493410801816026,14.493410801816026,14.493410801816026,112.22236849158924,14.493410801816026,112.22236849158924,14.493410801816026
