Unnamed:_0,index,Unnamed:_2
0,Asian,2480.997031102539
1,Black,8341.663797677538
2,Hispanic,10762.696390744168
3,White,25524.76416909349
