Unnamed:_0,index,Unnamed:_2,the
0,Asian/Pacific_Islander,7.488505541683356,38.76642072755263
1,African_American/_Black,4.067473119339162,38.76642072755263
2,Latina/Hispanic,3.123573089423058,38.76642072755263
3,White,16.06341562006736,38.76642072755263
4,Total_Women,27.94473634885686,38.76642072755263
