index,Boys,Girls
Tidying_the_bedroom,38.744103442250406,44.71209182313216
Washing_uu,23.7528990518432,26.769921374670623
Cleaning,20.789303517434544,27.7623702472334
