index,Senate,House_of_Representatives,Governor
Democrat,44.061447716717936,176.14290966110727,16.333448600661484
Undecided,0.0,13.856742490742818,0.0
Republican,51.05234978245849,240.50721716705647,29.60239592349251
