index,France,United_Kingdom,United_States
Integral,45.71080739442859,30.52996700536272,37.60714437814107
Brazilian,33.31197553432501,15.098252257828603,13.99687216455056
Classical,21.317137379559952,35.76407830566336,24.68152162220403
No_hair_removal,0.0,18.99774191029121,24.84942490601351
