index,April,April_January-
2019,9934.5136704635,40947.25386246333
2020,11690.838918664029,42533.52308935561
