index,Tell_Aviv,Mumbai,Hong_Kong,New_York,Dubai,Antwerp
Low_estimate,22.0911071843388,15.02316850816846,30.11006985463221,30.097205814711497,40.1748136161933,50.28334805872951
High_estimate,25.181059500527795,25.180678956581588,30.14597831230414,35.22464667321864,25.174194818645997,45.17333942203647
