index,Total,Europe,North_America,South_America,APAC
2-3_month_times_a,23.54443919013667,25.08683069484026,26.298501777029543,18.358705620558084,25.312286155593757
1-2_tin_S_a_year,15.7752118274625,15.428570831900927,13.928658757442264,10.666513685028534,20.735465367502044
Daily,6.883682340098204,6.979414613059134,6.965189286215974,4.099694972384995,10.086235823119736
Once_a_month,19.845092578562216,19.51690888315767,19.465609258894247,23.595247438688745,15.947924247800527
5-1_times_I_a_year,9.629397682094776,10.923269778594076,10.882577727499124,9.972506914731127,9.63253634445094
2-4_times_a_year,10.115183994713774,10.029592487995544,11.3205408990124,12.232128834289128,8.057056827785274
One_less_a_year_or,13.129006209207745,11.145119770065648,10.686752222139177,21.456497801922893,10.604993445969342
