index,a,a.1,a.2,a.3,a.4,a.5,a.6,a.7,a.8,a.9,Unnamed:_11,a.10,a.11,a.12
Female,10.4866044545066,10.4866044545066,10.4866044545066,10.4866044545066,10.4866044545066,10.4866044545066,10.4866044545066,10.4866044545066,10.4866044545066,10.4866044545066,19.10954242260776,10.4866044545066,10.4866044545066,10.4866044545066
Male,13.236404639459249,13.236404639459249,13.236404639459249,13.236404639459249,13.236404639459249,13.236404639459249,13.236404639459249,13.236404639459249,13.236404639459249,13.236404639459249,20.485998603479764,13.236404639459249,13.236404639459249,13.236404639459249
