index,Junior,Management,Executive,Presidency/CEO
2017,46.96987877402875,37.075871693911736,33.043746244691846,20.03727413704734
2018,47.985886903096194,38.025473146451496,34.09649150547059,21.926166539674853
