Unnamed:_0,index,Unnamed:_2,the
0,Butter,-425.0034850177193,881.1031054092156
1,Poultry_meat,-122.02567848919873,881.1031054092156
2,Flour,-307.07261198396026,881.1031054092156
3,Pasta,-307.07261198396026,881.1031054092156
4,Rice,-400.1728521522755,881.1031054092156
5,Salt,-425.0034850177193,881.1031054092156
6,Bread,64.99491183136017,881.1031054092156
7,Sugar,-254.9537565778976,881.1031054092156
