index,Digital_ads,Print_ads,Overall_profitability
Very_negative,50.40059142176685,83.78769598576993,62.56224006437723
Somewhat_neagtive,40.33739323883912,13.093105495888452,13.0051751720994
