Unnamed:_0,index,Barack_Obama,George_W._Bush,Bill_Clinton,George_H.W._Bush,Ronald_Reagan,Jimmy_Carter,Gerald_Ford,Richard_Nixon,Lyndon_B._Johnson,John_F_Kennedy,Dwight_D._Eisenhower
0,Average,58.83892855209877,56.71590028066885,56.70540946514062,59.979324131406166,59.901400392078855,59.88847753489382,59.87064139124029,59.88414062823993,59.89083577181826,59.896304351034985,58.845381194413605
1,Outstanding_above_average,0.0,0.0,83.815542995474,83.82790704539974,59.99190256650686,59.97971775664542,0.0,0.0,59.88274536734724,0.0,0.0
