index,Holiday_season_2013,Holiday_season_2014,Holiday_season_2015,Holiday_season_2016,Holiday_season_2017,Holiday_season_2018
New_video_hardware_game,1048.9454214624047,716.9991565366772,743.1158920787784,520.5771773616407,726.3819164206793,677.9802299304552
Video_game_accessories,263.4902111728848,204.36766397131987,226.3161024341512,177.00244996364063,251.15910938440447,322.4268114569177
Collectibles,0.0,0.0,0.0,176.11401959487762,210.7437884494548,216.0029845025788
New_video_collectibles,1079.2023983879196,1146.6503174696818,1037.840977042726,796.0415595257307,854.7993826811723,780.3152509437818
Pre_video_owned_and_value_game_products,0.0,571.1017448382781,570.0390574252558,529.425787969546,480.14517887415445,407.4079817987115
