index,TOTAL,Male,Female
Top_2_Box:_Describes_completehy.somewhat_me,29.83856030639347,25.824473001469784,33.75831727558797
Top_Box:_Describes_completely_me,8.89207513571301,6.949119201434382,10.950609215801563
