index,Other,Comcast,icloud,ALLIES,Outlook_(Hotmail),Yahoo,Google_(Gmail)
14_18_to,0.0,0.0,0.0,111.95794791422624,111.9096025571632,111.91151719810745,111.89485632114264
19_34_to,0.0,0.0,59.08189600618287,111.95498843406068,111.96892680470393,0.0,0.0
56_67_to,0.0,0.0,59.06133313944565,111.90032287686246,111.87767302456716,111.91674677998324,111.93608707711611
