index,News_magazine,Unnamed:_2,Videop_clips,UGC,Books_Jtextbooks,Gaming,Sport_games_or_matches
Daily,53.024571947615456,44.15804366775649,42.92090150616252,58.71990831718176,29.029605826954665,38.84970920945382,18.054081045906106
Weekly,30.801317205075108,39.06125953434872,37.787507567833785,27.673958586918857,38.48961307412544,36.87519172780453,44.72391258471082
Monthly,12.24836680007992,12.4103810797736,14.597452321556505,10.79192106242975,24.421245354126,17.539574301637117,24.433136996582448
A_few_times_per_year,3.6263152324834778,4.4187049801924445,4.383466329013828,2.732316759948745,7.753463066914435,6.605863477213475,12.62055401840911
