index,Jan,Jan.1
2015,39.82259383808565,39.82259383808565
2016,54.80421780303425,54.80421780303425
2017,44.535292272424726,44.535292272424726
2018,15.818854912351355,15.818854912351355
2019,60.8403033650161,60.8403033650161
2020k,60.515332168218094,60.515332168218094
