index,Unnamed:_1,at,Unnamed:_3,Unnamed:_4,Unnamed:_5,Unnamed:_6,Unnamed:_7,Unnamed:_8,Unnamed:_9,Unnamed:_10,Unnamed:_11,Unnamed:_12,Unnamed:_13,Unnamed:_14,Unnamed:_15,Unnamed:_16,Unnamed:_17,Unnamed:_18
Facebook_fans,21.353877578206493,26.75757373921266,21.353877578206493,21.353877578206493,21.353877578206493,21.353877578206493,21.353877578206493,21.353877578206493,21.353877578206493,21.353877578206493,21.353877578206493,21.353877578206493,21.353877578206493,21.353877578206493,21.353877578206493,21.353877578206493,21.353877578206493,21.353877578206493
Twitter_followers,32.88604165138881,0.0,32.88604165138881,32.88604165138881,32.88604165138881,32.88604165138881,32.88604165138881,32.88604165138881,32.88604165138881,32.88604165138881,32.88604165138881,32.88604165138881,32.88604165138881,32.88604165138881,32.88604165138881,32.88604165138881,32.88604165138881,32.88604165138881
