index,English_Premier_League,Football_League_championship,League_Football,Football_League_2,All_Leagues
Improved_5_>,17.26246505340606,0.0,6.043067886397012,14.131281774593134,7.941040328927386
Improved_the_5,0.0,25.30599193984285,6.479760815370398,0.0,8.273136076529767
No_impact,68.30309359234005,67.94377200992527,65.65862745402478,43.65320848791025,63.98619457914161
Reduced_L_5,16.504860257292336,7.423233941548815,11.68686396228631,29.305842497969444,15.002617658789262
Reduced_5_>,0.0,0.0,12.093826206864437,13.549131684491329,5.640351149586465
