index,Other,Bancassurance,Agents,Direct_writing,Brokers
2012,7.315106370232808,5.638579167592294,9.972792783348186,9.967007089684802,0.0
2013,7.347033248549991,5.638644689559005,5.632249537602124,7.344997907457191,9.980839504878578
