Unnamed:_0,index,Buying_3D_printer_a,Optimizing_demo_product_expenses,Improving_spare_management_parts,Enabling_co-creation,Reducing_tooling_investment,Other,Increasing_production_flexibility,Offering_customized_products_and_limited_series,Accelerating_product_development
0,2017,0.0,24.743535452623533,24.745044143785396,0.0,24.7900005503809,24.79256467784911,24.80692961923355,18.876591652988083,49.69981578427659
1,2018,18.882234675938967,24.7478802241669,24.74479485361487,24.793001745031194,24.794960453513863,24.796686059499415,18.879609035311788,24.87238609543605,49.709570476273726
