Unnamed:_0,index,Unnamed:_2,CONTERSING
0,Not_at_all,5.678549461980154,91.67668211993626
1,Only_little_a,12.75883989644464,91.67668211993626
2,Fair_amount,23.808126821881693,91.67668211993626
3,Great_deal,64.63233808860056,91.67668211993626
