index,65_years_and_folder,35-64_years,18-34_years
Original_with_subtitles_version,22.15654752062649,22.25001078353138,46.04852169766333
Dubbed_version_in_French,74.78688147461197,99.23535177077568,76.972236001179
do_not_know,2.6827988296273872,0.0,0.0
