index,Spotify_(paid),Spotify_(free),Deezer_(paid),Deezer_(free),Apple_Music,Pandora
Computer,53.56100249998576,60.41442588595737,50.51352099361622,62.45967164196104,45.49462930165546,43.71073968827056
Smartphone,75.3408283551916,59.530617707188455,77.4179372554826,39.49704158860143,61.25874454017916,64.30655406290397
