index,Cash,Account,Mobile,PayPal,Debit/credit_card,0_it_card
How_consumers_can_pay,43.70074840981216,18.605711397759464,51.471422988060105,32.585057198684325,77.45507510330431,0.0
How_providers_receive_payments,45.46705048059245,84.33859287835779,53.56391942505155,14.680924815122026,0.0,0.0
