index,Don't_know_/refused,Not_too_happy,Pretty_happy,Very_happy
Upper_class,0.0,9.968423149776427,47.85350993842681,0.0
Middle_class,0.0,17.88626308612011,47.85060779910959,0.0
Lower_class,1.934794364429976,30.931318761172555,47.85508439063855,47.86738177075007
