index,France,Canada,United_States,Britain,Spain,Japan,Germany,Poland,Italy,Australia,South_Africa,Chile,Argentina,Mexico,Israel,Greece,China,Venezuela,Philippines,Bolivia,Russia,Senegal,Brazil,Kenya,Czech_Republic,India,Malaysia,Lebanon,Nigeria,South_Korea,Turkey,Uganda,El_Salvador,Indonesia,Egypt,Tunisia,lordan,Palestinian_ter.,Ghana,Pakistan
Not_issue_a_moral,85.58504593068761,85.57692124414922,85.58273480284531,85.58542416939376,85.58487021349342,85.57722800467468,85.55606152841794,85.57424676888841,68.95047098164561,68.95778558213618,68.96202364259958,85.55372359625788,85.57610520158634,85.5762868752956,68.94945241757077,85.55778296126955,49.29627348504975,49.29063862180538,85.57864565525836,39.29041525249072,39.28169193618905,49.33261716167292,49.33730791728069,39.32066243595258,39.31351163962608,39.32264893372424,68.94998850392595,29.74797984791826,29.746240545521477,39.324546083770045,85.58468556152664,78.82419584068467,85.59963045780584,68.97890738452999,39.30921401401211,0.0,0.0,0.0,0.0,0.0
Acceptable,30.451861232260008,0.0,0.0,0.0,0.0,0.0,0.0,0.0,0.0,0.0,0.0,0.0,0.0,0.0,0.0,0.0,0.0,39.3128206838794,39.30242358684658,49.34024150094649,0.0,0.0,0.0,0.0,0.0,0.0,0.0,0.0,0.0,0.0,0.0,0.0,0.0,0.0,0.0,0.0,0.0,0.0,0.0,0.0
Unacceptable,0.0,0.0,0.0,78.86097434290704,39.303331955392856,78.84051669194214,96.46979689474958,39.31232927138717,29.7466366537728,78.85098228889814,39.37525687471186,68.96026944891514,68.95609393185985,78.86598079381285,78.83513795884525,78.85286752591382,78.83442019878083,39.3082073629674,49.349235838683285,49.35336370361812,19.74436126502084,88.63571383472102,19.73844644556877,39.27689694156778,29.747402065957687,39.283776716459165,39.31736252661074,39.29910580795957,29.725860329252328,29.74120729029792,29.735822600685964,29.72314713664366,29.749579172211185,29.738392836933244,39.28675199573037,78.86984359382762,39.38712225270634,39.27292394602444,97.60643101104696,39.29907304712676
