index,Bargain_hunting,Trading_down,Cutting_back,Thinking_more_buying_higher_quality
Have_been_doing_since_the_downturn,61.96931999656758,47.64099242589428,45.15808736257067,44.204706966021845
Will_after_carry_on_downturn,83.28335924949005,78.00069770136876,67.98492840922775,76.45452176963133
