index,China,South_Africa,Brazil,India,Russia
Already_visited,7.8340774815576,10.03364394464505,4.113812690988951,10.013843007260247,6.0070168646713
Very_interested,17.030753224128347,13.547883340710769,11.734771055219738,11.901228734132005,10.039234663596131
Quite_interested,27.99989182926673,28.26512646724349,31.89874080726679,24.04849464768365,28.922724820771062
Not_interested,17.634277597414155,20.447439698374453,21.5478719543178,21.425656105312758,25.49310340410452
Not_all_interested_at,27.82427949040199,27.66303108627612,30.6516062642241,32.5834957080415,28.410712887831224
