index,Student_racially_ethnic_tensions,Student_bullying,Sexual_harassment_of_other_students,Student_Student_harassment_verbal_abuse_of_other_of_teachers,Student_verbal_abuse_of_teachers,Student_acts_Widespread_of_disorder_in_disrespect_classroom_for,Widespread_disorder_in_classroom,Gang_activities
Primary_school,1.7281131573381714,8.47139548369131,0.0,4.457569218269363,9.844614230141165,2.411579729136882,0.0,4.79916597263135
Middle_school,4.813669228393309,27.42773810778109,3.0912491785567155,2.4223167753208656,10.067763435669304,16.96838676653906,5.313694087437369,18.647260984155388
High_school,4.326308313456835,15.410273405691612,2.6202823523714045,2.108258174439392,7.00772588176833,12.96593125971982,2.358790969443469,27.400985654657127
