index,Outback_Steakhouse,Carrabba's_Italian_Grill,Bonefish_Grill,Fleming's_Prime_Steakhouse_and_Wine_Bar
2017,22.63886861191979,22.60383955144482,25.7107578624544,79.2604154440847
2018,22.62275199978626,22.62616807269555,26.65662837420693,82.34981445380524
2019,22.66404067989393,21.696242415220794,26.659901315569755,82.36366004540132
