index,--25_Pharmacies._supplements,"Pharmacies,_supplements",Cosmetics_perfume
Sales_value,107.9112224044574,35.513493685422034,46.65246678399258
Number_of_orders,54.6018683113212,97.18334586758996,33.71557245766603
Value_of_shopping_basket,8.589842245705896,5.997140470661449,11.81781461404745
