index,Unnamed:_1,Unnamed:_2,Unnamed:_3,Unnamed:_4,Unnamed:_5,Unnamed:_6,Unnamed:_7,Unnamed:_8,Unnamed:_9,Unnamed:_10,Unnamed:_11,Unnamed:_12,Unnamed:_13,Unnamed:_14,Unnamed:_15,Unnamed:_16,Unnamed:_17,Unnamed:_18
Home_Entertainment,1.8693442496233423,1.8693442496233423,1.8693442496233423,1.8693442496233423,1.8693442496233423,1.8693442496233423,1.8693442496233423,1.8693442496233423,1.8693442496233423,1.8693442496233423,1.8693442496233423,1.8693442496233423,1.8693442496233423,1.8693442496233423,1.8693442496233423,1.8693442496233423,1.8693442496233423,1.8693442496233423
Home_Appliance_&_Businsess_Solutions,3.443775560330548,3.443775560330548,3.443775560330548,3.443775560330548,3.443775560330548,3.443775560330548,3.443775560330548,3.443775560330548,3.443775560330548,3.443775560330548,3.443775560330548,3.443775560330548,3.443775560330548,3.443775560330548,3.443775560330548,3.443775560330548,3.443775560330548,3.443775560330548
Mobile_Communications,1.4092343667557294,1.4092343667557294,1.4092343667557294,1.4092343667557294,1.4092343667557294,1.4092343667557294,1.4092343667557294,1.4092343667557294,1.4092343667557294,1.4092343667557294,1.4092343667557294,1.4092343667557294,1.4092343667557294,1.4092343667557294,1.4092343667557294,1.4092343667557294,1.4092343667557294,1.4092343667557294
Vehicle_Components,0.9007806425892112,0.9007806425892112,0.9007806425892112,0.9007806425892112,0.9007806425892112,0.9007806425892112,0.9007806425892112,0.9007806425892112,0.9007806425892112,0.9007806425892112,0.9007806425892112,0.9007806425892112,0.9007806425892112,0.9007806425892112,0.9007806425892112,0.9007806425892112,0.9007806425892112,0.9007806425892112
Businsess_Solutions,1.007051013813168,1.007051013813168,1.007051013813168,1.007051013813168,1.007051013813168,1.007051013813168,1.007051013813168,1.007051013813168,1.007051013813168,1.007051013813168,1.007051013813168,1.007051013813168,1.007051013813168,1.007051013813168,1.007051013813168,1.007051013813168,1.007051013813168,1.007051013813168
Others,0.3854104831543825,0.3854104831543825,0.3854104831543825,0.3854104831543825,0.3854104831543825,0.3854104831543825,0.3854104831543825,0.3854104831543825,0.3854104831543825,0.3854104831543825,0.3854104831543825,0.3854104831543825,0.3854104831543825,0.3854104831543825,0.3854104831543825,0.3854104831543825,0.3854104831543825,0.3854104831543825
