index,2007_November,2009_January,2010_January,December_2010
Have_become_more,41.74444351082715,32.775774554302565,35.77226269649525,30.64412030316238
Consistent,33.665264302557674,42.633404251510726,23.8102431599264,35.760722578738616
Have_become_weaker,23.810361730588983,23.806471700774164,39.70777348123808,32.793126914730934
