index,Herman_Cain,Mitt_Romney,Newt_Rick_Perry,Rick_Perry,Ron_Paul,Michele_Bachmann,Jun_Huntsman,Rick_Santorum
Total,29.598264510288573,22.691613523330027,9.744489955139455,7.912393623027729,6.923659516126641,3.915988093459276,1.9271174924937784,0.9476642215599044
Men,32.56455808050564,20.709324293548168,10.778461008512444,6.919078030120708,9.758416912184888,2.9134410914050197,0.9613098259377536,0.9585115075142028
Women,26.661193596869538,24.677794164669635,9.766443067337203,8.877714625510094,2.9228626037060224,4.915010583042573,1.9081185833056795,0.932372323870382
