index,Other,Community_involvement,Connection_with_corporate_strategy,Alignment_to_personal_values,Connection_with_co-workers,Ability_develop_lin_my_field_to_excell
Gen_Y:_19-30_aged,28.96348919269068,28.98221509190072,0.0,41.132523599622665,102.89755993902048,76.88287742519472
Gen_Y:_31-48_aged,76.89565682412271,102.89525295519933,41.16378234987142,60.091809737819794,46.94964494168848,41.12016685421917
Baby_49-66_Boomers:_aged,0.0,28.980835597758293,28.975710923773853,35.00398292244954,43.87000351624252,0.0
