index,Breakfast,Lunch,Dinner,Snack,Hot_Beverage
Online_video_viewers,11.818789171874135,25.745129848781566,24.687081188049728,19.742418109008835,12.794568507474049
Non_online_video_viewers,16.81217198990446,14.748555602350937,24.680654450641708,19.745726870337645,22.72319097596672
