index,Android_phone,Android_tablet,iPhone,iPad,iPod_Touch
Video_impressions,40.27010401085175,10.476978752248383,28.837051998744546,17.98726760694229,0.0
AII_impressions,58.04375986590246,2.740650866799527,22.558349112679245,7.164711236776725,1.906604195145192
