index,April_15-20,March_25-30
The_is_behind_worst_us,30.560954906133546,12.66040073175418
The_is_worst_yet_to_come,50.5406441101371,73.2524010327562
