index,Generation_Z,Millennial,Generation_X,Age_Boomers:
Once_per_week,7.651749627038711,3.180369039117096,4.20566658117815,5.02030520933117
few_week_a_times_por,16.716269028481662,17.882392477943753,16.137874497831703,11.195730213966144
Daily,60.82389814482564,56.78161711002555,47.90184617750667,33.77013483066493
month_A_few_times_per,0.0,3.970631474120808,2.6367897510995704,8.021338619996925
Once_month_per,0.0,3.926291596098764,0.0,0.0
Less_than_once_per_month,6.656443639841868,4.119736204421756,6.768597448956527,4.908268003355964
Never,7.864844932860223,9.805605996641717,20.737849937528324,36.00052581878878
