index,Total_Millennials_(ages_18-_33),Gen_Xers_(ages_34-49)_50-68)_Total_Total_Boomers_(ages,50-68)_Total_Boomers_(ages,Silents_69-86)_Total_(ages
Oppose,26.8290830896218,37.83243617231469,44.92165020610816,49.98995266103664
Favor,68.06107417369476,55.01170013105085,48.01159754712687,37.892380865279534
