index,Unnamed:_1,Unnamed:_2,Unnamed:_3,2,Unnamed:_5,be,to,Unnamed:_8,5,Unnamed:_10,it,Unnamed:_12,it.1,Unnamed:_14,6,Unnamed:_16,st,Unnamed:_18,Unnamed:_19,Unnamed:_20,Unnamed:_21,Unnamed:_22,it.2,Unnamed:_24,Unnamed:_25,5.1,Unnamed:_27
Facebook_fans,0.5389509164663229,0.5389509164663229,0.5389509164663229,0.0,0.5389509164663229,0.0,0.5513017237517228,0.5389509164663229,0.9226177941690868,0.5389509164663229,0.922885670722026,0.5389509164663229,0.922885670722026,0.5389509164663229,0.0,0.5389509164663229,0.0,0.5389509164663229,0.5389509164663229,0.5389509164663229,0.5389509164663229,0.5389509164663229,0.922885670722026,0.5389509164663229,0.5389509164663229,0.9226177941690868,0.5389509164663229
Twitter_followers,0.0488398118927295,0.0488398118927295,0.0488398118927295,0.0,0.0488398118927295,0.0,0.1170390458322094,0.0488398118927295,0.7399129747004736,0.0488398118927295,0.8559943207705656,0.0488398118927295,0.8559943207705656,0.0488398118927295,0.0,0.0488398118927295,0.0,0.0488398118927295,0.0488398118927295,0.0488398118927295,0.0488398118927295,0.0488398118927295,0.8559943207705656,0.0488398118927295,0.0488398118927295,0.7399129747004736,0.0488398118927295
