index,Availability_of_housing,Quality_of_housing,Availability_hpusing_for_60_of_over_age
Very_serious_problem,39.63959673662573,23.805901633957586,18.908334743330503
Somewhat_serious_problem,35.77331489745394,38.76949062002948,27.68754721303744
