index,Utilities,Mining_and_quarrying,Agriculture,Construction,"Transport,_and_communications_storage",Financial_intermediation,Hotels_and_restaurants,Other_services,"Real_and_business_estate_renting,_activities",Pubilc_administration_and_defense,Wholesale_and_retail_trade,Health_and_social_work,Education,Manufacturing
Agriculture,0.0,80.15853252118472,80.53575937738015,0.0,0.0,0.0,0.0,0.0,0.0,0.0,0.0,0.0,0.0,0.0
Industry,80.66383974915652,80.30765567036133,80.42339094606291,80.01880847924713,245.64482597452,1621.17064221188,80.42619664971608,411.05382229220527,0.0,0.0,0.0,0.0,0.0,1149.640999952782
Services,987.4845155952644,575.7106094604223,658.8552523798869,325.5620679815152,245.3482630983592,326.1497226117133,409.5576808190465,576.9251985719654,576.3604104265423,658.1061295044376,906.6980665964556,986.2977029498896,907.6556532533502,576.0509413135758
