index,Kidney,Liver,Heart,Lung,Pancreas
2016,35.036788049360815,8.264652073037226,5.86110817902113,1.6061299927731696,0.5391207372865452
2017,30.706940678185735,7.547090042762065,5.351526336584584,2.0965102646140465,0.5127673734233653
2018,34.56752250805509,8.153206363530867,6.3211761901077,2.352277099949667,0.0
