Unnamed:_0,index,Unnamed:_2,oor,S,A,ge,car,go,the,it,93,for,is,OS,in,Tooo,2000
0,German_Empire_Austria,-1607.735557838438,-531.518542061443,-1375.1578854347736,16683.151221559783,16683.151221559783,16683.151221559783,16683.151221559783,16683.151221559783,-1586.5991442202735,16683.151221559783,-1598.196455774505,-995.0993003734624,-112.99987849173112,16683.151221559783,16683.151221559783,16683.151221559783
1,Austria,-1625.6328220948226,-531.518542061443,-118.47879680704408,-971.8661159630738,16683.151221559783,16683.151221559783,16683.151221559783,16683.151221559783,-337.8958182075621,16683.151221559783,701.1416756291567,-995.0993003734624,-112.99987849173112,16683.151221559783,16683.151221559783,16683.151221559783
2,Bavaria,-1607.735557838438,16683.151221559783,-1407.0288014765763,16683.151221559783,16683.151221559783,-1598.196455774505,16683.151221559783,16683.151221559783,-1586.5991442202735,-1567.7587347876165,-580.6697415288149,-995.0993003734624,-112.99987849173112,16683.151221559783,16683.151221559783,16683.151221559783
3,Wirttemberg,-1607.735557838438,-531.518542061443,-1375.1578854347736,16683.151221559783,16683.151221559783,-1408.577680437269,16683.151221559783,16683.151221559783,-1586.5991442202735,16683.151221559783,-1598.196455774505,-995.0993003734624,-112.99987849173112,16683.151221559783,16683.151221559783,16683.151221559783
4,Prussia,-1607.735557838438,16683.151221559783,-801.3094775445688,-971.8661159630738,127.05065288100128,-1598.196455774505,16683.151221559783,16683.151221559783,-830.4553949169376,16683.151221559783,-1407.0288014765763,-995.0993003734624,8227.392784015537,16683.151221559783,16683.151221559783,16683.151221559783
