index,"-50_Media,_music","Media,_music","Books,_magazines",Office_supplies
Sales_value,238.54182885459136,0.0,147.08950717994702,57.66259259164099
Number_of_orders,0.0,454.0333514041728,101.91446412253224,21.51762506348348
Value_of_shopping_basket,0.0,86.37093866448788,29.939218603201084,30.280697517272188
