index,Romania,Bulgaria,Czech_Republic,Italy,Hungary,EU,Luxembourg,Netherlands,Denmark,United_Kingdom,Sweden
16-74_age_group,0.0,0.0,9.881342650129127,9.882972264674136,0.0,0.0,0.0,0.0,0.0,0.0,0.0
16-24_age_group,9.878920828805292,9.864278087893569,9.86722091007192,20.97625568342941,20.974331072966763,39.79163534317541,39.80241221016652,39.79889129114955,18.990861787751392,39.815332555559145,39.81940778142134
