index,Worldwide,Algeria,Tunisia,Egypt,Morocco,Iraq,Lebanon,Jordan,Yemen,Qatar,Syria,United_Arab_Emirates,Bahrain,Saudi_Arabia,Libya,Oman,Kuwait,Sudan
Mobile,0.0,0.0,98.3527517298504,98.36412065010975,98.41981031347542,98.38420574256796,98.38187180549885,98.39902744601716,98.38625996810688,39.25017760178343,98.36788322133845,98.35459842747984,98.38046723254617,98.35068547370804,98.3763196820071,39.335552779159634,98.37114351487314,98.37539031789063
Desktop_PC,29.52849057432296,98.38527345862406,39.239819252213785,98.38798034440008,39.29418855685092,39.27413955620308,39.2958638183812,98.39193841293482,39.26866262398289,39.27145071633221,98.42966638535106,29.568693843398847,98.37123073674816,39.23296180824782,98.33837215107792,29.5390714900564,98.32585130053832,14.161487993156996
