index,Unnamed:_1,b_>,Unnamed:_3,the_Q_oft,the_x,the_>,the_C_Jan,for__<aid,the_to,Apr,Unnamed:_11,Unnamed:_12,you,for,>_and,>or_Q_oft,LA_x,in_>,Unnamed:_19,Unnamed:_20,Unnamed:_21,$_$_pot,Unnamed:_23,6,Unnamed:_25,5_>,>on,S_I_of,Unnamed:_29,Unnamed:_30,I_han
Radio_programs,67.24983184004782,77.65805748534655,67.24983184004782,69.53594071432138,62.647766560091895,68.19435126293644,69.7184102540134,75.14266900846104,67.43674588919828,72.65468154401646,67.24983184004782,67.24983184004782,70.96332143084868,51.027820845289625,63.952821328222285,74.59473031027522,79.97572645430643,80.27986953733728,67.24983184004782,67.24983184004782,67.24983184004782,57.395375763141885,67.24983184004782,54.72626434443765,67.24983184004782,56.46643251101585,53.37647905451013,58.53300708323309,67.24983184004782,67.24983184004782,65.34851962411477
TV_programs,204.62539895461265,163.80331353470868,204.62539895461265,175.54071254763005,200.9567825992154,198.49746018201185,202.259431623694,243.3267805701337,235.61164222942512,251.15492769950305,204.62539895461265,204.62539895461265,194.5971177050347,170.67909199283392,182.1314307706744,186.4392002064455,241.15490374400488,258.0364962525191,204.62539895461265,204.62539895461265,204.62539895461265,225.2603797007632,204.62539895461265,226.50418994406292,204.62539895461265,252.71978239437044,227.1405091399655,276.2033675008396,204.62539895461265,204.62539895461265,254.46190777612293
