index,No_business_use,Other,Competitive_intelligence,Customer_feedback/engagement,Maintain_personal_blog,Sharing_best_practises_with_peer/colleagues,Posting_commentary,Business_brand_building_promotion,Sharing_news_[content_relevant_to_my_clients,Monitoring_industry)_market_news,"Researching_people_(e_g._prospects_contacts,_current_clients)",Reading_expert_commentary/finsights
2010,10.911321736279216,0.95988474385641,2.0110910224952825,29.3763446473761,2.0103216712507184,14.885275075126232,4.920603409508267,14.894147801533023,10.920219649780323,11.873122989039494,18.894423943676163,8.860201551708187
2014,2.0088447916294605,8.859320003407127,0.96172569147733,8.858578128992729,2.01317697185182,3.927242727569976,3.9319023400184463,4.937025395002333,8.856432646504171,11.877271990394105,8.857142464616715,11.877718488884252
