index,RV_campground_or,Company-managed_home_rental,Bed_&_breakfast,"Airbnb,_VRBO,_ste",With_friends_family_or,Resort,Cruise_ship_cabin,Hotel_for_motel
International,0.0,49.70012217422902,49.70039765656361,49.73655580616189,49.714114927731806,49.737644617293824,79.41111059610006,54.00063317209601
Domestic,79.40101832263616,49.708211734847815,53.98891424103743,49.708701481220416,49.71932722841159,79.41968990309144,79.42113727853189,79.40930028361562
