index,"&""",Unnamed:_2,on,Unnamed:_4,Unnamed:_5,car,Unnamed:_7,gin,Unnamed:_9,in
Own_party,87.2506964083016,79.39130815935093,74.1877090547438,79.39130815935093,79.39130815935093,56.47148088977024,79.39130815935093,82.12751640319283,79.39130815935093,80.28041335592472
Opposing_party,48.399123953876085,33.357496648322496,39.279900968699046,33.357496648322496,33.357496648322496,29.48822038394277,33.357496648322496,43.26685398777828,33.357496648322496,13.638569003746936
