index,Electricity,Petroleum,Natural_gas,Coke_gas_oven,Blast_furnace_gas,Manufactured_solid_fuels,Coal
2010,0.0,8078.407586585616,0.0,0.0,11015.152976521898,11009.924298504571,0.0
2011,8078.473235319974,8078.495309348558,8081.123265452776,8077.817034652084,8078.265108764759,8084.978480211095,8080.103560002497
2012,0.0,0.0,0.0,0.0,11012.758947785524,0.0,0.0
2013,0.0,0.0,0.0,0.0,0.0,3958.4217356238514,0.0
2014,0.0,0.0,0.0,3960.091048201015,3959.2430614925743,3960.7191546507074,3958.766319810311
2015,0.0,0.0,0.0,0.0,11013.189821356447,0.0,0.0
