index,Haiti,Peru,Honduras,Mexico,Colombia,Guatemala,El_Salvador,Costa_Rica,Venezuela,Ecuador,Bolivia,Dominican_Republic,Paraguay,Nicaragua,Panama,Brazil,Trinidad_&_Tobago,Chile,Uruguay,Suriname,Argentina,Jamaica
Men,47.54267025383331,28.731496043771337,47.52694516028916,47.5438493634116,47.54323256487065,28.741264563419968,47.54195537778584,47.54335461687874,47.54265281783215,47.54245012431869,47.544213339935766,47.54586976004576,47.54780079717398,47.53777291700813,62.399152348803725,62.378172480410655,62.38143955112759,62.38180134815161,62.40226903401067,62.40971856550532,62.403659555103005,62.3819909646642
Women,35.5590723001224,35.552485850685066,31.587229698392058,39.62165839037812,39.6177047771156,35.56259219285612,34.59684260173035,47.53783176351203,47.541384348747926,47.544773471472965,47.53656547392795,39.62350878600099,35.56333758190562,39.62321891248174,34.59784953079721,31.59110267014922,0.0,0.0,0.0,0.0,0.0,0.0
