index,Fetal_Monitors,Neonatal_Monitors,Micro-_Electromechanical_Sensors,Remote_Patient_Monitoring,Patient_Monitoring_Accessories,Blood_Pressure_Monitors,Multiparameter_Patient_Monitoring,Medical_Imaging_Information_Systems,Clinical_IT_Systems
2008,0.0,0.0,0.0,0.0,681.8156609833155,0.0,903.5362280999504,903.538055823912,327.72599806783467
2015,0.0,0.0,0.0,0.0,0.0,0.0,903.6838037546672,0.0,327.88125016318963
2022,0.0,0.0,784.5418418235463,0.0,681.83869030523,681.920624559388,903.7036998355048,903.6298075667772,903.6717407765216
