Unnamed:_0,index,April,June,March,July,May,September,August,October
0,Solid_liquid_fuels_and_gaseous,-30.38684645675214,-8.009582350238894,-9.412908921965348,2.7474707617395677,-15.198572541087463,-0.199689189799038,4.296123666819796,-10.809419886529971
1,Food_tobacco_beverages_and_products,-12.663675822414667,-0.6879308210087309,5.856857206665641,5.444611331033695,-4.788762463940344,7.109476702542143,-3.57529510190432,-0.922774195116137
2,books_fother_sale_in_Newspapers_specialized_stores,-25.937296414111195,9.00271698567334,-13.790333872179012,5.444611331033695,3.831921804504319,3.781574254825024,4.296123666819796,-0.922774195116137
3,Textiles_clothing_footwear,-61.026599382313904,-3.1954667533756904,-46.78612300724491,8.519341165688683,-4.788762463940344,-0.199689189799038,4.296123666819796,-7.696284279090435
4,Others,-20.03235966965713,-3.1954667533756904,-28.09590565996253,2.7474707617395677,-11.014588176483729,-0.199689189799038,-3.57529510190432,-5.156672178552707
5,TOTAL,-20.03235966965713,2.37377530250766,-9.412908921965348,2.7474707617395677,-4.788762463940344,3.781574254825024,4.296123666819796,-0.922774195116137
6,Motor_vehicles_motorcycles_parts,-51.471037141009006,-0.6879308210087309,-28.09590565996253,2.7474707617395677,-31.14889845208188,7.109476702542143,-3.57529510190432,-5.156672178552707
7,Pharmaceuticals_orthopaedic_cosmetics_equipment,-15.190455141386238,-8.009582350238894,10.721135209380313,2.7474707617395677,-11.014588176483729,3.781574254825024,4.296123666819796,4.556626818314893
8,Fumiture_radio_TV_household_appliances_and,-15.190455141386238,19.2487355255134,-13.790333872179012,18.938593578054903,17.379581297233372,10.43585749942432,13.43436014871678,14.691689240713592
