index,Every_day,3-6_times_week_a,Once_twice_week_or_a,Several_times_a_month,Less_than_once_month
16_24_ood_to_years,3.8689117405340023,9.793484370130574,23.769474325228483,27.719259784193724,33.59144785644426
35_44_old_to_years,1.8331858360155948,9.885758444500407,26.719490400961877,31.703586445051062,27.74515102466124
45_to_54_old_years,0.9665046615228547,7.89589981565808,26.69413086433787,30.699348403781567,32.72962825349117
25_34_old_to_years,3.973360269085149,10.80550053490482,25.663880385401228,30.6821188534999,27.739061842777037
55_ood_and_above_years,1.83328748527979,7.898761633403986,23.771839625414643,28.77253968585197,35.66405973770873
