index,of_ot_x_to,to,Unnamed:_3,Unnamed:_4,Unnamed:_5,Unnamed:_6,Unnamed:_7,Unnamed:_8,-,Unnamed:_10
Patients_with_underlying_conditons,21.93283409834488,14.695188036492963,35.92068981946406,35.92068981946406,35.92068981946406,35.92068981946406,35.92068981946406,35.92068981946406,61.97471969492668,35.92068981946406
Patients_without_underlying_conditons,3.324259277162384,2.129573821571512,27.61991284280389,27.61991284280389,27.61991284280389,27.61991284280389,27.61991284280389,27.61991284280389,29.80028133428869,27.61991284280389
