index,Mail_ballots_being_are_manipulated_to_favor_Joe_Biden,Illegal_immigrants_voted_fraudulently_in_2016_and_tried_again_in_2020,We_the_will_never_know_real_outcome_of_this_election,Many_people_illegally_were_prevented_from_voting_this
Definitely_true,30.02267830947328,22.850167853974227,16.040252968539605,13.10734070802154
Probably_true,16.20051668713016,21.8992056531974,26.756594432837986,29.27940799254543
Probably_not_true,9.344847865663851,17.605426151935298,14.777921614336805,32.07735113946916
Definitely_not_true,43.580405420854376,38.34059894675988,41.41763235750341,24.574280365676657
