index,August_to_October_2012,November_2012_to_January_2013,November_2012_to_January_201_3,March_May_to_2013,March_to_May_2075,March_May_to_2076,March_May_to_2017,May_March_to_2018
100_Paid,38.12446041501353,40.04493561827968,0.0,37.21244293655937,35.92101152276393,42.18310591088056,42.13146910454907,29.881737248710905
Mix_of_Paid_Free_and,24.02367187820996,22.69043597438161,0.0,23.567351397819323,24.35452900991568,24.863340467425942,26.71584986221352,25.4299861455992
100_Free,37.7355383741838,37.07105584923998,0.0,39.04069263399897,39.66346419125894,32.83524785012382,31.036538745342824,44.65051851595993
