index,World_average,France,Russia,Italy,Germany,Spain,United_Kingdom,Brazil,Australia,Japan,United_States
Paid_days_considered_fair_vacation,34.660155548984314,31.02103733828977,31.03299285426701,30.083045864973943,30.079650761474728,34.672680627779144,34.68257426271844,34.68246819887904,34.677379255864594,34.67531843546504,34.67349413742735
Allotted_paid_days_vacation,31.028347258101263,31.034708967188514,31.03598279389972,31.036366744998347,30.09226917644823,30.082586608549335,31.035952035386288,31.03124492219369,34.67546480356341,44.647553043586726,0.0
