index,Unnamed:_1,Unnamed:_2,Unnamed:_3,Unnamed:_4,Unnamed:_5,>,Unnamed:_7,Unnamed:_8,Unnamed:_9,Unnamed:_10
First_half_2014,7.904299120054631,7.904299120054631,7.904299120054631,7.904299120054631,7.904299120054631,7.915432016438093,7.904299120054631,7.904299120054631,7.904299120054631,7.904299120054631
Second_half_2014,14.892608265447226,14.892608265447226,14.892608265447226,14.892608265447226,14.892608265447226,5.830222852550378,14.892608265447226,14.892608265447226,14.892608265447226,14.892608265447226
