index,Midwest,Northeast,South,West
1-2_physicians,18.919169740111528,18.92762828915176,34.89262148916121,14.870248319257918
3-6_physicians,19.99337172136932,19.98419059268801,21.02138418864729,29.977764795165545
physicians_7_or_more,20.008156812486813,9.97158316603828,23.97704261254625,18.01927421639315
