index,Yes,"No,_but_plan_to_create_one","No,_don't_and_plan_to_create_one"
September_2014,60.10454130576219,16.9452965293991,22.988933730406103
September_2015,63.96867644794439,9.903417145727644,26.8287232083337
