index,Unnamed:_1,Unnamed:_2,Unnamed:_3,Unnamed:_4,Unnamed:_5,Unnamed:_6,Unnamed:_7,Unnamed:_8,Unnamed:_9,Unnamed:_10,Unnamed:_11,Unnamed:_12,Unnamed:_13,Unnamed:_14,Unnamed:_15,Unnamed:_16
Men,6.583990705442844,6.583990705442844,6.583990705442844,6.583990705442844,6.583990705442844,6.583990705442844,6.583990705442844,6.583990705442844,6.583990705442844,6.583990705442844,6.583990705442844,6.583990705442844,6.583990705442844,6.583990705442844,6.583990705442844,6.583990705442844
Women,4.131253559122257,4.131253559122257,4.131253559122257,4.131253559122257,4.131253559122257,4.131253559122257,4.131253559122257,4.131253559122257,4.131253559122257,4.131253559122257,4.131253559122257,4.131253559122257,4.131253559122257,4.131253559122257,4.131253559122257,4.131253559122257
