index,Sun_JSun_Sunday_on,Metro,Daily_or_Sunday_Mirror,Daily_Mail_Mail_on_Sunday,Times_Sunday_Times_or,Daily_or_Sunday_Telegraph,Your_local_daily,Daily_or_Sunday_Express,Guardian_Observer_or,Your_local_paid_weekly
2013,46.87846744560429,39.93292170646022,49.984256111777405,49.998423278749854,59.94912041812034,59.94255463362455,62.88644481545598,62.8847957889414,46.79279270453877,46.86991909740638
2014,39.90271676535168,71.97335527681487,62.90577831019332,50.06789464329948,50.054569482793454,62.90350652543349,62.91573311240577,62.9137901999777,62.92556662836821,71.94070128642727
