index,Total,Other_services_products,Powder_concentrates,Dairy_products,Fresh_produce,Cream_cheese,Cheese
2010,0.0,0.0,0.0,56.93509616632093,189.43836294625655,408.7013369147689,0.0
2009,1006.7885710964443,1006.4454683872226,593.7566619995911,56.93618595788018,203.7624015684695,203.76214209428872,1006.67614093392
