index,China,India,United_States,Brazil,Indonesia
2016,52.79896023510011,6.377471303864397,11.504503164929972,5.526005681148462,3.1422453293773174
2017,78.74094379670015,11.822789036918891,11.182481993476344,6.121900105283615,3.793575615983357
2018,89.27358186050905,16.85306842236396,11.786787690978173,7.01523943960234,4.9953009087954
