index,Fetal_Monitors,Neonatal_Monitors,Remote_Patient_Monitoring,Micro-_Electromechanical_Sensors,Blood_Pressure_Monitors,Patient_Monitoring_Accessories,Multiparameter_Patient_Monitoring,Medical_Imaging_Information_Systems,Clinical_IT_Systems
2008,0.0,0.0,0.0,0.0,0.0,0.0,7506.438848050168,1650.488668186017,0.0
2015,0.0,0.0,0.0,0.0,0.0,0.0,7510.390832141687,1656.0395999046686,5030.185664119523
2022,0.0,0.0,0.0,5027.930379911819,7525.684405442845,7526.592104969167,7512.234160410521,7510.55608000417,5029.286110614592
