index,Chinese_language_print_newspapers,Chinese_language_magazines_print,Chinese_language_radio,Chinese_TV_language,Any_Chinese_language_media
10_hours_or_more,0.0,0.0,0.0,0.0,16.853692869057063
5_10_hours_to,1.9548769944984985,0.0,8.917278867837943,8.921813882088081,44.85254636800984
2_to_5_hours,16.949592582663577,20.046872114915868,20.04531923950824,30.035047857147823,22.806605978338546
Less_than_2_hours,12.967606709966908,0.0,0.0,0.0,4.752339549727935
