index,Sales,Average_bill
Moscow,33.04906594756994,31.9233959863194
Across_Russia,6.388493227459506,14.940469173858016
