index,General_personal_spending,Food,"Toiletries_(shampoo,_soap,_etc.)","Entertainment_(movies,_games,_etc.)",Clothes
Spent_more_money,4.949327440340468,10.99094550194102,9.962450177931458,13.912857704174591,2.961796508070389
Spent_less_money,24.96159266391537,10.996566702597502,8.899170253447434,11.92388905835885,23.922222290250307
