index,Liberal,Moderate,Conservative
Neither_support_or_oppose,7.5921265799252495,17.271470893114667,17.406936225027422
Somewhat_oppose,2.6584005347687025,3.0237685548513724,11.777967909582614
Somewhat_support,21.49114941220537,31.476899752647995,25.680825418815743
Strongly_support,65.94521565763021,35.0551564594213,16.098305164819024
Strongly_oppose,0.0,9.791586841474754,27.93730272504416
Don't_know_opinion_no,0.0,2.5525020960344165,0.0
