index,White,Hispanic,Black,Asian
Men,9.42908619552625,25.916608343572868,23.49517396962088,16.51023957650203
Women,9.271781179250492,25.31960144878467,9.173870917316483,36.131062722900765
