index,Social_media_sites_they_use,The_federal_government,Companies_/retailers_they_do_business_with,Their_mail_providers_e-,Their_cellphone_service_providers,Their_credit_card_companies,Their_cellphone_manufacturers
Not_all_confident_at,23.65704920261,23.62129091755365,23.66375042376532,23.676188775296524,29.613170428332893,29.56195508127206,29.585480476766605
Not_confident_too,26.78001582057164,0.0,0.0,29.53593253261117,0.0,0.0,0.0
Somewhat_confident,9.147135267468023,0.0,0.0,24.698085489564512,0.0,0.0,39.86882833731482
Very_confident,0.0,0.0,0.0,0.0,47.694313681949616,26.404407633386317,26.358589614213543
