index,March_May_2015_to,March_May_2016_to,2017_March,2018_March,2019_March
Ever_done,34.017415452716534,33.05206923082402,30.97957384222252,30.969423136964,0.0
Past_three_months,24.010849106127296,21.9822132920848,20.990439948897272,21.01949710083231,30.978629163152647
