index,"Degree,_professional_qualification","0_Grade_Higher,_a_level_Standard_or_equivalent","Higher,_a_level_or_equivalent",No_qualifications,HNC_JHND_or_equivalent,Other_aualification,Qualifications_not_known
Male,30.714653857594516,18.82160711063357,16.79999653927633,13.811929444084182,13.80999720670161,3.849746090000238,0.8975840028872284
Female,32.70216600102668,17.74266882769634,15.843291840355167,14.786963618730429,10.868287329054674,4.922648706060137,0.8865797255975707
