index,Food,Cosmetics,Pharmaceutical_products,Chemistry,Energy
2012,34.77361981443903,17.746122365938238,29.77857953728676,20.887019089560127,9.96053235472931
2014,33.738735554837056,19.767683429749837,29.77522927674012,17.742225270277437,12.881424655911765
2016,36.64201212397922,21.79937885262053,31.831097677168607,22.734419139324515,13.859275684654278
