index,6,Unnamed:_2,6.1,"0,",Unnamed:_5,<,Unnamed:_7,6.2,0),Unnamed:_10
Too_thin,11.178964364860905,8.860376814585948,11.178964364860905,9.750809112218988,8.860376814585948,23.10751072884193,8.860376814585948,11.178964364860905,8.903508655853443,8.860376814585948
About_right,67.68891030551744,59.4544880696282,67.68891030551744,64.20800242233197,59.4544880696282,54.50295133491895,59.4544880696282,67.68891030551744,47.76835133965558,59.4544880696282
Too_fat,18.78790025632773,22.21759416751101,18.78790025632773,23.766628508966303,22.21759416751101,21.81194720787491,22.21759416751101,18.78790025632773,42.50473306812273,22.21759416751101
