index,Fayetteville,Woodford,Barnett,Haynesville,Marcellus
Average_TDS_(parts_million)_sper,12032.9259389441,29705.331902731385,78652.44052639947,108922.29084536912,118130.93576854334
TDS_(parts_million)_Maximum_per,19084.960738644357,38888.29227363417,148662.98521417443,197488.219681314,276917.3151803671
