index,Western_Hemisphere,"Europe,_Eurasia","East_Asia,_Pacific_Region",Africa,Middle_East,South_Asia
Fatalities,19163.6759466948,19273.7608303646,117098.12200378237,117193.6161322954,205972.06095791,117143.42261512073
Attacks,19263.524211637385,19362.10801776836,19191.307120552403,0.0,205988.4439459911,431686.93099353474
