index,has_improved_It_a_lot,has_It_improved_a_little,It_has_stayed_the_same,It_has_worsened_a_little,has_worsened_It_a_lot,Don't_know
Total,12.876962804640222,13.83440519458447,41.66069826696005,11.799834148348909,10.883167203194049,7.867603214485712
Female,11.827480864280927,9.960771358174163,41.65695299867328,12.881889658524152,12.870312506713551,8.832407240756538
Male,12.847750189411748,16.816751112242038,41.611455985578445,10.874888942889072,8.831925058351231,6.996762694167934
