index,Spain,Italy,United_Kingdom,France,Germany
2014,6.32678757036217,9.347383691499845,10.013875858857196,11.971704114415305,0.0
2015,9.349514804740757,9.347965402734845,10.012721294933923,11.973803589989338,6.3613759769711535
2016,6.357948984894913,11.97656239454111,11.973253094585656,11.971981260377156,11.97170200523751
2017,6.730821246338468,10.014646974257907,6.733522681254303,0.0,0.0
