Unnamed:_0,index,Unnamed:_2,the
0,Export_to_Germany,11.090362103502496,14.330513394319905
1,Export_surplus,7.199210774348755,14.330513394319905
2,Import_from_Germany,4.311166402016479,14.330513394319905
