index,Radio_RFM_MAXXX_(Warsaw),"Rock_Radio_103,7_FM_(Warsaw)",Radio_Pogoda_(Warsaw),Meloradio_(Warsaw),Antyradio,Radio_VOX_FM_(17_frequency),Radio_Eska_Rock_(Warsaw),Jedynka,Radio_RMF_Classic_(Warsaw),Radio_Zlote_Przeboje_101_FM_(Warsaw),Trojka,Radio_ESKA_(Warsaw),Radio_TOK_FM,Radio_RMF_FM,Radio_ZET
March_2019_August,2.6442245718515256,4.069970281599513,4.079953283715879,4.081565399343996,4.7655115650964746,4.755285204721151,4.7612129443214375,4.765371288720132,4.763614645916389,4.763964274157425,4.765214009146657,0.0,0.0,18.241380574591165,0.0
March_August_2020,4.08079069117465,4.764390416785556,4.083494199518704,4.081280595792029,3.778990318273284,3.781261307790281,4.767652905235337,4.767232076106311,4.763646526911014,4.764630586945051,4.765645465273892,4.767318154791793,4.7636815960051,4.077535641623614,2.660986536124621
