Unnamed:_0,index,Unnamed:_2,the,State,Subject:,startings,From:,St,and,antimations,SC,The
0,Men,70.2302991987818,71.51260400552688,67.11958724502924,71.0492423579644,42.34025666098623,68.25263448159279,68.40629795350263,69.27719786179907,92.23993538775711,66.1420966412744,60.9363860648442
1,Women,70.2302991987818,71.51260400552688,72.28879041265076,71.0492423579644,42.34025666098623,68.25263448159279,71.52468198960501,69.27719786179907,92.23993538775711,68.27099623002823,56.91686891457532
