index,Lima,Other_provinces
February_20_March_5_2020_to,50.80045794402493,43.46581985337958
March_March_21_2020_6_to,58.46063685806203,52.25244172334315
