index,Other,Take_sabbatical_leave_of_absence_a,Seek_quidance_from_professional_career_outside_of_my_company,Go_back_to_school_to_further_my_education,Involvement_in_volunteering,Involvement_in_mentoring_program,Involvement_in_networks,Flexible_work_arrangement,Career_planning,"Develop_knowledge,_skill_set"
Men,0.0,8.813140541754237,0.0,0.0,0.0,21.74710244252564,21.749859784241536,37.67635008751154,37.70703784463249,37.71611781317906
Women,13.713223308979169,13.716290675487656,13.71682617285667,13.716830870202015,13.712889797459866,13.712011393880864,0.8523661937692495,37.71778537077556,0.8288137042231938,13.70595181838936
