index,EFD,Greens_JEFA,NI,GUE/NGL,ALDE,ECR,S&D,EPP
2009,30.41750822897302,56.159032681433615,56.19190927892848,81.83771829864264,81.76410615604465,123.79570632946542,193.8704056264825,356.83890532718766
2014,30.4753942899506,56.2457021380267,30.478415072937597,50.93009826304157,50.86905225021314,123.82084677540831,356.8983140592643,356.9325987182056
