index,All,Female,Male
Cocaine,2158.11888248877,667.2188719142619,1485.0589518806198
Heroin,487.8203780189404,122.87383698268104,361.5823508210324
