index,Visual_disability,Mental_illness,Mental_retardation)_intellectual_disability,Speech_and_language_disability,Hearing_disability,Locomotor_disability,Mulitple_disabilities
Male,0.2883520252923448,0.2885644770836961,2.468036790789523,0.2892181122885047,2.468288924668339,1.3814339926122128,2.468152581085767
Female,0.288706315109148,2.467503829830185,0.290001579143583,0.2892256417102286,3.402301479673817,3.40156624181735,2.467440948983894
