index,Uninsured,Medicaid,Exchanges,Individual_other_or,Employer
Without_health_law_care,180.4350175137029,95.19653282295576,0.0,93.17910041604904,485.0293297657837
With_health_care_law,80.06180340710478,146.98128429761044,65.77234926860831,84.39581162325942,476.08423334883287
