Unnamed:_0,index,Unnamed:_2,the
0,Businesses_in_1994_started,26.971445240388743,134.60685424149176
1,Businesses_in_2000_started,36.116363249124745,134.60685424149176
