index,"17-18,_2013_September","14-16,_2011_January"
Great_Deal,36.62611089379883,41.75669352692008
Fair_amount,28.757272715922078,34.702469087447504
Not_much,16.7838995605655,15.872996434501324
Not_all_at,14.829176872599454,5.88132651670238
No_opinion,2.909443266473182,1.8783032629965604
