index,India,Brazil,Russia,China,Spain,Germany,Turkey,France,Japan,United_Kingdom
Public,69.10567759869335,69.09475379198281,69.10443673400216,69.34692215712127,69.34069684652471,69.37842647863587,69.36703570804578,69.37789392994176,69.34419382883621,69.36597585744273
Private,68.98290020247343,69.09276001362065,69.0845750287655,69.09513680729975,69.0980382794952,0.0,0.0,0.0,0.0,0.0
