Unnamed:_0,index,Unnamed:_2
0,Other,3.900786972982445
1,Smartphone,89.60670729535211
2,Tablet,79.1421775056533
