index,Strongly_support,Support,Neither_support_nor_oppose,Oppose,Strongly_oppose,Don't_know
2012,33.704552928115405,39.65439933451828,19.75449736485641,2.865716344026495,0.8409442691886895,1.947374487531384
2014,31.86516641191593,44.65854635865614,15.894431180798492,1.9563090189880936,0.8575622111819285,2.851839407408008
2016,33.69165969725859,41.80101244095304,17.691489697622103,1.9395525941449137,0.8211937496243209,1.968490734512443
2018,35.762002180269214,44.687483305206,14.726189858674076,1.9473267348245076,0.8405001690147387,1.9456744911665569
2020,35.7545861848912,43.73594257307224,15.88420255098542,1.9702528093962,0.8538231742334474,1.989038724281656
