index,Vietnam,Ethiopia,India,Tanzania,Ghana,Burkina_Faso,Senegal,Peru,Uganda,Argentina,China,Nigeria,Indonesia,Pakistan,South_Korea,Philippines,Kenya,Mexico,Venezuela,South_Africa,Palest._Ter,Chile,Malaysia,Lebanon,Canada,Brazil,Australia,Turkey,UK,Spain,U.S,Italy,France,Germany,Ukraine,Japan,Israel,Poland,lordan
Unfavorable,59.274925515592656,98.83211682901592,59.27554436059373,59.2612049971455,59.27892291978877,59.269801924998205,59.27415056554628,59.27409202615428,59.27062147648611,59.27073019249981,59.26303644383786,59.26178481588525,59.27062426407621,59.27045143349032,59.26840255477056,59.27421746770855,59.27396937219011,59.26958449297081,59.26614460679369,98.8167822959038,98.81699136516092,98.81906254460144,98.81106494861916,98.8157453123885,98.82408020677228,98.82257490812104,98.8109227815243,98.80795399807322,98.82606775850996,98.81785830568045,98.8302045422108,98.8252788705131,98.81292705880254,98.83510791318776,98.83254054271036,98.82333034503677,98.82829783058588,98.82353941429388,98.82146544726326
Favorable,59.27154416880754,59.2763806376222,59.283054128309416,59.27934105830301,59.26655159494754,59.27796398879612,59.27756257582245,59.27220482766002,59.27602382609005,59.28174117337471,59.27431224577178,59.2755081219225,59.27962539249268,59.28436987083423,59.259504567187605,59.28114462909441,0.0,0.0,0.0,0.0,0.0,0.0,0.0,0.0,98.8217720821737,0.0,0.0,0.0,0.0,0.0,0.0,0.0,0.0,0.0,0.0,0.0,0.0,0.0,0.0
