index,Services,Products
2019,2862.1873829941665,3087.398000408893
2022,4247.850042281104,4949.667696517722
