index,Scaling_Up,Duplication_of_efforts_across_organization,Getting_orcanizational_alignement_and_senior_buy-in,Versioning_Cross_and_Other,Versioning_and_Other,Other
2018,30.139741233280084,13.981281463097709,23.158842988298986,24.030612693927843,24.014189645142206,9.94192099866764
2020,43.33215418317335,28.13603103787023,34.28245938293901,33.148627704588975,41.184599039027866,26.16522424877617
