index,Very_positive,positive_Somewhat,Neutral,Somewhat_negative,Very_negative
White,21.84215647879383,23.79293314008806,31.714827095623495,13.81281757327922,7.843679498148383
Hispanic,34.67387582233536,24.661161218556696,32.76754845926674,2.905889953367641,3.9477609144311145
African_American,28.742080988325,18.854296334652474,38.71557790066348,6.910695196726749,5.92574557514137
Other,20.79326145359181,25.730192349805687,39.5763400640069,9.918830379441816,1.8834331047285888
