index,Macao,Zhaoqing,Jiangmen,Zhongshan,Zhuhai,Huizhou,Foshan,Guangzhou,Dongguan,Shenzhen,Hong_Kong
2018,244.69279090492176,244.6072488975562,198.49724442053468,244.6709358913544,244.67884186299835,244.66678601351836,245.07524606958103,245.0253415167712,245.0907248109988,245.09534420056087,245.08304602244817
2019,0.0,198.5057562137605,198.5521318558557,198.4531557549112,244.65547229547616,245.1080967448601,245.0845605764029,245.09210305509765,0.0,0.0,0.0
