index,Unnamed:_1,Unnamed:_2,Unnamed:_3,or,do,Unnamed:_6,>tos,Unnamed:_8,Unnamed:_9,Unnamed:_10
Convenience_store,114.67241415347635,114.67241415347635,114.67241415347635,63.57627829517216,65.55401147377378,114.67241415347635,114.6391992708341,114.67241415347635,114.67241415347635,114.67241415347635
Newsagent,29.097148082666024,29.097148082666024,29.097148082666024,9.934633208555226,8.861867322159071,29.097148082666024,0.0,29.097148082666024,29.097148082666024,29.097148082666024
