index,"likes_Facebook_interactions_(posts,_and_comments)",Tweets_with_#GRAMMYS
2015,44.66095260446672,20.617954443144704
2016,49.3575584711456,16.852555634285302
