index,Cooper_Gay,Swinton,Arthur_Gallagher_&_Co._J,Towergate,BGL_Group,Saga,Willis,JULT,Marsh,AON
2012,153.48295027122765,269.2250819940481,298.98453437855244,362.7008814501871,298.7074799702359,498.214767498752,576.5953414049425,576.6628139024178,576.639801609092,0.0
2013,222.03178825243964,221.92776815216504,344.3324462453233,363.2940544849487,363.3895498341982,363.55390068574366,576.8450077833697,576.7897782793879,498.4464094700916,299.1204542785408
