index,Rural_Minor_Roads,"Urban_""A""_Roads",Urban_Minor_Roads,Motorways,"Rural_""A""_Roads"
Road_traffic,14.007305642947728,20.09770637629881,20.085501890424865,35.11442217783764,15.00820462750827
Road_length,14.984515302408964,15.033628317423512,20.07131878608888,15.045701660400226,14.968712583292133
