index,No_symptoms,symptom,2_or_more_symptoms
Men,79.48050525460492,7.982890570575066,12.819814732583126
Women,79.47947456608534,10.994248134101356,9.8033545675967
