index,Pain_from_illness,Post-_surgical_pain,Chronic_pain,Other_have_never,Other,Prefer_to_not_answer
Total,11.846530244593277,25.92019195217681,9.874218043958578,48.828736918121066,1.8774053006659412,1.9036750813986885
Female,7.929191054416911,26.883895095292168,8.93371449801603,50.74094758766599,1.87984233353064,1.8780026126425824
Male,15.952249685963224,23.759182925000907,9.989403685534365,46.87019574510786,0.7897658955170002,1.875458063622084
