index,Zachodniopomorskie,Wielkopolskie,Warminsko-_mazurskie,Swietokrzyskie,Slaskie,Pomorskie,Podlaskie,Podkarpackie,Opolskie,Mazowieckie,Matopolskie,Lodzkie,Lubuskie,Lubelskie,Kujawsko-_pomorskie,Dolnoslaskie
2017,8494.501148231466,8497.907259874839,7122.74147170069,7128.843097917277,7134.1229105569,0.0,0.0,0.0,0.0,0.0,0.0,0.0,0.0,0.0,10463.691278844706,14530.297380564049
2018,8493.836396133567,17531.119942522153,7126.028726008557,7122.065682850211,7135.553443487879,7127.885447385441,10640.03141773364,10638.592394992982,10633.307488467555,10645.82231691596,10646.772326619088,10644.382445194336,7123.858730654501,0.0,10438.440037915258,14556.705782552795
2019,7126.466800188013,17538.001782248277,17533.649056825645,7134.086404375277,7140.356977804484,10640.43977757922,10636.242415673723,10633.658966588282,10649.09513854737,10642.3576255858,10648.440574221093,10641.59014679078,10643.18453304857,10637.57531579339,10436.107887196327,10435.685094674294
