index,Thursday,Friday,Saturday,Sunday
5-8_March,16477.237607651194,16531.673654350045,15589.650158760463,17676.105133845012
12-15_March,18487.49192997137,19382.84047193983,18260.300249691165,18428.575169877007
