index,Unnamed:_1,Unnamed:_2,Unnamed:_3,Unnamed:_4,call,Unnamed:_6,of
Public_4-year,62120.25672046793,62120.25672046793,62120.25672046793,62120.25672046793,71482.7163017914,62120.25672046793,84881.40610622909
Private_Non_Profit_4-year,86058.19280711681,86058.19280711681,86058.19280711681,86058.19280711681,95327.14419841544,86058.19280711681,90760.66553916404
