index,Buy_paperback_or_hardback_book_for_yourself_in_a_shop,Buy_paperback_or_hardback_book_for_yourself_online,Buy_an_book_for_yourself_e-,Buy_audiobook_for_an_yourself
Less_soften,11.747223315407323,8.76723974094557,4.437290186225894,3.7575643001890455
Once_or_tw_Less_often,6.151449028284986,2.1193185508840884,6.948416090177375,0.0
Never,24.26404002549256,52.50674089934272,68.47949647436934,88.77118390374851
Once_twice_or_a_month,17.210290170906816,8.457312565469863,9.3674267943382,0.0
Every_6_to_months,24.54051941600436,18.321693169688047,10.734076529736114,3.556757178379655
Every_7_12_to_months,14.72287205693776,7.763337923038378,0.0,5.641570994294952
