Unnamed:_0,index,2013,2018
0,Offline_sales,96.317964338021,95.23715960473572
