index,Fine_dining,Casual_dining,Family_dining,Fast_casual,Quick_service
Plan_stoffer_within_the_to_next_vear,2.9492535700591844,11.04089645858306,44.84688496246468,14.039598065594712,20.17065085286312
Currently_stoffer,11.040851607282846,11.034291843864068,14.051683926420498,15.090018645624244,10.083640373513283
