index,Encourages_hate_speech,society_Represents_a_danger_to,all_Ensures_views_are_represented
Below_the_Baccalaureat,78.6703700818659,71.5283253991536,67.61490841302964
2_years_d_education,81.59554509818942,76.63123524905824,67.5983494843658
More_than_of_higher_education_2_years,87.68448709645361,72.49581469026683,68.67061868677801
