index,Opinion_affairs_on_current,Videos_of_yourself,Food_eating_you're,Memes_you_created,Brands_products_you_like_or,Photos_of_yourself,Events_you're_attending,Memes_else_created_someone,Travel_experiences
Very_likely,53.51827674364473,53.48858978693974,53.49841758965954,53.50784787404319,53.51430874434973,53.50573815323517,53.51695966482019,53.50300341865768,53.51007732928981
Somewhat_likely,47.53363340380103,48.44882119050516,53.45975294474877,53.52104500386503,48.4372189234054,47.513465334964266,0.0,0.0,0.0
