index,800,400,200,600,Unnamed:_5,Unnamed:_6,Unnamed:_7,Unnamed:_8,Unnamed:_9,Unnamed:_10,Unnamed:_11,Unnamed:_12,Unnamed:_13,Unnamed:_14,Unnamed:_15,Unnamed:_16,Unnamed:_17,Unnamed:_18,Unnamed:_19,Unnamed:_20,Unnamed:_21
SMS,0.0,0.0,0.0,0.0,19525.473640483768,19525.473640483768,19525.473640483768,19525.473640483768,19525.473640483768,19525.473640483768,19525.473640483768,19525.473640483768,19525.473640483768,19525.473640483768,19525.473640483768,19525.473640483768,19525.473640483768,19525.473640483768,19525.473640483768,19525.473640483768,19525.473640483768
WhatsApp,0.0,0.0,0.0,0.0,79005.92608659803,79005.92608659803,79005.92608659803,79005.92608659803,79005.92608659803,79005.92608659803,79005.92608659803,79005.92608659803,79005.92608659803,79005.92608659803,79005.92608659803,79005.92608659803,79005.92608659803,79005.92608659803,79005.92608659803,79005.92608659803,79005.92608659803
