index,0_check-ups,Up_to_three_check-ups,Up_five_to_check-_ups,More_five_than_check-_ups
Female,18.578260891001637,61.36232966942784,9.846361533652278,8.825474711704217
Male,18.591741493073695,61.38844634788765,11.714197876343944,6.754659563108255
