index,Moon_Jae-_in_(Democratic),Ahn_Cheol-_soo_(People's),Hong_Joon_(Liberty_pyo_Korea),Sim_Sang-jung_(Justice),Yoo_Seung-_min_(Bareun),Cho_Won-jin_(Saenuri),Not_decided_yet
Male,38.136962957216745,18.94444458346575,18.943138339268152,7.952850089710445,6.948738673586597,0.8996569232193679,7.960572445254101
Female,36.97215097380254,22.01047497741599,14.029097715574082,7.964005715443957,5.987993563869587,0.0,13.036942687910235
