index,Computer_at_home,Cell_phone,Computer_at_school,Video_game_console,Portable_gaming_device,Computer_at_work,Total_number_of_hours_per_day
White,139.64079238956236,40.490071061159256,18.70428136348073,13.633454432468,0.0,0.0,228.8065291884654
Black/African_American,188.25833372537133,59.2603938395693,23.88125196619916,23.84087122152846,23.728322328254308,13.379513256869188,338.3461419530376
Asian_American,204.34827019730963,54.11668264822492,28.866980953516705,18.69938793333836,23.676483795933223,13.524883937683567,343.6662752254086
Hispanic_Latino_/Latina_or,134.58579948453877,34.258347450846145,28.966759187638843,13.6441563244054,9.715607167761164,9.94898002316819,234.30883332768065
Other,168.93576945260315,43.937671624381096,24.82385392036855,13.62903841014446,9.586786624664114,18.54995928606445,283.5387496510198
