Unnamed:_0,index,Unnamed:_2
0,18_25_to_years,100.93319520519948
1,25_35_to_years,100.93319520519948
2,35_45_to_years,95.26146165902206
3,45_55_to_years,95.26146165902206
4,55_to_65_years,92.00948265012391
5,65_75_to_years,80.60367906332829
6,75_folder_years_or,49.622125340995154
