index,T-Mobile,Orange,Play,Plus
Download,25.80304053950568,25.00749839096531,23.852021223261183,20.385177208240577
Upload,11.165020079323456,12.326672672821896,10.723463520775525,11.085112574567829
