Unnamed:_0,index,Males,Female
0,Football,43.3964750005789,32.08192449055166
1,don't_have_favorite_sport,15.998424401458962,28.83657968341477
2,Baseball,16.8113882876864,15.11437062939855
3,Soccer,4.75408544188592,3.75641315348382
4,Basketball,11.959721627878537,11.986857891539344
5,Hockey,4.852151894038116,6.160140685987308
