Unnamed:_0,index,eots,2012,earo,200,201,20,ecos,cont,2007,2015,ecoo,zoos,eads,1993,2016,2018,2017
0,Africa,28292.365756347197,24453.173580891103,45085.603720324,208499.05825929483,33611.63153539039,275651.52225974086,34321.82564960641,54871.84049122152,95666.63978440978,66218.16947099834,32808.19835066004,36203.15196958603,24578.42009352229,407452.3704472929,124018.42998567736,75468.01099212107,76979.8600998387
1,Americas,28292.365756347197,56330.80773805047,45085.603720324,36109.60364842322,33611.63153539039,36596.51879444241,34321.82564960641,54871.84049122152,95666.63978440978,66218.16947099834,57599.97239937971,66479.25433097081,73870.42214211449,47090.24373638188,54942.73620238376,75468.01099212107,47911.61345872353
2,Europe,55784.516467524576,56330.80773805047,45085.603720324,208499.05825929483,33611.63153539039,275651.52225974086,115476.38588624506,54871.84049122152,95666.63978440978,35310.577285433654,267226.91609406576,95456.8905320837,73870.42214211449,407452.3704472929,54942.73620238376,55609.40328782727,47911.61345872353
3,Eastern_Mediterranean,28292.365756347197,24453.173580891103,45085.603720324,36109.60364842322,33611.63153539039,36596.51879444241,34321.82564960641,54871.84049122152,33993.16952294274,35310.577285433654,88306.55166343751,36203.15196958603,24578.42009352229,87586.69346645672,97477.4569565378,55609.40328782727,76979.8600998387
4,Western_Pacific,419215.64661387214,589230.0949008096,503020.7555022335,105440.89309267908,251720.39276571895,338135.07459488045,508198.2685152833,620941.390865422,278089.4224343081,286254.7219312394,166371.2340458678,401617.4292119226,431727.0000991052,47090.24373638188,357636.65242551325,325311.1460167043,356770.5186718052
5,South_East_Asia,55784.516467524576,56330.80773805047,66469.04905957123,36109.60364842322,63994.2707451738,36596.51879444241,34321.82564960641,75386.36882092443,33993.16952294274,66218.16947099834,32808.19835066004,36203.15196958603,73870.42214211449,47090.24373638188,54942.73620238376,55609.40328782727,76979.8600998387
