index,Induced,Direct,Indirect
2016,24.914647016045983,37.13329157854149,65.25602120776418
2017,26.829425353934923,42.09443472022488,70.08961507510317
