index,Kidney,Liver,Heart,Lung
2017,40.90951068058455,17.5418724850582,0.7948096211230151,0.0
2018,46.86792987821507,19.154987045366383,0.981056184820396,0.0
2019,45.89183641881889,21.12238354635896,0.9372796079719236,0.0
