index,Unnamed:_1,Unnamed:_2,Unnamed:_3,Unnamed:_4,Unnamed:_5,Unnamed:_6,Unnamed:_7,Unnamed:_8,Unnamed:_9,Unnamed:_10
They_over-reacting_total_quarantine_is_are_a_excessive,22.670473396183155,22.670473396183155,22.670473396183155,22.670473396183155,22.670473396183155,22.670473396183155,22.670473396183155,22.670473396183155,22.670473396183155,22.670473396183155
a_total_quarantine_is_given_the_risk_correct,76.13407085254534,76.13407085254534,76.13407085254534,76.13407085254534,76.13407085254534,76.13407085254534,76.13407085254534,76.13407085254534,76.13407085254534,76.13407085254534
