index,Very_good,Rather_good,bad_Rather,Very_bad,It's_hard_to_tell
Polish_Government,19.688783309475436,46.41425425525704,14.671934869485668,10.766717331537038,5.785921844526129
Polish_Health_Service,19.687999312914123,48.39930904858615,16.61209224862872,7.724652785481254,5.793495033531499
