index,Total,Male,Female,White,Black
Army_National_Guard_20000,362.401667022156,310.1703098869065,50.99028690422677,290.7811616407052,47.4104532989756
Air_National_Guard_2010,107.51394439988428,87.18229087220493,19.790548858538894,88.24104436331044,8.06770675735521
