index,Americas,Europe,Western_Pacific,Africa,Eastern_Mediterranean,Southeast_Asia,Worldwide
2000,547.1934104758393,392.7536642451233,288.5540552469532,208.3314432301765,198.7305559186346,179.06499629958137,382.60268967805246
2016,372.7737946655282,398.3063838988671,276.9617014598051,292.60159536062,262.9932862938206,198.49220868101528,328.36366194353053
