index,Unnamed:_1,be,2,Unnamed:_4,it,Unnamed:_6,Unnamed:_7,5,Unnamed:_9,Unnamed:_10,it.1,Unnamed:_12,Unnamed:_13,st,Unnamed:_15,Unnamed:_16,5.1,Unnamed:_18,Unnamed:_19,it.2,Unnamed:_21,Unnamed:_22,5.2,Unnamed:_24,Unnamed:_25
Facebook_fans,0.654547434246707,0.0,0.6120097075568811,0.654547434246707,0.0,0.654547434246707,0.654547434246707,1.1992752829727722,0.654547434246707,0.654547434246707,0.0,0.654547434246707,0.654547434246707,0.0,0.654547434246707,0.654547434246707,1.1992752829727722,0.654547434246707,0.654547434246707,0.0,0.654547434246707,0.654547434246707,1.1992752829727722,0.654547434246707,0.654547434246707
Twitter_followers,0.0481819343466192,0.0,0.0907472230426011,0.0481819343466192,0.0,0.0481819343466192,0.0481819343466192,0.7972546331630013,0.0481819343466192,0.0481819343466192,0.0,0.0481819343466192,0.0481819343466192,0.0,0.0481819343466192,0.0481819343466192,0.7972546331630013,0.0481819343466192,0.0481819343466192,0.0,0.0481819343466192,0.0481819343466192,0.7972546331630013,0.0481819343466192,0.0481819343466192
