Unnamed:_0,index,Female,Male
0,At_least_day_once_a,17.75384590094913,17.53820713221012
1,Never,22.475725658446983,41.30039998112245
2,few_a_stim_Never,6.6780727304929,0.0
