Unnamed:_0,index,Microsoft,Google,Apple,Amazon,Facebook
0,Rather_aood,67.31386348267002,63.14472041124853,52.80924417244697,50.526689196261415,42.75007668132335
1,Rather_bad,14.26322104335749,14.20328105047497,23.265159010214774,23.083069309904506,30.90264725772116
2,Very_good,13.027792770202694,16.017283560707483,13.701211792449826,13.763649048013876,7.816602848995586
3,Very_bad,3.549207565647862,4.827635402834062,9.487464992814251,10.853803302621358,16.805741633544272
