Unnamed:_0,index,Unnamed:_2,Someness,Stand
0,Bad_opinion,30.319288521156903,35.034246364868494,31.83208776380733
1,Do_him_well_enough_not_know,7.054258736975278,2.2239320977261343,3.198738175612746
2,Excellent_opinion,11.043700942824948,7.168981081208017,10.14751912551224
3,Good_opinion,30.319288521156903,29.750699696281696,34.769343974083675
4,Very_bad_opinion,30.319288521156903,35.034246364868494,29.768815507729457
