index,Ages_18-29,Ages_30-49,Ages_50-64,Ages_65+
Significant_crisis,56.489608406222665,66.45289317756817,68.4536104561762,75.39300178134444
Serious_problem_crisis_not_a,35.634328311433386,28.74209002040267,26.584929878437563,20.669211596391637
