Unnamed:_0,index,Saudi_Arabia,Kuwait,United_Arab_Emirates,Qatar,Oman,Bahrain
0,Travel_alone,9.95097122726915,10.02408387782414,9.990258206722828,28.173103179367075,40.37866608773518,0.0
1,Travel_with_family_friends_or,70.34714363732976,100.57692757124302,30.176923635164925,100.598628276785,100.6037298029993,40.46628072600961
