index,Wolverine,Under_Armour,Nike,Keen,Timberland,The_North_Face,Jordan,LLL_Bean,Birkenstock,Merrell
Extremely_positive,29.939813634245283,29.889271532995267,29.89332582979617,29.87283765603233,50.01521538962076,99.54677923647324,29.922902411725616,29.889921602273176,29.92788941662093,99.53253424012242
Somewhat_positive,21.69666197276869,0.0,0.0,0.0,0.0,0.0,0.0,0.0,0.0,0.0
Neutral,0.0,0.0,0.0,0.0,0.0,99.55175053921208,0.0,98.7398297132535,0.0,0.0
