index,Myspace,Spotify,Snapchat,Pinterest,Linkedin,Instagram,Twitter,Google+,Facebook
Mobile_elite,9.941227884632298,9.959335550150556,9.9399041984979,9.945920543653912,9.9427184409097,9.941216609622629,89.59628474901604,9.942756775942556,9.936846415877383
Total,0.0,0.0,0.0,0.0,0.0,28.83238705935572,28.834308321002236,32.90598040042521,32.90377951853904
