index,Wine,Beer,do_not_know
2015,66.11901369026414,23.00016858364293,9.831575398239096
2016,69.45929182146673,22.499125273550817,6.545625731589411
