index,Browsing_catalogs,Engaging_in_other_social_media_sites,Reading_magazines,Reading_online_publications,Reading_online_bublications,Reading_the_newspaper,Watching_television,Using_search_engines,Shopping_online
Moms,52.55867181116196,46.64575111083228,45.6128875821333,40.65776315945313,0.0,39.654312038229,35.73059221906238,35.71146761282723,33.674284743839955
Non_Moms,61.44198401138914,48.38438555586759,46.67533002607284,0.0,39.71340643718032,33.61564229453847,34.71283332339738,41.716467107605006,45.66469528409867
