index,G7,G20,G20_G7_excl.,Rest_of_(excl._G20)_world
2015,12.406022669560343,37.221842284782056,24.44931453141476,9.172554585039208
2030,18.10075338553996,58.62731751274976,40.23422928738751,15.453967927917276
2050,25.920893345991274,98.67604112977352,72.39249703647843,31.89261017898245
