index,Kidney,Liver,Heart,Lung,Pancreas
2015,47.46968849076277,10.062145050578216,4.626389607144226,5.918510135753834,0.0
2016,45.61988559953468,10.223863598701826,4.909211958946173,4.927303486532175,1.2024305420156054
2017,44.426623318865694,9.781255437955636,4.240957860092962,5.913942338087665,1.548880845336562
2018,40.15799190032565,7.257157957396849,4.410004484091004,4.177460572631148,0.8070955482959903
2019,46.995661068596526,10.787836891240753,5.087187293519314,5.101582117153804,0.9656128270182832
