index,Unnamed:_1,Unnamed:_2,>IC,o,,Unnamed:_6,Unnamed:_7,Unnamed:_8,Unnamed:_9,the,it_ock
16-19,19.942649745477752,19.942649745477752,28.24828533545417,48.065849906900496,26.367066211723,19.942649745477752,19.942649745477752,19.942649745477752,19.942649745477752,21.688701011556475,28.080773027373823
20-24,39.6810003619409,39.6810003619409,38.292135650279135,52.825076233136826,19.155401794630336,39.6810003619409,39.6810003619409,39.6810003619409,39.6810003619409,20.19067377970049,30.396795403693886
25-34,20.561037702810268,20.561037702810268,45.99430765125322,43.99207136693176,36.37273210590388,20.561037702810268,20.561037702810268,20.561037702810268,20.561037702810268,36.18535391623351,40.38369353034244
355-44,15.130913601571365,15.130913601571365,31.951051066733584,26.82542900227793,21.389664587924244,15.130913601571365,15.130913601571365,15.130913601571365,15.130913601571365,16.15789981693314,41.50691446858235
45-54,21.60951201371097,21.60951201371097,48.09946717134992,15.458550904980145,17.031649206965085,21.60951201371097,21.60951201371097,21.60951201371097,21.60951201371097,15.56876162495672,49.0294449925656
55-64,13.971180370911751,13.971180370911751,30.204176215111545,15.4583013336034,16.1485658474424,13.971180370911751,13.971180370911751,13.971180370911751,13.971180370911751,18.14358951897549,39.2318467551884
65+,18.830709433467348,18.830709433467348,17.471893115567326,23.744270699091203,46.65629572810548,18.830709433467348,18.830709433467348,18.830709433467348,18.830709433467348,13.336420531263856,40.18520941440633
