index,Nothing,Up_$1_to_per_year,$1_$5_Between_per_year,More_$5_than_per_year
Developed_countries,43.67941269970995,15.883278558321225,29.768287621759136,9.914547333623538
Emerging_countries,19.75850209519693,26.78159445609171,32.75747703706794,19.766284922845937
