index,Less_than_30_minutes,30-60_minutes,1-2_hours,2-4_hours,than_More_4_hours
Phone_only_gamer,27.65788903468529,32.75628337807857,19.77584012106848,11.88249685970652,7.834982675696374
Tablet_only_gamer,21.845091310597752,37.68852754469721,19.76560525924253,8.870991298316824,10.801693628114968
Phone_tablet_and/or_gamer,16.74829417070847,29.80458978414057,23.80845770520818,13.80523823509241,15.880928364853226
