index,South_Africa,Mexico,South_Korea,Turkey,United_States,Japan
2018,4040.409309964464,3969.800788390157,7152.558241208271,5983.477531168161,15530.531422712023,9388.96527027746
2019,4019.99630397172,7156.644365857904,7828.214142413579,4021.357866140498,7832.021626798938,9394.748404020473
