index,March_2015,2016_March,March_2017,2018_March,2019_March
Ever_done,36.623944179507184,39.60363500838363,40.7132590657738,41.73819744691155,0.0
Past_3_months,26.78849866364681,30.660439966486,31.71081825311509,32.771386639021834,39.626669329910335
