Unnamed:_0,index,May,Jung,saptamber,July,January,August,Occess,March,April,Fabruary
0,Railway,11446.510495321454,16279.694967669384,23397.99715629906,20510.18526350883,30202.73653347133,21808.4355042158,17116.011740529088,19404.46327943654,8019.888180106042,29204.129150795765
1,Total,16825.78257754248,23063.190555330264,41467.83514247116,28156.223488024363,52174.38784547981,30809.874770177717,33943.17667269574,34168.22835938608,13253.504556638907,50661.40459669454
2,Road,6676.158627758807,8708.645982868133,19543.140348956687,8808.144416717878,22860.82254609508,9976.425333568865,18440.01202912866,16169.486006652718,8019.888180106042,22486.308624897683
3,Air,1813.5668543393183,1849.0322584657988,2234.418422106733,2249.302447374117,2697.3346212503893,2494.711599463604,2091.96592285933,2278.6848691723426,1822.5544918284068,2627.2372686538583
