index,White,Hispanic,African_American,Other
Very_important,8.85547470080553,12.792363999237525,20.12599180252137,12.802468881903325
Very_unimportant,31.86076257485425,23.58389984010833,17.112802966145253,23.46309553810495
Somewhat_unimportant,19.64785773111005,19.53332754215917,18.115292045535824,13.616617927694849
Some_pinion,16.824948869355097,16.771305816661453,18.783749064945354,20.8547957214478
Don't_know_opinion_no,22.67400611020031,26.65497995445436,24.77285654166836,27.95537890086993
