index,South_Asia,Near_East,Africa,Asia_East_and_Pacific,Europe_and_Eurasia,Western_Hemisphere
People_killed,6115.998181032151,3714.2678427773208,2113.120391061866,487.94370799296667,342.66598451396294,256.8380313714224
Number_of_attacks,5491.562224955901,3386.4017028562102,859.3421704966031,710.826909445087,689.3825170967193,345.7813796644987
