index,All,18-34,35-64,65_older_and
Favor,27.60852429204462,17.70573348996676,30.5633903921115,40.73615281102693
Oppose,64.29111940868222,75.33918163970588,63.41669467761582,45.46844523849947
