index,obile_narrowband_connection_(less_than_3G),Mobile_broadband_mobile_phone_via_network_(handset_or_dongle/card),"Fixed_broadband_(DSL_cable,_optical_fibre,_satellite,_public_wifi)"
2013,0.0,16.69076659015407,93.6461881066334
2014,0.0,16.701565052279122,93.65601221087842
2015,137.24902534014956,93.63869118773822,93.64438433667364
2016,137.2570295693459,137.20566238821556,0.0
2017,0.0,0.0,92.72889860920478
2018,0.0,47.804872353078295,92.69704274330864
2019,97.52270716881796,63.52948660600147,63.542257941520006
