index,6,to,a,ro,ar,Gor,of,of.1,Unnamed:_9
2015,19395.00374060817,36262.17479245192,16595.340545951738,31032.31748803928,84027.58477199628,83529.23864022152,41100.50800713489,41100.50800713489,0.0
2060,22363.216542458496,41042.15995638369,17942.65008147937,32898.27962880883,102278.42452622332,99303.60697775683,18819.648761191245,18819.648761191245,0.0
