index,Campania,Aosta_Valley,Sicily,Calabria,Piedmont,Basilicata,Apulia,Liguria,Lazio,Molise,Lombardy,Sardinia,Abruzzo,Friuli-Venezia_Giulia,Emilia_Romagna,Tuscany,Veneto,Marche,Umbria,Trentino-_South_Tyrol
Men,18.46830369183172,18.474618463188637,0.0,22.90064697731085,22.75516775839567,22.756395372267708,22.752752056098235,0.0,22.884911974505314,22.78052216990052,22.89929071198505,23.130340972852995,23.390473437349844,23.390447087052085,23.37011783233151,0.0,22.93871153244032,23.33510681170697,23.3445890438562,23.40176841498309
Women,23.139426400518328,22.811317917892477,23.33757831463496,22.76893501396566,22.71905622533535,23.372706361581887,23.391136844846347,22.817547438286056,22.76439966271619,22.90909534777743,22.90757090555124,22.79172569650037,23.40096938095401,23.403557135195623,23.374585757819062,22.942359498662334,22.94406994299036,23.338730752657508,23.327517150943805,23.35291341292157
