index,Work,Money,Health-related_concerns,Economy
Gen_Zadults,76.30858809124958,80.41530759914153,74.42445457204208,45.51332426981273
Adults_overall,63.40347182484723,63.39755077547685,62.45167339441532,47.57972036032479
