Unnamed:_0,index,Total,Women,Men
0,Fairly_likely,57.43305278821455,69.28688495096554,7.76966920747455
1,Very_likely,11.760446736472147,0.0,11.68522651958071
2,Doubtful/Do_not_know,57.26070963870384,11.827562252114532,69.06367921517008
3,Fairly_unlikely,16.610551839329005,27.58659813797898,29.381460111405545
4,Neither_nor,31.60526477678846,28.648229849675644,9.807442976912192
5,Very_unlikely,0.0,0.0,10.91102297405682
