index,Public,Private_for-_profit,profit_Private_not-_for-
2-year_instituttions,18.58629381378435,70.26671737981124,87.3501506612181
institutions_4-year,45.43112714255109,64.29881396978139,58.26818181015507
