index,OfferUp,Etsy,Wish,sebay,Amazon_Shopping
Home,49.661450345720894,29.82807736335819,29.849685725876213,51.094315361640014,34.912280286660334
Away_from_home,49.69088168399824,49.69905526329034,34.51862134947514,34.54244733311164,34.79068753998063
