index,Unnamed:_1,be,2,Unnamed:_4,it,Unnamed:_6,Unnamed:_7,5,Unnamed:_9,it.1,Unnamed:_11,it.2,Unnamed:_13,Unnamed:_14,5.1,Unnamed:_16,Unnamed:_17,5.2,Unnamed:_19,Unnamed:_20,Unnamed:_21,it.3,Unnamed:_23,Unnamed:_24,5.3,Unnamed:_26,Unnamed:_27
Facebook_fans,1.0796161894385143,0.0,1.0198776150405573,1.0796161894385143,0.0,1.0796161894385143,1.0796161894385143,2.118110062098146,1.0796161894385143,0.0,1.0796161894385143,0.0,1.0796161894385143,1.0796161894385143,2.118110062098146,1.0796161894385143,1.0796161894385143,2.118110062098146,1.0796161894385143,1.0796161894385143,1.0796161894385143,0.0,1.0796161894385143,1.0796161894385143,2.118110062098146,1.0796161894385143,1.0796161894385143
Twitter_followers,0.4052303656253304,0.0,0.2348668712356092,0.4052303656253304,0.0,0.4052303656253304,0.4052303656253304,2.3620223574316688,0.4052303656253304,0.0,0.4052303656253304,0.0,0.4052303656253304,0.4052303656253304,2.3620223574316688,0.4052303656253304,0.4052303656253304,2.3620223574316688,0.4052303656253304,0.4052303656253304,0.4052303656253304,0.0,0.4052303656253304,0.4052303656253304,2.3620223574316688,0.4052303656253304,0.4052303656253304
