index,Kidney,Liver,Heart,Lung,Pancreas
2015,48.23214936164695,16.308365568816527,6.869707236182805,6.322591407647771,5.799129522894894
2016,44.7263584043276,18.630017023383036,3.812938451442271,6.36469063801016,3.678884922828736
2017,51.09232807519299,18.97957398136939,5.797943015820685,6.516715938912853,4.413898841835746
2018,44.68861604971248,17.554268751744218,5.438469471186586,5.6308904395423625,2.7896740684116565
2019,47.17580701190303,17.21095456262995,7.753513496449941,6.06460231670949,2.804652359550289
