index,Kidney,Liver,Lung,Heart,Pancreas
2017,2391.9918991732784,290.4328938972758,94.1203309506718,67.83071138676314,58.07975668594145
2018,2319.3393320911214,316.33993045694297,93.9751568007032,68.02473172628925,76.77502175053951
2019,2320.643307045306,317.9111950349893,111.69240653919496,57.92748755871844,38.43785792539984
