index,Unnamed:_1,Unnamed:_2,Unnamed:_3,Unnamed:_4,Unnamed:_5,Unnamed:_6,Unnamed:_7,Unnamed:_8,Unnamed:_9
Federal_custody,3209.2751515588147,3209.2751515588147,3209.2751515588147,3209.2751515588147,3209.2751515588147,3209.2751515588147,3209.2751515588147,3209.2751515588147,3209.2751515588147
Community_supervision,1109.998290817456,1109.998290817456,1109.998290817456,1109.998290817456,1109.998290817456,1109.998290817456,1109.998290817456,1109.998290817456,1109.998290817456
