Unnamed:_0,index,Leadership,Tech,Non-tech
0,White,69.71740743814553,35.06985464173418,71.85964908685601
1,Asian,23.54507681853231,52.34731040930305,7.034104393239304
2,Hispanic/Latino,3.3217314028431417,9.375790866066865,7.470756384164048
3,Black,0.0,0.0,9.92893461809544
