index,Total,Women,Men
Yes,94.82543645749205,94.85416213890711,93.66763808531772
No,4.780057884916076,4.7793797631798896,4.737858702775355
Don_votings_'t_know_about,0.0,0.0,1.8973401508654175
