index,Phone,Desktop,Tablet
2015,27.572247595294638,59.1991135751674,11.765685192098433
2016,33.54640783485174,54.4009118420321,10.69288238985218
2017,43.34132280637654,47.33755152940056,7.760836861293576
2018,52.33159596184242,39.4023590338287,6.80598892763247
2019,61.30554968665359,33.56317683222265,7.764052137030475
