index,Turin,Milan,Bologna,Florence,Rome,Genoa,Naples,Bari,Catania,Palermo
1971-1980,13.4274704491468,14.02270022369291,16.01638906319938,15.25598799701888,16.02568243239191,16.02071680957098,16.84672428635528,16.840090916475805,17.613443055351865,17.614855106637133
2071-2018,13.43019096494351,16.844576768975873,15.258051009398592,16.02346349465792,16.023890926398327,16.85125975146807,16.025272992038538,16.847414501385067,16.84525880610246,16.843165262884153
