index,"Santiago,_Chile","Rio_de_Janeiro,_Brazil","Sao_Paulo,_Brazil","Quito,_Ecuador","Guayaquil,_Ecuador","Mexico_City,_Mexico",Buenos_Aires_Argentina,"Medellin,_Colombia","Kingston,_Jamaica","Lima,_Peru","Bogota,_Colombia"
Total_lockdown,0.0,0.0,36.56140419042438,33.60351650868519,33.65121513922837,33.661583073069906,39.82618884874523,44.62783054051802,0.0,60.63346644301649,67.32939304131682
Partial_lockdown,79.30904980544786,0.0,26.513107409851884,0.0,0.0,36.55744719792274,0.0,0.0,51.53309942429337,0.0,0.0
