index,Poland,Italy,United_Kingdom,France,Germany
2012,0.0,0.0,0.0,0.0,120.74029146499008
2013,0.0,0.0,0.0,23.96972355479356,0.0
2014,0.0,0.0,0.0,23.98426576181824,120.70867398473187
2015,0.0,0.0,0.0,24.433650046205543,120.74229442118911
2016,0.0,0.0,0.0,24.468436724684253,120.74582753276772
2017,0.0,0.0,0.0,26.243001473323773,120.75286796678932
2018,0.0,0.0,0.0,26.221854382123357,0.0
