index,Kidney,Liver,Pancreas,Heart,Lung
2017,43.025550453891206,11.319664827591277,3.665296169778891,4.5089061889233975,4.198713749282469
2018,42.69759720180809,11.86064714718821,3.988446628241597,8.285774111690664,3.065178263236355
2019,51.537189201088616,11.122252322450038,6.861872335759088,5.22270200271052,4.703102318960191
