index,June_2017,2017_September,2017_December,March_2018,September_2018,December_2018
Western_Europe,38.81018983551625,41.710018600321504,43.61500460393031,45.88763554888916,50.02267137241427,51.817059672401015
Middle_East,27.79240003219429,29.79316156977164,29.758249969910167,30.7955950933745,33.6515923740897,34.72290394411979
Oceania_Ea_e_Caribbean,48.89277506606843,51.74148186745554,55.95935643921373,58.7523484228862,64.6203671182153,66.93109463273534
North_America,70.76891912613686,72.73108690413807,73.67820434657294,77.87257315277296,77.87624546714079,81.75427343432527
Latin_America_&_the_Caribbean,22.65342434700122,25.93908240875271,28.82377887547925,31.429527130453053,36.82011049925016,39.19878567492192
Africa,1.7423605646601743,1.7677714048300857,2.72986854246777,2.7224549963043074,5.9133515948108055,6.357140448549075
Central_&_Southern_Asia,11.814987226893152,12.76913916963852,15.97257874000728,18.788840200913995,25.935006435164823,30.82176402525037
Eastern_Europe,17.022752350391954,18.796125757568674,21.709088215045995,24.674112866563803,32.76098229978933,35.328845660158805
