index,Reddit,Tumbir,Twitter,Facebook,Instagram,Snapchat
13-14_years,0.0,0.9874871498427068,0.0,18.16075311485384,24.235378448897208,67.1565721457774
15-17_years,0.0,24.2508745393526,2.9723195619318403,2.987732160520551,24.24261339865332,24.25308783283653
