index,Haryana,Pradesh_Uttar,Rajasthan
FY_2016,188.31765350023625,0.0,116.65902444101994
FY_2078,287.77507484403304,809.3261169946036,2537.718296376697
