Unnamed:_0,index,Children_14_under,Adolescents_(14_to_18_years),Young_(18_21_adults_to_years)
0,Aggravated_assault,7326.737174967417,18302.140745963578,17578.473174796483
1,Rape_and_sexual_assault,0.0,774.5144542016533,982.1364727332292
