index,Great)_good,Average,Bad/Terrible,Did_not_know
President,26.604984649737524,22.71960584368708,48.40973105397829,0.9024950755312204
Ministry_Health_of,32.567345102128904,30.565214155753267,33.58963016594325,1.852225289331905
