Unnamed:_0,index,Female,Male
0,50_to_59_years,15.933556745422536,31.094885002059385
1,30_39_to_years,33.67484414198523,16.11559293911708
2,40_to_49_years,13.836429821769578,13.474890712172844
3,60_69_to_years,10.003837945108016,14.86855623057626
4,70_79_to_years,9.141002358932113,4.374286235818317
5,and_years_younger,1.3914627953345615,0.0
