index,Support,Oppose,Don't_Neither)_know
Total,38.62363679591478,34.45208240730212,25.729080706452805
Republican,18.60733281541849,54.48501479396981,24.67331686289913
Democrat,51.33588155918344,24.635333613760103,21.71777987876976
Independent,42.623579544325054,34.4486822990012,21.79989138101172
