index,Northeast,Gulf_Coast,Midcontinent,Southwest,Rocky_Mountain,West_Coast
2010,63.2476674697416,138.09004528033307,107.99745306647792,179.37720112730435,0.0,0.0
2035,493.9459062952071,434.9649523949765,156.14900379176777,218.9292789642107,41.86640597411349,0.0
