index,Home_health_services,Other_medical_products,Other_health_care,Nursing_facilities_care,Other_professional_services,Dental_services,Net_of_health_insurance_cost,Prescription_drugs,Physician_fand_clinical_services,Hospital_care
Private_insurance,0.0,0.0,24.957601437158125,24.957311204034163,14.963365221732658,14.965802907454602,14.97409158394796,14.96936473555811,24.96581244563239,14.971820135038795
Out-of-_pocket,14.978968317988674,14.978649470331362,14.990027153829551,14.9872815212249,14.968394566617905,14.97205177649924,0.0,0.0,24.9518744426979,0.0
