index,Kyrgyzstan,Russia,Belarus,Armenia,Kazakhstan
Sparkling_wine,128.74680357080453,35.339804290897305,27.47411061799299,13.19170986644258,5.655074951023664
Wine,91.67696465401043,17.50745722784515,27.405623126837483,13.213508152865645,5.567636574609082
Beer_with_8._66_ethyl_up_to_content,27.35886580245997,20.640116217564056,10.316284280445046,13.55709001868044,9.705210192361022
