index,None,One,Two,Three,Four,Five_or_more
Under_50k,49.1481003806059,29.444801287212734,11.788355027224677,3.856393802404568,0.9734064482110298,1.828618428084425
50k-_100k,39.41843337768137,34.42231340657715,14.643013929083182,4.9007842510526345,3.830122936009552,1.8136344249328928
100k+,47.214230188355295,31.57247273036971,10.779795890460695,3.8118218220154176,1.7903929330880786,1.8027221617681943
