index,Don_it_know,Very_unlikely,Rather_unlikely,Rather_likely,Very_likely
Female,7.916377115903895,9.929771723792904,25.798546694297197,9.926014321794142,24.804679556198217
Male,7.927750170819358,7.933595249412896,9.937389456068756,9.930192794022425,9.919171150804694
