index,Australia,New_Zealand
Overseas_only,25.05425061349038,42.94011706028792
Local_only,9.78513162343225,7.625572708562842
Both,64.1695003483233,49.349123458424856
