index,Not_pre-_cooked,Pre-_cooked
2011,123.4015597739087,99.01327663478271
2012,123.53889604091962,106.18585379163828
2013,124.55226419684163,104.84647397079463
2014,127.99140628777504,110.6604191327192
2015,131.07298169802266,110.58596102549777
2016,132.40023599087215,107.92752425975118
2017,133.00716026749544,110.1723086630214
2018,129.51176200084578,110.2603108076986
2019,131.63794400965838,107.93516238762147
2020,132.82589112571617,110.64726382141404
