index,Unnamed:_1,Unnamed:_2,Unnamed:_3,Unnamed:_4,Unnamed:_5,Unnamed:_6,Unnamed:_7,Unnamed:_8
2015,884.8396190118469,884.8396190118469,884.8396190118469,884.8396190118469,884.8396190118469,884.8396190118469,884.8396190118469,884.8396190118469
2020,1478.4760740090835,1478.4760740090835,1478.4760740090835,1478.4760740090835,1478.4760740090835,1478.4760740090835,1478.4760740090835,1478.4760740090835
