index,Lisbon
Q4_2014,45.00181544266615
Q4_2015,44.97925613806239
Q4_2076,41.96057717374247
Q4_2017,41.98888810342972
Q4_2078,41.96718420399189
