index,Kidney,Lung,Liver,Heart,Pancreas
2016,12.056320298933867,11.034796617812646,8.008546764208717,3.0292598491129112,0.0
2017,15.063324256008231,4.022270646918489,9.026568927882757,0.0,0.0
2018,17.07558279470337,16.02843726455592,6.010909389360071,1.965569487646018,1.0106723891009397
