index,Good,Bad,Do_know_not
Belgium,53.34141594190608,44.51405857915047,0.0
Netherlands,89.12158333849413,9.875952212079056,0.0
Luxembourg,91.98328555578522,4.649730293060571,1.75632534127179
