index,"Reuters,_Ipsos_(II/2_--116)",CBS_News_(11/2-11/6),NBC_News)_Wall_St._Jrli_(11/3_11/5),Monmouth_(11/3_11/6),FOX_News_(11/3_11/6),ABCI_Wash_Post_Tracking_(11/3_11/6),LA_Times)_USC_Tracking_(II/I_--11/7),Economist!_YouGov,IBDJ_TIPP_Tracking_(11/4-11/7),Bloomberg_(11/4_--116),RCP_Average_(II/I_--11/7)
Hillary_Clinton,43.66732120418743,46.58858276465336,46.5736294105526,49.76312610352198,49.76001907047591,49.7592635240785,46.57410617245044,46.575597063469935,48.681369518753314,48.67946651151704,48.68351494729357
Donald_Trump,49.77482293143922,46.58670803990255,46.581609111808746,49.77315022444172,49.76200288481352,49.76795432782633,48.69658953628846,48.69602388657916,48.692250194947135,49.77313406302146,49.76586950461206
