index,Zara,Bershka,Pull_&_Bear,Massimo_Dutti,Zara_Home,Stradivarius,Oysho,Zara_Kids
January_2076,126.23617644597452,48.740716412537154,32.644710133308735,23.77979292498729,21.948145550516983,21.08709142274678,10.58867623029829,0.0
January_2017,127.17606543695572,49.591564497382535,36.45551162921892,23.812951798624866,21.993936376016464,21.985481580963423,11.592844630867802,0.0
2078_January,126.29727633586124,48.708045591585176,39.76742279903669,21.8539226732196,22.899288462247892,23.80441087662733,13.062256431206606,0.0
