Unnamed:_0,index,Unnamed:_2,From:,St,the,on,Subject,Sender:,state,and,Contenting,in,SS
0,Men,18.03152551673417,15.530658024000871,15.388590778967648,16.98381127515008,16.39022755232293,20.21354396405208,14.928504342793005,14.500019366438618,15.710254096239684,20.21354396405208,16.516322767251857,20.21354396405208
1,Women,15.33165249776144,15.530658024000871,15.388590778967648,16.98381127515008,16.39022755232293,20.21354396405208,14.928504342793005,14.500019366438618,15.710254096239684,20.21354396405208,16.516322767251857,20.21354396405208
