index,Before_outbreak_the_coronavirus,After_the_outbreak_coronavirus
Viaplay,329.21179518892177,118.55524596632426
Dplay,157.97204214915655,79.92505175018988
