index,Unnamed:_1,Unnamed:_2,Unnamed:_3,Unnamed:_4,5,Unnamed:_6,all,and,Unnamed:_9
Don't_shop_here,16.87587597971988,16.87587597971988,16.87587597971988,16.87587597971988,16.866263056244534,16.87587597971988,46.675880844090784,59.70346033808702,16.87587597971988
Typically_shop_here,26.88211031632145,26.88211031632145,26.88211031632145,26.88211031632145,69.6207130869943,26.88211031632145,38.80742997911796,70.15941734763724,26.88211031632145
Shopping_here_of_the_now_as_a_result_coronavirus,20.8327356278935,20.8327356278935,20.8327356278935,20.8327356278935,18.452213429403017,20.8327356278935,15.398414314354511,16.103954915554354,20.8327356278935
