index,East,Midwest,South,West
Obama,53.37236240924686,49.26645647453336,40.51666898329552,47.28746879691343
Romney,39.46784541820228,44.460725524634825,53.38752431440253,46.39967315132337
