index,"17-18,_2013_September","2011_January_14-16,"
Great_Deal,28.92411687593028,31.964837684469096
Fair_amount,27.970761352732648,31.0033810413578
Not_much,21.979804907830463,18.953569813257054
Not_all_at,14.95498714167752,11.979872907248978
No_opinion,5.944465058682575,5.948728806005562
