index,Ever_from_the_downloaded_games_internet,Ever_play_single)_multiplayer_the_a_game_over_internet
2009,7.910581934252164,0.9203129759676044
2010,10.89238433068517,12.838417533332263
2011,12.852864345142214,11.86899927197303
2012,16.794654713748585,15.82341453689541
2013,21.79183398596841,18.807875883656024
