index,Tumbir,TikTok,WhatsApp,Snapchat,Reddit,Linkedin,Pinterest,Twitter,Instagram,Facebook,YouTube
56+_years,2.8329733165922875,0.0,0.0,0.0,0.0,31.119355376508537,40.10076477766688,40.10039881210289,40.101033604223154,77.99385358576221,78.00644099392632
Total_online_(15+)_users,18.97841616429234,6.885565278994534,18.96813750184677,18.9749598228546,21.96730888352039,31.137879559377467,40.12319259321843,40.10352985081707,40.10056824060474,40.1243989241516,31.130255276794216
