Unnamed:_0,index,Unnamed:_2,25
0,35._44_years,4.987955196588661,28.641582390247983
1,55-_64_years,7.328033111108201,28.641582390247983
2,25-34_years,7.328033111108201,28.641582390247983
3,45-54_years,4.987955196588661,28.641582390247983
4,15-24_years,17.799771871389222,28.641582390247983
