index,18_29_to_years,30_to_49_years,50_folder_years_and
Yes,74.62324716435462,64.65363192787422,50.74787654202818
No,24.37211848975248,34.34707228303354,48.20894552962814
