Unnamed:_0,index,Unnamed:_2
0,Asian,91.53369185765872
1,Chinese,92.88275825491236
2,European_fother_or,88.32126093083366
3,Indian,88.32126093083366
4,MELAA,88.32126093083366
5,Maori,84.47530707244951
6,Pacific,86.27795991143695
7,Samoan,87.26187021692225
