index,Men,Women
Landline_phone_mobile_phone_and,79.839155754952,82.8880593199382
Mobile_phone_only,14.957996550406063,11.480687827283331
Landline_only,5.537042325059247,5.755375165080011
