index,18-24_years_old,25-39_years_old,40-54_fold_years,55-69_fold_years,70-80_years_old
Men,25.159415540995383,16.03351322808215,7.960882514107613,3.969049137668829,2.9770047516833955
Women,17.112946117087386,8.96880128756258,7.002740428455709,3.978343142257124,0.0
