Unnamed:_0,index,Unnamed:_2,Antrate,state,the,SS,but,Subject:,From:,and,Sy
0,Men,232.2026078488602,296.2628435567353,233.4479306346014,223.7192562861232,244.13448726932097,232.0902764761444,238.81731122772476,296.2628435567353,227.59385164201692,235.5579256501098
1,Women,251.02295925392772,296.2628435567353,233.4479306346014,223.7192562861232,244.13448726932097,232.0902764761444,238.81731122772476,296.2628435567353,227.59385164201692,235.5579256501098
