Unnamed:_0,index,The_introduction_of_protection_a_lump_Income_sum_allowance_short_insurance,Income_protection_insurance,liability_Professional_insurance,Liquidation_in_order_to_benefit_from_can,Liquidation_in_order_to_benefit_from_on
0,Probably,40.2527813822885,43.04075815269418,42.46243627106866,32.255908443064094,0.0
1,Definitely,33.895736277450425,23.26999794365618,18.03212150864728,17.163068064980465,0.0
2,Probably_not,14.46335098952683,21.225346919384226,20.34706829188737,31.500620448566583,0.0
3,Definitely_not,11.059988512837975,11.9697717458359,18.795244882185685,18.7807370219887,0.0
