index,Medicare,Medicaid,Private,Uninsured
Maternal/neonatal_stays,0.0,26.886436054205504,14.903706113275618,4.09028792341303
Surgical_stays,44.50364787914599,29.66470448738326,51.394514049268125,41.4566380367819
Medical_stays,54.30170511123913,42.39729552512797,33.66641284017064,53.1470599441885
