index,Q2_'15,Q2_'66
Mobile_stapp,52.72830947635151,45.94759357667466
Mobile_browser,46.35591707709743,53.00474155306566
