index,16-24_years,25-34_years,35-44_years,45-54_years,55-_64_years,65-74_years,75_years_and_over
Men,23.484361399995745,26.637167606737048,27.50093121155363,28.364608711901152,28.268870477435208,28.92137014398737,27.502346967727632
Women,25.43993629593973,26.971024438683727,28.125986734447444,28.203808615927787,28.03715507191337,28.25906781480353,27.36503848911164
