index,Liver,Lung,Heart,Pancreas,Small_bowel
2015,98.43505795972835,32.68726649599674,17.723788388684127,4.718981830286381,0.0
2016,77.50990512424448,18.88929709281045,22.59555294244205,3.980701213723151,2.808712961554434
2017,59.60877903469222,25.556580913612848,12.876230878845178,1.6029010122981902,0.0
2018,50.60212169834659,24.875988808405992,10.650517533936494,2.827683891826453,0.0
2019,46.55871260506521,10.63463807817061,11.791397110908704,1.6761495650802942,1.6301082694832587
