index,Very_important,Somewhat_important,Not_very_important,Unimportant
Total,73.43878204731047,19.815159345677174,4.93965803296922,0.0
Male,63.59541334240278,26.75188994598245,6.651216549673478,1.963377341136706
Female,82.45098965736771,13.794832915178972,2.838621805404699,0.0
