index,Drug_delivery_devices,Orthopedic_devices,General_surgery,Cardiovascular_devices,Diagnostic_imaging,Healthcare_IT,In_vitro_diagnostics
2014,225.6999542958528,160.79788565514446,226.245707652546,226.14562590638693,554.0766346647755,554.4122478126498,554.376048510211
2015,226.49939488068603,166.46380676448348,226.49948476101497,226.6392037321907,226.672976265751,116.87590807219726,226.3167355824088
