Unnamed:_0,index,4Q_'15,Jan_'16,3Q_'17,3Q_'18
0,MTN,45.89051978439379,47.69003985323418,47.65710273208644,48.78436887937929
1,Vodafone,21.693808514996466,21.619933145377928,23.745270264660466,22.635553142896256
2,Airtel_Tigo,0.0,0.0,0.0,26.81633835886018
3,Airtel,13.7168722336543,0.0,0.0,0.0
4,Milicom,0.0,15.175932108586508,15.387464400101408,0.0
5,Tigo,14.029405251810315,0.0,0.0,0.0
6,Other,3.630356561396397,1.5893753217937387,1.620976078392161,0.0
