index,Underweight,Standard_weight,Overweight,Obesity
Men,1.1293054592191112,41.191878987079726,40.359608240545015,15.426676117992258
Women,2.977497480800864,54.78146611758461,24.80334068089833,15.258525425075687
