index,Unnamed:_1,Unnamed:_2,Unnamed:_3,VK,Unnamed:_5,Unnamed:_6,Unnamed:_7,Unnamed:_8,Unnamed:_9
Independent,19.71940911032512,19.71940911032512,19.71940911032512,28.197910296372054,19.71940911032512,19.71940911032512,19.71940911032512,19.71940911032512,19.71940911032512
MNO_-controlled,22.50286528009711,22.50286528009711,22.50286528009711,0.0,22.50286528009711,22.50286528009711,22.50286528009711,22.50286528009711,22.50286528009711
MNO_captive,39.127489914961615,39.127489914961615,39.127489914961615,7.051389072315487,39.127489914961615,39.127489914961615,39.127489914961615,39.127489914961615,39.127489914961615
JJV,14.439280521249517,14.439280521249517,14.439280521249517,60.18735436711442,14.439280521249517,14.439280521249517,14.439280521249517,14.439280521249517,14.439280521249517
Other,3.526625694811571,3.526625694811571,3.526625694811571,3.503923784533029,3.526625694811571,3.526625694811571,3.526625694811571,3.526625694811571,3.526625694811571
