index,If_your_data_be_used_by_personal_is_to_your_provider_only,If_the_provider_complies_with_all_the_data_protection_laws_in_your_country,If_data_shared_by_your_personal_is_your_provider_with_a_third_party
Very_likely,30.77615910320016,27.79660777812732,7.874537554999883
Somewhat_likely,39.73897781375984,38.7870905072765,21.836383578167183
Not_likely_revery,16.815776594929325,19.797889071070987,30.786257834258617
Not_at_all_likely,11.810522169919103,12.876491897400427,38.78393868924785
