index,to_a,Unnamed:_2,Unnamed:_3,Unnamed:_4,Unnamed:_5,Unnamed:_6,Unnamed:_7,Unnamed:_8,Unnamed:_9,Unnamed:_10,Unnamed:_11,is_>,Unnamed:_13,Unnamed:_14,Unnamed:_15,Unnamed:_16,Unnamed:_17,Unnamed:_18,Unnamed:_19,Unnamed:_20,Unnamed:_21,Unnamed:_22
North_America,0.0,4101.582385543297,4101.582385543297,4101.582385543297,4101.582385543297,4101.582385543297,4101.582385543297,4101.582385543297,4101.582385543297,4101.582385543297,4101.582385543297,3941.647340410264,4101.582385543297,4101.582385543297,4101.582385543297,4101.582385543297,4101.582385543297,4101.582385543297,4101.582385543297,4101.582385543297,4101.582385543297,4101.582385543297
International,0.0,1818.4406464967035,1818.4406464967035,1818.4406464967035,1818.4406464967035,1818.4406464967035,1818.4406464967035,1818.4406464967035,1818.4406464967035,1818.4406464967035,1818.4406464967035,3430.0725627020797,1818.4406464967035,1818.4406464967035,1818.4406464967035,1818.4406464967035,1818.4406464967035,1818.4406464967035,1818.4406464967035,1818.4406464967035,1818.4406464967035,1818.4406464967035
