Unnamed:_0,index,the,go,Subject:,and,th,to,by,you,From:
0,Local_government,55238.78973186946,176428.1357179769,176428.1357179769,50995.14816695063,106416.57857422518,50503.297438162335,44145.12293248852,48965.95163371324,176428.1357179769
1,Federal_government,78751.0132457557,106919.23284588067,176428.1357179769,50995.14816695063,76949.18744701114,176428.1357179769,176428.1357179769,81362.73250882834,176428.1357179769
2,Canada_Pension_Plan_(CPP)_and_Quebec_Pension_Plan_(QPP),26537.598107709,23142.12565248311,176428.1357179769,22501.771706580068,22592.352713008677,176428.1357179769,176428.1357179769,16696.546679784224,176428.1357179769
3,Provincial_and_territorial_government,120299.73503194364,106919.23284588067,176428.1357179769,126843.57992020102,106416.57857422518,176428.1357179769,176428.1357179769,122117.36080532552,176428.1357179769
