Unnamed:_0,index,I,for,how,Spooks,ISSIS,Ind,S,the,1910,1920,Lines:
0,Total_male_population,4022.81079860886,6593.189260011097,3487.736698857767,6593.189260011097,6593.189260011097,6593.189260011097,3659.0444097281297,4438.6967330396055,2256.257264764486,6593.189260011097,6593.189260011097
1,Total_female_population,4232.15916697593,6593.189260011097,3692.998665102893,6593.189260011097,6593.189260011097,6593.189260011097,3659.0444097281297,4438.6967330396055,1936.978497128392,6593.189260011097,6593.189260011097
