Unnamed:_0,index,June_2018,June_2019,June_2020
0,Gigabit_Myrinet,15.164296517525583,53.77231120761627,52.22519288173061
1,Infiniband,28.040867313602703,24.9133350712776,30.441974866280415
2,Custom_Interconnect,13.681037206456368,9.74117359865349,8.284450068954968
3,Omnipath,8.016077662778471,10.321669909860615,10.499991343023666
4,10G,34.00257081498739,0.0,0.0
