index,August_to_October_2012,November_2012_to_January_2013,November_2012_to_anuary_2013,March_May_to_2013,March_May_to_2015,March_May_to_2016,March_May_to_2017,2018_March
Ever_done,24.997108618592435,30.078434621299063,0.0,25.96363092980937,30.09233976185571,33.028225121974785,36.96741889267189,39.056531211382215
Past_three_months,16.93163441359728,0.0,21.022176635925096,17.914392727061287,21.98065097190617,24.95491552033142,27.898168604205864,30.072289849653792
