index,Average,Gravis_(2/14_2/15),CNNJORC_(2/to_2/15),(R)_(2/8_TargetPoint_2/10)
Hillary_Clinton,48.52865996498127,52.89476015495159,47.71403623836745,44.881994623634505
Bernie_Sanders,46.07271885164542,47.06866007893692,46.91314963213006,44.88649977470342
