index,to,his,6_a,to_that,to.1,6,Unnamed:_7,C>,to_0,to_Mo,Do,to.2,Unnamed:_13,Unnamed:_14,Unnamed:_15,Unnamed:_16,Unnamed:_17,Unnamed:_18,Unnamed:_19,Co,Unnamed:_21,do,(oo,Unnamed:_24
Yes,18.958805631505683,18.983593645090565,18.169225273642997,15.989071206797604,18.958805631505683,16.808856078937467,18.109530922263303,18.136751345881308,15.941701902132095,15.983253483831804,13.216725602457188,18.958805631505683,18.109530922263303,18.109530922263303,18.109530922263303,18.109530922263303,18.109530922263303,18.109530922263303,18.109530922263303,18.89636541519171,18.109530922263303,20.96266012373444,20.114564004920496,18.109530922263303
No,81.04622218510916,81.03647373768264,81.80586759990966,84.01128613178973,81.04622218510916,83.18249883488814,81.89329644094528,81.88770440550832,84.04587901468335,83.99755053802025,86.79201352018757,81.04622218510916,81.89329644094528,81.89329644094528,81.89329644094528,81.89329644094528,81.89329644094528,81.89329644094528,81.89329644094528,79.93785192365391,81.89329644094528,79.08061545992172,83.2192420184038,81.89329644094528
