index,(25)_Theta_Phi_Alpha,(24)_Alpha_Epsilon_Phi,(23)_Sigma_Delta_Tau,(22)_Alpha_Sigma_Sipha,(21)_Alpha_Sigma_Tau,(20)_Phi_Sigma_Sigma,(19)_Sigma_Sigma_Sigma,(18)_Alpha_Xi_Delta,(17)_Alpha_Gamma_Delta,(16)_Sigma_Kappa,(15)_Phi_Mu,(14)_Gamma_Phi_Beta,(13)_Alpha_Chi_Omega,(12)_Delta_Zeta,(11)_Kappa_Alpha_Theta,(10)_Alpha_Phi,(9)_Alpha_Omicron_Pi,(8)_Delta_Delta_Delta,Kappa_Delta,(6)_Pi_Beta_Phi,Chi_Omega,(4)_Alpha_Delta_Pi,(3)_Kappa_Kappa_Gamma,Delta_Gamma,Zeta_Tau_Alpha
Facebook_fans,44757.99378153567,5039.292565543699,44763.37862991853,14954.340110130506,14963.627679156234,14964.154514082154,11494.86497751567,16584.271582757094,16534.812527021324,16576.868710665367,16577.374834635964,16587.142638938152,14961.604477708535,29943.307643119173,19256.87927325258,19252.885942180183,15376.534228736971,19239.29826105641,29956.386611402937,29981.13231970466,29973.636248314,16586.103207868095,34932.752822514885,15371.391439644394,14953.938835371206
Twitter_followers,0.0,0.0,0.0,0.0,0.0,0.0,16555.68010893962,0.0,0.0,0.0,0.0,0.0,0.0,14993.92133461396,14981.874030792009,0.0,0.0,0.0,0.0,0.0,35614.06558641776,34929.29020967254,34921.835560192514,0.0,0.0
