index,The_bikini,The_mini-_skirt,Track_suits,'Members_only_jacket_style,Leg_warmers,Tie_dye_clothing,Bell-_bottoms,Skinny_jeans,Shoulder_pads,Platform_shoes,Leisure_suits,Parachute_pants,Baggy_pants
Total,0.0,0.0,0.0,0.0,0.0,0.0,309.89609224412425,432.47035238490776,624.1295286093095,747.2279905860302,747.1011389412478,747.2500266232177,1244.1387721904518
Male,0.0,433.0482000042598,432.8315948372256,432.7195576818631,310.16423862922375,310.19638483328526,432.9872914070902,432.6955408772883,747.436713949501,747.6473355483851,747.7425361809527,624.3831081009125,1243.9230336091498
Female,0.0,0.0,0.0,0.0,0.0,0.0,0.0,747.467539641971,747.4805796939394,747.593318371085,747.4785989265519,0.0,0.0
