index,Unnamed:_1,st,r,Unnamed:_4,5,Unnamed:_6,Unnamed:_7,of,for,Unnamed:_10,>,Unnamed:_12,x,Unnamed:_14,Unnamed:_15,Unnamed:_16,Unnamed:_17,it,Unnamed:_19,it.1,Unnamed:_21
Facebook_fans,200.3686299051393,0.0,145.20314931607382,200.3686299051393,0.0,200.3686299051393,200.3686299051393,0.0,177.5056931069789,200.3686299051393,184.7668200768572,200.3686299051393,198.9873267912188,200.3686299051393,200.3686299051393,200.3686299051393,200.3686299051393,183.33046922032003,200.3686299051393,183.33046922032003,200.3686299051393
Twitter_followers,113.20995156628406,0.0,43.76481141289713,113.20995156628406,0.0,113.20995156628406,113.20995156628406,0.0,65.32496619291254,113.20995156628406,78.87544514757752,113.20995156628406,95.30650849484276,113.20995156628406,113.20995156628406,113.20995156628406,113.20995156628406,119.44873212231212,113.20995156628406,119.44873212231212,113.20995156628406
