index,Online_games,Game_apps
7-12_years,65.22970379960563,55.0670890985919
13-19_years,69.07139560781694,60.05852539412545
