index,Joint_health,Generall_overall_health,Skinj_coat,Heart_health,Digestive_health,DentalJoral_health
Dog_owners,524.5593586786913,350.77623180223213,305.075032519668,218.6150663524714,174.88223493509065,175.03443516578312
Cat_owners,85.76366116824977,218.02679887717943,131.5852180429556,85.53766688631231,131.62855941209432,131.45222448313507
