index,Unnamed:_1,Unnamed:_2,Unnamed:_3,Unnamed:_4,Unnamed:_5,can,Unnamed:_7,Unnamed:_8,Unnamed:_9,Unnamed:_10
Women,61.147966585663646,61.147966585663646,61.147966585663646,61.147966585663646,61.147966585663646,61.06542474045553,61.147966585663646,61.147966585663646,61.147966585663646,61.147966585663646
Men,76.97140051219196,76.97140051219196,76.97140051219196,76.97140051219196,76.97140051219196,80.14842975715312,76.97140051219196,76.97140051219196,76.97140051219196,76.97140051219196
