index,People_of_different_marrying_each_races_other,Women_having_children_not_fever,Mothers_of_young_children_working_outside_the_home,Gay/lesbian_couples_raising_children,Unmarried_couples_raising_children,People_living_toqether_without_being_married,Single_having_children_women
A_thing_good,24.755367083393296,24.799550826822863,20.517000584037987,0.0,0.0,0.0,0.0
A_bad_thing,20.313203974360363,20.2826921208882,19.934728011211604,54.71462146559275,95.55170227524916,19.9120678209579,19.83937141551219
No_difference,0.0,0.0,95.51392723023712,95.51440284433352,136.84101147801917,19.86765836236393,0.0
