Unnamed:_0,index,January_2015,June_2016,August_2016,January_2017
0,Not_particularly_worried,34.1663522616666,27.58474243563792,26.06522183577293,26.650533657219867
1,Quite_worried,28.98818215802653,32.999068143086205,33.94760415982507,32.035248092705686
2,Neither/nor,23.36347259170297,25.47684826929924,25.48436682865933,28.399413527678423
3,Very_worried,4.838779371147197,7.984895226591362,8.022920124504381,6.900420199813439
4,Not_worried_at_all,7.953740736369426,5.766660954701479,5.700703806292282,6.050199531948067
