index,18_to_34_old_years,35_to_54_years_old,Over_55_old_years
Very_familiar,10.716195346267554,13.046468948830466,4.145052389361496
Somewhat_familiar,24.8575395005666,18.46489096831658,14.810262352502493
Not_familiar_very,30.29487306303406,28.34268787099444,21.70445708430161
Not_all_familiar_at,34.31761295416193,38.50202687980395,59.47215313757255
