index,Unnamed:_1,st,Unnamed:_3,Unnamed:_4,5,Unnamed:_6,Unnamed:_7,Unnamed:_8,it,Unnamed:_10,of,Unnamed:_12,it.1,Unnamed:_14,Unnamed:_15,or,Unnamed:_17,5.1,Unnamed:_19,Unnamed:_20,it.2,Unnamed:_22,Unnamed:_23,it.3,Unnamed:_25,Unnamed:_26
Facebook_fans,110.72461930459896,0.0,110.72461930459896,110.72461930459896,0.0,110.72461930459896,110.72461930459896,110.72461930459896,227.10069749977868,110.72461930459896,0.0,110.72461930459896,227.10069749977868,110.72461930459896,110.72461930459896,234.16407149236096,110.72461930459896,0.0,110.72461930459896,110.72461930459896,227.10069749977868,110.72461930459896,110.72461930459896,227.10069749977868,110.72461930459896,110.72461930459896
Twitter_followers,40.38035654361039,0.0,40.38035654361039,40.38035654361039,0.0,40.38035654361039,40.38035654361039,40.38035654361039,147.79690743398564,40.38035654361039,0.0,40.38035654361039,147.79690743398564,40.38035654361039,40.38035654361039,85.56464580106444,40.38035654361039,0.0,40.38035654361039,40.38035654361039,147.79690743398564,40.38035654361039,40.38035654361039,147.79690743398564,40.38035654361039,40.38035654361039
