index,of_UK_Rest,South_London_and_Eastern
2013,76.10927593072392,48.37310832593941
2014,89.84022625268814,57.34074010698396
2015,100.52450974209798,66.18090193614844
2016,116.61955114188136,76.18609331321318
