index,Impact_investing,Thematic_fund,Best-in-_class,Norms-_-based_Screening,Exclusions_(all),Engagement_and_voting
2013,0.0,0.0,0.0,3508.1804925834435,473.2732939669454,3501.930884345432
2015,0.0,0.0,0.0,0.0,1871.6656032170288,3501.792964035044
2017,0.0,0.0,0.0,0.0,1871.2865986058896,0.0
