index,High_school_graduate_or_less,college_Some_or_Associate_degree,Bachelor's_degree,Post_graduate
Freelancers,33.67213036896656,25.76899862260648,23.884099053696414,15.77756930431375
US_workers_overall,33.680404457593724,25.774386889174423,24.7699338921681,13.785005493647706
