index,Emotional_tone_sentiment_analysis,Artificial_intelligence_machine_learning,Geographic_data_mapping,Text_mining,Link_analysis)_social_analysis_network,Predictive_analytics_modeling,Data_visualization,Automated_red_flags_/business_rules,Exception_reporting_/anomaly_detection
Currently_use,24.7863201865938,91.52150467614634,24.801636462855072,24.79842897843774,24.80206161599092,29.939526002688687,79.424170440125,91.52428700742782,91.50873931870018
Expect_adopt_1-2_to_in_next_years,24.796583060392194,24.800597797599124,24.805349825687216,24.799047872243094,24.79728806116178,29.96470152635357,24.79272439205792,24.800915317029705,6.925486262172022
