Unnamed:_0,index,Januaryzt,CONTERSING,January14.,January28,January21,CONTERTATION,Februaryll.,Februaryst
0,Grocers,49.26752630093095,50.25855331557829,48.236110761528025,52.25445763789919,50.23734658498894,53.199525851952885,46.27291653202994,49.27210043503253
1,General_Merchandisers,46.32265060322924,46.318381229995815,46.315476024457965,48.28922622712168,45.28046548594506,53.199525851952885,44.29138948506978,46.30629238222546
