index,Polsat_News,TVN24,TVP_Info
2019,1.1999082970652628,2.4828982683667093,2.482752922708307
Jan_21_Mar_24_2020,1.807441910337068,2.4834040165824667,2.4836912147434256
