index,Unnamed:_1,Unnamed:_2,Unnamed:_3,Unnamed:_4,Unnamed:_5,Unnamed:_6,Unnamed:_7,Unnamed:_8,Unnamed:_9,Unnamed:_10,Unnamed:_11,Unnamed:_12,Unnamed:_13,Unnamed:_14,Unnamed:_15,Unnamed:_16,Unnamed:_17,Unnamed:_18,Unnamed:_19,Unnamed:_20,Unnamed:_21
North_Atlantic_tropical_cyclones,18.9304825099378,18.9304825099378,18.9304825099378,18.9304825099378,18.9304825099378,18.9304825099378,18.9304825099378,18.9304825099378,18.9304825099378,18.9304825099378,18.9304825099378,18.9304825099378,18.9304825099378,18.9304825099378,18.9304825099378,18.9304825099378,18.9304825099378,18.9304825099378,18.9304825099378,18.9304825099378,18.9304825099378
Pacific_Basin_tropical_cyclones,11.855628736516326,11.855628736516326,11.855628736516326,11.855628736516326,11.855628736516326,11.855628736516326,11.855628736516326,11.855628736516326,11.855628736516326,11.855628736516326,11.855628736516326,11.855628736516326,11.855628736516326,11.855628736516326,11.855628736516326,11.855628736516326,11.855628736516326,11.855628736516326,11.855628736516326,11.855628736516326,11.855628736516326
