index,Danone,British_American_Tobacco,Imperial_Tobacco,Michelin,L'Oreal,Phillips,AB_InBev,Nokia,Unilever,Nestle
2009,23.157075561944453,23.11781141142383,22.70672368414249,23.122041184267445,98.79068140020304,98.8202174179081,33.42029704932838,33.4187354461514,56.26506576486668,98.62437583272576
2010,22.731361162963463,23.07006703173019,23.14819889929383,23.15674807341948,25.588143536496872,33.44696150975656,33.429459833532405,56.27528340684589,33.438929422775615,56.276851904518125
