index,Inactive,Low_Activity,Some_Activity,Meets_aerobic_quidelines
Men,20.095689157174576,9.915059267295604,9.913610041524336,60.37208066551669
Women,24.796639406461537,8.77582691413538,8.782726839057432,20.20680049193163
