index,Walking_stick,Zimmer_frame_or_walking_frame,Manual_wheelchair,Mobility_scooter,Elbow_crutches,Electric_wheelchair,Other_mobility_aid,aid
Men,16.8985871546579,2.9703172146284977,2.976020728746491,2.969028842204569,0.955506013500706,0.0,0.0,0.0
Women,24.89800185693028,8.970025462543637,5.915106121831606,2.972771399686607,0.926635709857333,0.92580170543442,0.0,1.8982598303413771
