index,Brazil,China,Russia,India,Total
2008,2.1363071612377524,3.02369099133362,0.5628795710316332,0.65282653728584,6.542495134819525
2015,4.216568811869617,4.441243501926401,0.9386328686062022,0.9473294677980064,10.649274228541746
2022,8.551017254641234,6.589654741819,1.670700409228246,1.3714762722311526,18.258565882212743
