index,Buick,Nissan,Ford,Chevrolet,Toyota,Infiniti,Hyundai,I'm_not_sure
Avid_fans,22.7595410650405,24.680189265984115,20.835182126208768,20.345373900886592,19.87188227821689,17.463220659891057,11.584237328665118,25.65840730798812
Casual_fans,20.505054916902047,14.353802157476595,13.857635026723,13.39137769127138,12.308770830003244,13.395176517892748,7.136306854165987,34.47001505399748
