index,Unnamed:_1,Unnamed:_2,Unnamed:_3,>,Unnamed:_5,Unnamed:_6,Unnamed:_7,6,Unnamed:_9,Unnamed:_10,to,Unnamed:_12
40-59_years,16.970108136216638,16.970108136216638,16.970108136216638,20.0791266027971,16.970108136216638,16.970108136216638,16.970108136216638,3.9563320008473113,16.970108136216638,16.970108136216638,1.8561165398066957,16.970108136216638
60_and_folder_years,0.8919773504205324,0.8919773504205324,0.8919773504205324,20.059083715298133,0.8919773504205324,0.8919773504205324,0.8919773504205324,0.0,0.8919773504205324,0.8919773504205324,1.837696437627983,0.8919773504205324
