index,--40,--30_--40,All_format_stores,very_small_(<4_999_sq._m_of_rentable_area),small_(from_5000_to_19_999_sq.m_of_rentable_area),(from_average_20_000_to_39_999_sq_m_of_rentable_area),large_40_000_C>_sq_m_of_rentable_area),"--34.5_D,_000_sq.m_ble_area)"
March_2-8,0.0,0.0,11.311325738465428,23.71753446563092,12.771185666129767,12.578264672101495,9.457283781631716,0.0
March_9-15,0.0,0.0,60.89748557475551,21.71086676717064,47.955170634924485,57.167041980972,0.0,69.15000109481723
