index,Children,Adults-,Disabled,Elderly
2013,28.044395436928184,14.977767283059602,10.310915868439425,5.41099023368821
2014,28.190072469425616,15.155820077262394,10.465982566590242,5.450449061715165
2015,28.128442150080584,15.193812964147751,10.453299744059532,5.503605060171761
2016,27.967912910590528,15.317980263117324,10.463460592019633,5.649577365174014
2017,27.965321460136437,15.449296630497813,10.61131221967024,5.7918049200562685
2018,28.07615633706468,15.515722522700592,10.652379414399936,6.036655302438508
