index,employees,1-9_employees,10-49_employees,50-249_employees,All
Major_obstacle,13.291931657676344,12.25711773628079,13.971274617140764,20.08133893366825,13.236558123953486
Moderate_obstacle,18.194651243528213,19.222649247438085,23.464375529233383,15.06828958144122,18.14520106666791
Limited_obstacle,68.54159651275405,68.49236078227723,61.318254081871,64.84773437395857,68.54539279332643
