index,Unnamed:_1,at,Unnamed:_3,Unnamed:_4,Unnamed:_5,Unnamed:_6,Unnamed:_7,Unnamed:_8,Unnamed:_9,Unnamed:_10,Unnamed:_11,Unnamed:_12,Unnamed:_13,Unnamed:_14,Unnamed:_15,Unnamed:_16,Unnamed:_17
Facebook_fans,19.058798951032657,7.553909321672393,19.058798951032657,19.058798951032657,19.058798951032657,19.058798951032657,19.058798951032657,19.058798951032657,19.058798951032657,19.058798951032657,19.058798951032657,19.058798951032657,19.058798951032657,19.058798951032657,19.058798951032657,19.058798951032657,19.058798951032657
Twitter_followers,15.142566808509912,35.42729241941004,15.142566808509912,15.142566808509912,15.142566808509912,15.142566808509912,15.142566808509912,15.142566808509912,15.142566808509912,15.142566808509912,15.142566808509912,15.142566808509912,15.142566808509912,15.142566808509912,15.142566808509912,15.142566808509912,15.142566808509912
