index,None,days_to_2,days_3_to_4,days_5_to_6,days_or_more
Boys,6.768499503659093,8.661877651738834,9.799915016973864,8.668021178425235,65.4190527577174
Girls,4.857243984084334,8.674557774354604,9.79298535180152,12.675667831012989,62.29902560682339
