index,Kidney,Liver,Heart,Lung
2017,1389.7843927545878,257.17691596876443,59.80406347817189,0.0
2018,1341.977113933984,210.06797729451048,55.06926792200693,0.0
2019,1520.363171908557,256.13629281145177,74.97661981712736,0.0
