index,Underestimated,Correctly_estimated,Overestimated
18_39_to_years,63.87006086933185,28.99577182952469,5.86814622609775
40_folder_years_and,53.04680471852207,34.923938150553155,10.849696462137814
