index,Less_than_high_school_a_diploma,High_school_graduate_no_college,college_Some_or_associate's_degree,Bachelor's_degree_and_higher
Women,5.254729890826326,2.7548886963568613,2.7566892238259246,4.356481541111075
Men,6.036994199137842,3.0580894316040466,4.157428230061081,3.1622238804019283
