index,No_conditions_llong-_term,Limiting_long_-term_conditions,llimiting_Non_long_term_conditions
Men,57.266118586184376,30.140678083582834,13.096910006839288
Women,54.25034135871675,36.05562688906564,12.93520994591094
