Unnamed:_0,index,Czech_Republic,Italy,Germany,Spain,France,Austria,Luxembourg,United_Kingdom
0,4th_quartile,4677.408035327514,3933.0707292619054,4676.751740488041,5669.322659091742,5666.654901321446,3936.957110559634,0.0,9215.636637120577
1,2nd_auartile,1452.4624064919335,1449.439632855452,0.0,1708.5835965168626,1710.540441622119,1708.6003342376007,1710.119355805653,0.0
2,3rd_auartile,0.0,0.0,0.0,0.0,0.0,0.0,7143.43251773846,7144.321966091375
