Unnamed:_0,index,Yes,No,Don't_know,Prefer_not_to_answer,0_0_answer
0,31_45_to_years,23.727618932093065,66.51783576675123,7.880644032999683,0.0,0.0
1,Total,20.69340211385176,71.514157936475,6.71954412233471,0.0,0.0
2,46_60_to_years,14.639625075642924,79.43287081900469,3.7127525629666,0.0,0.0
3,61_folder_years_and,14.69567037520254,78.46896919059004,4.987110493148478,0.0,0.0
4,18_30_to_years,27.63533070146917,59.57800032742494,11.767980668247844,0.0,0.0
