index,Total,Theft,Violent
12-14_years,46.466676937919,9.627596266767576,36.84928653619997
15-18_years,18.993523525867552,7.730269830157894,11.141268270807425
