index,Approval_of_Capitalism_Russia_in,Approval_of_Democracy_Russia_in,Approval_of_Capitalism_lin_Lithuania,Approval_of_Democracy_in_Lithuania,Approval_of_Capitalism_in_Ukraine,Approval_of_Democracy_in_Ukraine
1991,54.01324610496862,30.128240134556957,54.00440256002869,54.02696262365098,30.12116064104348,102.83122685410248
2011,30.16387630215231,30.1629156800884,30.13477236459159,30.14524023411233,30.13469667921685,30.134405581621728
