index,Lithuania,Ukraine,Russia
1991,78.33799176149986,56.71413609809921,50.52912874662851
2011,51.40509209459301,29.60253414846855,31.746988881687315
