index,All_Government_workers,Federal_Government_workers,State_Government_workers,Local_Government_workers
Barack_Obama,50.52427138754179,45.52116007904888,54.42441429140428,49.41905380591289
Mitt_Romney,39.46123144190379,45.55561670715397,36.53102464487181,39.42901444690607
