index,Unnamed:_1,at,Unnamed:_3,Unnamed:_4,Unnamed:_5,Unnamed:_6,Unnamed:_7,Unnamed:_8,Unnamed:_9,Unnamed:_10,Unnamed:_11,Unnamed:_12,Unnamed:_13,Unnamed:_14,Unnamed:_15,Unnamed:_16,Unnamed:_17,Unnamed:_18
Facebook_fans,41.60504648293284,25.14992735543683,41.60504648293284,41.60504648293284,41.60504648293284,41.60504648293284,41.60504648293284,41.60504648293284,41.60504648293284,41.60504648293284,41.60504648293284,41.60504648293284,41.60504648293284,41.60504648293284,41.60504648293284,41.60504648293284,41.60504648293284,41.60504648293284
Twitter_followers,17.005707334558167,14.523059133117384,17.005707334558167,17.005707334558167,17.005707334558167,17.005707334558167,17.005707334558167,17.005707334558167,17.005707334558167,17.005707334558167,17.005707334558167,17.005707334558167,17.005707334558167,17.005707334558167,17.005707334558167,17.005707334558167,17.005707334558167,17.005707334558167
