index,Other,Business_building_and_other_support_services,Health_and_social_assistance_care,Educational_services,Trade,"Finance,_insurance",Manufacturing,"Information,_culture_and_recreation",Public_administration,Construction,services,"Professional,_scientific,_and_technical_services"
2018,10.000686361611828,19.66811323022395,13.88966427785332,19.66599817598665,19.67416970865275,19.666926089753712,19.717395761407747,13.894250823044786,13.915489738157468,13.90811356014884,13.893187404410156,13.890274049757387
2019,0.0,0.0,19.62074838749208,19.63305281861908,0.0,0.0,0.0,0.0,0.0,0.0,0.0,0.0
