index,Fresenius_Medical_Care,Kabi_Fresenius
2018,111.28395096747164,528.014362066558
2019,164.6806296202554,500.67312811471766
