index,Very_worried,worried_Somewhat,Not_very_worried,Not_worried
January/February_2020,4.857559262955874,27.54150937202061,38.4338840763035,27.54516552325668
April_2020,19.693997577731693,53.42487106413753,20.7234684179504,4.8423625330044615
