index,"-20_-18_Week_10_(March_2-8,_2020)","Week_10_(March_2-8,_2020)_18","Week_(March_9-15,_11",2020)
Sales_arowth,9.99265877594879,0.0,27.036649790558656,0.0
Product_relaization,0.0,18.069913188453228,0.0,49.94222739926981
