Unnamed:_0,index,Unnamed:_2,for,the
0,Brazil,1396.8548700686652,6958.178031076073,6958.178031076073
1,Peru,1396.8548700686652,6958.178031076073,6958.178031076073
2,United_States,1396.8548700686652,6958.178031076073,6958.178031076073
3,Mexico,1396.8548700686652,6958.178031076073,6958.178031076073
4,Canada,1396.8548700686652,6958.178031076073,6958.178031076073
5,Ecuador,1396.8548700686652,6958.178031076073,6958.178031076073
