Unnamed:_0,index,the,and,I,In,Ind,SIFFI,SESPS,Senders
0,MIA,3778.342358154565,19968.64519157927,16799.15266865582,3906.466433426511,15219.61596097931,7171.154525320162,3957.406585092627,4283.906342126255
1,JIKIA,3778.342358154565,117918.02555642033,120095.78409380867,3906.466433426511,113589.70132080757,102535.13134806696,3957.406585092627,16932.31092659547
2,Total,3778.342358154565,134033.8575605867,132398.6663129672,3906.466433426511,124974.56731947878,102535.13134806696,3957.406585092627,16932.31092659547
