index,Intelligent,Hardworking,Greedy,Honest
Republicans,48.98352750927866,54.98795182715728,41.994772179607615,17.8916632525008
Democrats,37.85641444997822,32.78759272291739,65.1141308515422,7.78025676518287
