index,Most_people,Yourself
Yes,22.83232881535241,10.85398299283976
No,71.45359918806804,82.21804406548209
