index,Male,Female
Phone_only_gamer,43.90634544601104,55.89520125588004
Tablet_only_gamer,35.85189213320485,63.79741677452304
Phone_tablet_or_gamer,45.78204896205261,53.97235263480364
