index,Unnamed:_1,be,2,Unnamed:_4,it,Unnamed:_6,Unnamed:_7,5,Unnamed:_9,it.1,Unnamed:_11,it.2,Unnamed:_13,Unnamed:_14,st,Unnamed:_16,Unnamed:_17,5.1,Unnamed:_19,Unnamed:_20,it.3,Unnamed:_22,Unnamed:_23,5.2,Unnamed:_25,Unnamed:_26
Facebook_fans,0.5269820297960541,0.0,0.4406459810701211,0.5269820297960541,0.0,0.5269820297960541,0.5269820297960541,1.4024019749685257,0.5269820297960541,0.0,0.5269820297960541,0.0,0.5269820297960541,0.5269820297960541,0.0,0.5269820297960541,0.5269820297960541,1.4024019749685257,0.5269820297960541,0.5269820297960541,0.0,0.5269820297960541,0.5269820297960541,1.4024019749685257,0.5269820297960541,0.5269820297960541
Twitter_followers,0.1403924495919839,0.0,0.0,0.1403924495919839,0.0,0.1403924495919839,0.1403924495919839,0.9114011378122386,0.1403924495919839,0.0,0.1403924495919839,0.0,0.1403924495919839,0.1403924495919839,0.0,0.1403924495919839,0.1403924495919839,0.9114011378122386,0.1403924495919839,0.1403924495919839,0.0,0.1403924495919839,0.1403924495919839,0.9114011378122386,0.1403924495919839,0.1403924495919839
