index,"Socializing,_relaxing_and_leisure",Leisure_and_sports,Educational_activities,Working_fand_work-related_activities,Purchasing_goods_and_services,Household_management,Lawn_and_garden_care,Food_and_cleanup_preparation,Housework,Household_activities,Grooming,Sleeping
Men,0.0,39.755560366483806,50.30058861253283,50.28028740303824,50.29439613092442,50.30956689391496,39.697548741284166,39.714279878928,39.71803784929722,39.70013030353781,0.0,137.4011429131623
Women,46.33792323120096,94.52121415120928,94.5147765845768,46.33176342759576,46.319868634427095,46.339843063889575,46.319321277873314,39.72021910601153,39.71837279883013,39.72611748559105,39.73789790574847,46.33167356308692
