index,Q>,EN>,Unnamed:_3,Unnamed:_4,This,X,G>_CV,ev,<V,>L
Rats,17.608404807578516,16.767220519215208,14.749589185960495,14.749589185960495,10.806151100211622,7.88965151627098,4.808149099165881,3.867080097017961,2.796533782724985,2.8052642085984587
Cockroaches,15.65108321194085,6.733523762054631,24.555278351916066,24.555278351916066,8.781434605350192,8.794303120137045,37.510659768282245,31.665985871639336,19.709338031107546,37.48040795629303
