index,Yorkshire_North_East,West_Midlands,Wales,South_West,South_Coast,Lancashire)_North_West,Home_Counties_andThames_Valley,Greater_London,East_Midlands
Regional_general_manager,400204.4603989335,400051.57538877625,498554.4342846503,498536.89635331056,498568.6933853483,498580.474300096,349958.439614345,374118.5794501501,399831.20746889873
Warehouse_manager,0.0,0.0,0.0,0.0,0.0,683580.6393191668,683564.6264253347,683498.0966640569,0.0
Fleet_manager,0.0,0.0,0.0,0.0,0.0,0.0,683457.4544144738,683554.1036665309,683688.0400856538
