index,Unnamed:_1,Unnamed:_2,Unnamed:_3,Unnamed:_4,Unnamed:_5,Unnamed:_6,Unnamed:_7,Unnamed:_8,Unnamed:_9,Unnamed:_10,Unnamed:_11,Unnamed:_12
5-10_years,25.328742938727075,25.328742938727075,25.328742938727075,25.328742938727075,25.328742938727075,25.328742938727075,25.328742938727075,25.328742938727075,25.328742938727075,25.328742938727075,25.328742938727075,25.328742938727075
11-15_years,69.3151159424953,69.3151159424953,69.3151159424953,69.3151159424953,69.3151159424953,69.3151159424953,69.3151159424953,69.3151159424953,69.3151159424953,69.3151159424953,69.3151159424953,69.3151159424953
