index,Butter,SMP,Mild_cheddar,Bulk_cream
November_2014,2365.785439446085,1531.024772748039,2365.07061908335,1166.8872503551029
November_2015,2002.315667256428,1199.7957524257286,1985.870184191995,977.1368237240986
November_2076,3815.233472605628,1848.6500555151,3089.6405039645074,2006.4652248430764
2017_November,4527.689482772783,1279.5912095092797,3268.8995919663234,2108.262289695604
November_2018,3769.281229435647,1428.0994084849965,2863.525610319994,1830.6184926658236
