index,National_Defence_University,University_of_the_Arts_Helsinki,Hanken_school_of_Economics,Lappeenranta_University_of_Technology,University_of_Vaasa,University_of_Lapland,Abo_Akademi_University,Aalto_University,University_of_Oulu,University_of_lyvaskyla,Tampere_University,University_of_Eastern_Finland,University_of_Turku,University_of_Helsinki
Men,0.0,0.0,0.0,0.0,0.0,0.0,0.0,0.0,2252.7511616835523,0.0,1911.6091244962688,1999.7626343563304,2000.121029657295,0.0
Women,0.0,0.0,0.0,1993.535809356497,2254.2900152209045,2253.645305993817,2254.1545692886407,2253.7690177487807,2253.2047714517525,1912.573338608125,1998.278093296768,1912.5146677216248,1994.0108759060456,1993.426849138711
