index,Investment,Development
2018,411.7206503696158,411.4855297419781
2019,416.15429497487537,404.219693274454
2020,415.31292948451335,411.4996273987046
