index,Professional_services,Managed_services,Suppport_and_maintenance,Licensed_software,Subscriptions,Technology_resale,Reimbursed_travel
Domestic_(U.S.),5245.137401655649,3271.374702011046,2691.5709424933234,1867.3420144210852,987.1278700187248,665.9147032960345,257.81816761960454
Global_(RoW),683.4625306962871,327.3135212783518,589.1968735253295,142.4836615034501,0.0,0.0,0.0
