index,"Bangkok_Insurance_Public_Co.,_Ltd.","JP_Insurance_Public_Co.,_Ltd.","Syn_Mun_Kong_Insurance_Public_Co.,_Ltd.","Viriyah_Insurance_Public_Co.,_Ltd.","Dhipaya_Insurance_Public_Co.,_Ltd","Assets_Insurance_Public_Co.,_Ltd."
Plan,0.0,0.0,0.0,595.923768437387,595.8862606345454,0.0
Plan_2,446.4734540895015,446.7082502271456,446.5028374585146,1140.6407876367784,595.7434060063939,0.0
Plan_3,595.7804398839289,595.8214682747629,596.0683156559194,592.7476564393586,595.53291546662,595.756269693289
