index,Hand_soap_(in_pumps),Disinfectant_wipes,Toilet_paper
Almost_out-of-stock,29.833403824935644,5.88676903273263,5.878303910751498
Completely_out-of-stock,32.90649442196886,29.91830023292877,32.86852090229252
