index,Less_than_once_month_a,Several_times_month_a,Once_twice_week_or_a,3-6_times_week_a,Every_day
Female,10.132778961389072,10.088410174017485,30.135739542341696,10.075427936704656,10.085305856160886
Male,29.83495410001533,0.0,20.963600226146063,10.887435637808558,0.0
