index,Upper_(AB)_Middle-_Class,Class_(CI)_Lower_Middle-,Upper_Working_(C2)_Class,Working_Class_(DE)_Lower
Remain,56.91860157671901,50.9064739938303,36.04311937585468,35.902577794766486
Leave,42.97186563408165,48.96376357989965,63.85006766260446,63.85727520589944
