index,2_5_to,6_to_11,12_19_to
No_high_school_degree,17.073984195285114,29.13111513047181,26.073605151870037
Bachelor's_degree_higher_or,5.953035888121775,14.02247407609143,10.039978548899068
High_school_araduate,14.025001610046065,22.07190348703473,22.076181918996355
Some_college_degree_or_associate,7.984139984469014,17.96819727801235,17.06454148098408
