index,Solved_homicides,Unsolved_homicides
2012,412.7021994656786,126.38654962484584
2013,403.2161742991142,105.65783135285648
2014,382.7047066878794,129.4273270066711
