index,Balloonport,Glidersport,Ultralight,Seaplane_Base,Heliport,Airport
Private_use,0.0,286.42872888652164,281.85894263123373,3997.698677769135,17833.99202252659,17822.33567777329
Public_use,0.0,0.0,0.0,0.0,11782.086870443003,9518.030836802856
