index,Unnamed:_1,Unnamed:_2,Unnamed:_3,Unnamed:_4,Unnamed:_5,Unnamed:_6,Unnamed:_7,Unnamed:_8,Unnamed:_9
Coronavirus,4062.7035703899246,4062.7035703899246,4062.7035703899246,4062.7035703899246,4062.7035703899246,4062.7035703899246,4062.7035703899246,4062.7035703899246,4062.7035703899246
Swine_flu,864.6146898156976,864.6146898156976,864.6146898156976,864.6146898156976,864.6146898156976,864.6146898156976,864.6146898156976,864.6146898156976,864.6146898156976
