index,Total,Violent,Theft,Serious_Violent,Other
Recorded,39.43066795564306,24.72284275834017,5.4577135008016455,0.951424029731058,9.061078325418867
Reported_the_to_police,14.401826756799068,6.321308642662061,2.4588113619000325,0.0,5.426598964756337
