index,Asian,White,Black,Hispanic
Less_than_college,34.63347797783601,41.876534691352106,61.47377881394318,83.75019248176343
College_graduate_student_or,64.55346424163096,57.38751417016134,37.64714849839159,15.651144371377484
