index,xo_a_1._to,xo_the_his_1._to_to,o_Re:_his_o_to_sob,Unnamed:_4,of_to,>_the,I_in,>_the.1,the_from,of_is,>_to,>_a,"can_Hi,_to_to_to_a"
Other_businesses,0.0,0.0,0.0,0.0,3.0953697604247736,0.0,4.103350150267659,0.0,0.0,0.0,0.0,0.0,0.0
Arcade_operations,10.51120991169816,3.607340072644149,3.776536002239226,11.8454157523918,12.011624588899965,10.605423263731694,3.985806947117254,10.605423263731694,3.618874176607534,3.594824806717924,12.296008932934598,10.105335913062504,8.41937260688465
Amusement_equipment,0.0,11.619138000157534,7.377792870713662,10.2752949686287,18.31521953907736,5.1189617998217045,8.607014381381475,5.1189617998217045,18.45241868688369,23.74626715568506,7.728067691454015,7.047468343218085,8.948153494067668
Digital_contents,60.10445559274584,55.6372578812516,59.62048110186667,65.73492982920423,51.9389749964501,62.89521817090152,73.91268585183528,62.89521817090152,65.87895350355222,82.69479403638857,44.60474571688735,58.57310160831524,73.6967321038102
