index,Premier_League_(England),Division_Primera_(Spain),Serie_(Italy)_a,Bundesliga_(Germany),Ligue_(France)
Low,49.47087416849303,60.11719990044756,60.108058929108815,60.137284950679,64.8199239099065
Average,59.06652651555893,67.60888182558526,75.15623012335242,73.5253533123922,71.3699028631989
High,62.03473945409429,85.08588593259388,82.02578767838874,79.84931142719674,85.13020579363021
