index,risk_Minimal,risk_Low,Average_risk,risk_Worse_than_average
June_2014,3.7976610717046313,13.820190031620143,30.62796357911285,50.45754001858308
June_2015,3.8315015349378783,23.65723705184523,25.636198119092867,46.53694761693108
June_2016,5.7889708821814025,21.64319792104956,26.666001524647257,44.51249247115117
June_2017,2.967847334640993,22.791974516337483,29.5198587827165,43.47922160392183
June_2018,3.000940876098348,23.71916068345524,25.65590158842184,40.62340980967261
June_2019,3.001387938767138,23.689927146503933,29.543403174608365,42.58198863561244
