index,Salt_Lake_City_2002,Torino_2006,Vancouver_2010,Sochi_2014
TV,9940.69974545858,15715.174381264398,31646.646914917877,53918.9736401033
Digital_Broadcasting,0.0,0.0,24233.87641777308,59082.55840929819
