index,"Jewellery,_watches_and_accessories",Footwear,Others,"Books,_news_and_stationery",Personal_care,Furniture_and_floor_coverings,Electricals_and_electronics,Clothing,Home_and_garden_products,Food_and_grocery
2013,0.0,0.0,0.0,0.0,0.0,10.392364789833143,10.403482233127171,10.409369250834764,10.413818778024693,0.0
2018,0.0,0.0,0.0,0.0,0.0,10.423728219309416,10.42062693710612,10.41933606424658,10.432171484012931,10.43459386271232
