index,Zurich_Assurance_Ltd,Phoenix_Life_Assurance_Limited,ReAssure_Limited,Standard_Life_Assurance_Limited,Scottish_Equitable_Plc,Phoenix_Life_Limited,Scottish_Widows_Limited,"Royal_London_Mutual_Society_Insurance_Limited,_The",Aviva_Life_Services_UK_Limited,Prudential_Assurance_Company_Limited_The
Complaints_(H2_2019)_opened,3905.5395760268657,3901.728020149967,3893.2560569322704,4039.204125481625,4041.055520178656,5950.829444627867,8374.72598203826,8374.085205585012,9657.253057906906,9666.92145243584
Complaints_closed_(H2_2019),4041.407829003503,5957.362527064513,4046.0327690129416,4049.34068878452,5955.14463661009,8380.684493706864,8380.076820096216,9663.885448871362,8374.652682886783,3907.180531224487
