index,Desktop_/laptop,Tablet,Mobile_phone
Black_Friday,41.44029166865512,16.73475731528844,10.763877206864429
Cyber_Monday,53.41498401830976,23.59770105474186,10.759340477773948
