index,Infrequently_(once_year_less)_a_or,Occasionally_(less_than_once_month)_a,Frequently_(one_times_or_more_per_month)
Under_$50K,51.89710339213091,35.906408433968686,51.9030504620187
$50-100K,0.0,45.7642064152975,15.910907418126628
$100K_or_more,46.80184910629307,46.79854826430064,20.833863306261403
