index,Wyoming,Wisconsin,West_Virginia,Washington,Virginia,Vermont,Utah,Texas,Tennessee,South_Dakota,South_Carolina,Rhode_Island,Pennsylvania,Oregon,Oklahoma,Ohio,North_Dakota,North_Carolina,New_York,New_Mexico,New_Jersey,New_Hampshire,Nevada,Nebraska,Montana,Missouri,Mississippi,Minnesota,Michigan,Massachusetts,Maryland,Maine,Louisiana,Kentucky,Kansas,Iowa,Indiana,Illinois,Idaho,Hawaii,Georgia,Florida,District_of_Columbia,Delaware,Connecticut,Colorado,California,Arkansas,Arizona,Alaska,Alabama
2006,0.0,0.0,0.0,0.0,0.0,20247.01232846164,20243.733836368297,0.0,0.0,0.0,0.0,0.0,0.0,0.0,0.0,0.0,0.0,0.0,0.0,0.0,25165.135316848784,0.0,0.0,0.0,0.0,0.0,0.0,0.0,0.0,0.0,0.0,0.0,0.0,0.0,0.0,0.0,0.0,0.0,0.0,0.0,0.0,0.0,0.0,20226.599415973524,20222.72319541477,0.0,0.0,0.0,0.0,0.0,0.0
2010,0.0,0.0,0.0,0.0,0.0,0.0,20244.614480395063,20243.2734051606,17689.86962585249,17685.71187657337,17687.68465787742,17685.97190925844,0.0,0.0,0.0,0.0,0.0,0.0,0.0,0.0,0.0,0.0,0.0,0.0,0.0,0.0,0.0,0.0,0.0,0.0,0.0,0.0,0.0,0.0,0.0,0.0,0.0,0.0,0.0,0.0,15163.494683961126,25046.59785716425,25045.06678471457,0.0,20223.448513250987,20222.91180578901,0.0,0.0,0.0,0.0,0.0
2018,17689.427223577626,25156.756023605143,17688.958471324007,25154.010771871315,25158.872342951352,20255.39370196676,20246.506131501374,25156.9529550253,25157.63112026796,17684.378428964337,25160.54001923826,17687.337254210168,17687.048791284866,17684.73207341603,17690.92501184362,17685.3020650617,25156.792081470805,25154.74579759444,25156.49113697662,25159.25511106377,25158.369613093557,25154.685470011504,25156.285191090046,25160.17458663817,25157.32116130736,25154.9961223926,25160.987275456573,25155.58344955061,25154.7284620821,25155.154915685616,25150.72187847057,25155.99395448277,25160.29316154257,25153.830482543,25161.63284993604,25157.60338344822,25156.338584468045,20224.519154492977,20217.611992957067,20219.44678358291,20219.462038833768,15159.96309338765,25042.51430387794,20223.581649985743,20221.427885932884,20221.237195297166,20220.51326430193,20223.540044756133,20225.532935254498,20223.65376571707,20217.848449345354
