index,Up_to_25_juuros,26-50_euros,51-100_euros,More_100_than_euros,Don't_spend_money_on_my_pet,Don't_know
2012,19.134411859722107,26.12300353464854,22.10456949998557,8.028265677803539,0.9507149151030134,24.12981147610149
2017,14.015283040601789,26.128085073284943,29.10124051665469,14.005929082405649,3.924000697738254,14.01957915820978
