Unnamed:_0,index,saptamber,January,August,Jung,May,July,Occess,Fastury,March,April
0,Maritime,2628.409929302121,2549.433129086734,2549.712769971913,2640.291559801124,2507.145213006341,2509.400982813422,2606.9770090139064,2502.9443854868223,2566.447723389174,2398.830976815123
1,Road,26001.18039524753,24465.591509605583,23709.604126380906,24529.18184689444,23919.664145082657,24357.11570312516,26140.062487309347,25020.280955197333,25063.37050848189,24148.447674607374
2,Railway,21003.046998156075,18605.4184771472,20222.227504327828,18753.149649664345,17780.502722847763,19847.670288482197,22066.055216335622,19343.60827159095,20576.271507685386,18007.06155377486
3,Total,50333.30552460086,46061.62943325959,46645.6718504319,46069.18905852216,44822.50959983855,47868.81176082564,52136.3212029778,47245.35551444835,49488.51973184925,44973.978638854205
4,Pipeline,6405.134082366974,2549.433129086734,6419.936406555586,5732.6598959394105,5700.532265353715,2509.400982813422,6381.812032543363,6320.806819881902,2566.447723389174,5974.145335892979
