index,MAU_total,DAU_total
Total,33.08038813982161,24.04035375385569
Mobile,25.94967065559997,19.87873033306553
