index,Movies,TV_shows,Music_videos,Personal_videos,Web_videos,User-generated_content
Millennials,27.801197118471197,36.724527891149954,18.876519535182887,10.90419493827666,9.96009266200526,32.831467763412256
Generation_X,19.81749759359272,25.771347800383765,9.969072994204588,6.961164070178874,4.9020030817562485,20.911351813305256
Baby_Boomers,13.850997414326962,15.890456214152458,4.939608521866383,5.861300635100143,1.971319273356201,14.785444756992485
