index,DIY_and_home_products._improvement_flowers,Jewelry_and_watches,Telecommunications_/mobile_phones_and_accessories,Furniture_and_decorative_articles,Computers_and_accessories,"Groceries_delicatessen,_wine",Gift_vouchers,"Consumer_electronics,_media,_video_and_audio",Toys,Books,"Clothing,_textiles_shoes"
2012,0.0,0.0,18.763123087440125,17.699742860423427,23.826243437179368,0.0,0.0,27.71623444362768,0.0,0.0,0.0
2013,0.0,0.0,18.804380648295744,17.709463741603535,23.800329259607185,23.818590133080868,27.73385379614916,27.73031112948958,0.0,0.0,0.0
2014,0.0,0.0,18.80959045220689,17.708229733147718,23.82062910731747,0.0,27.733134638903387,27.72176296495457,27.71473075120469,0.0,0.0
2015,0.0,0.0,17.710697750059353,17.70595376390967,17.703216063030865,23.812444607526068,27.72074960701734,27.74209141550985,27.73582330633361,27.70902652668707,27.722138888060314
