index,Tech,Non-tech,Operations,General_&_administrative,Suport
Male,76.53455775160806,50.7810155473428,51.47096994344133,47.62082696998206,47.62269886533333
Female,22.44164068169897,48.205055047434655,47.50437004104219,51.27230461674969,51.28351810450684
