index,Chickpeas,Beans,Lentils
2016,1.2882596252350165,0.8906324436088303,0.8901379161048714
2017,1.184777307508084,0.8907283763536353,0.8900989157281632
2018,1.2878437803092415,0.891608884858547,0.9913650302304056
