Unnamed:_0,index,Altai_Krai,Moscow_city,Saint_Petersburg_city,Republic_of_Crimea,Krasnodar_Krai
0,2019,3.944411253289868,3.938354081440572,4.965172705425125,4.960111589003855,3.947009658754297
