index,Consumer_chemicals,Specialty_chemicals,Fertilizers,Plastics_&_rubbers,Bulk_chemicals
2000,0.0,0.0,0.0,0.0,1.4946656654832615
2010,0.5276817847681075,1.494654416464288,0.5265098980180098,2.5174400812614213,1.4946741177848109
2030,0.5266888257838951,0.5268519054843752,0.5272835943561496,0.8756520391301786,0.5270953441988497
