index,25_34_to,35_44_to,45_54_to,55_64_to,65_and_older
No_high_school_degree,34.88080162677762,39.88341681052277,40.821041744451975,39.86990743423041,29.87779077092349
Bachelor's_degree_higher_or,19.902090813753148,22.90132472128003,25.85483023792612,29.893325201984776,23.929337384999343
High_school_araduate,34.04233802157679,36.8265671457105,39.92437010259766,42.88693675629849,27.947790696581365
Some_college_degree_or_associate,30.85618467762216,34.90968814832396,34.89510972006015,36.867616283824205,26.887964520745538
