index,Lux,Covergirl,Neutrogena,Elizabeth_Arden,Guerlain,Ponds,Christian_Dior,Givenchy,Olay,Shiseido,Amway,Estee_Lauder,Mary_Kay,Yves_Saint_Laurent_(YSL),Max_Factor,Dove,Biotherm,Maybelline,Johnson_&_Johnson,Avon,Chanel,Clinique,Oriflame,Clarins,L'Oreal,Christaya_Liniya,Lancome,Nivea
2012,0.0,0.9174892926067244,0.9176423625596896,0.9231994021267697,0.9284473004162876,2.9630531152736808,2.9600682511907905,2.96535666799727,0.0,0.0,0.0,0.0,0.0,18.072169481453024,50.09838346124179,50.09880515395536,50.10527611118281,50.104923450016656,9.941375708698873,9.954092520281767,9.950253765971048,9.95266086601577,15.001149525333076,14.996306812213184,15.001799322290289,15.005271909262532,15.005978732280653,0.0
2013,0.0,0.0,0.0,0.0,0.0,0.9329913770593166,0.0,0.0,2.9785987196148653,2.989046494247866,2.9803710295605086,0.0,0.0,0.0,0.0,9.954899889249385,50.10905183668937,9.958214904211223,9.955590204723556,9.953652819338435,9.937759055888542,9.95178746687236,9.95751258325054,9.959136325300662,15.00463261710602,15.002755259153432,15.000135061723206,9.948985686458713
