index,Digital_goods_Iservices_(music)_game_downloads),"(public_Real-life_service_transport_ticket,_car_parking)"
UK,13.867060813917576,14.89891130994168
France,17.869652898981535,14.876516000727094
Germany,12.7976274730443,11.882224941485802
Italy,29.584631505680875,25.567883750765247
United_States,21.58504234113148,16.87981080549784
Japan,21.62813611360652,15.913762772623356
Australia,16.90225197541389,16.881492364551484
Spain,16.88684277972221,16.884916630260747
China,56.6343929942046,64.48218323691042
