index,Undisclosed,Under_10,10_to_24.9,25_to_49_9,50_to_99_9,100_249_9_to,250_499_9_to,500_to_999,More_than_I_000
Aug_31_2020,9503.669499099617,0.0,0.0,0.0,9809.561649176128,0.0,11860.238462742103,0.0,0.0
Aug_31_2019,9501.562081466926,9503.059186709845,11860.560360260011,9504.677293594406,11860.722137797333,9806.74711784035,9806.59163901862,9503.596566603284,0.0
