index,Daily_disposable,Weekly)_bi-weekly,Conventional_soft,(total)_All_types
2015,0.6566789216323667,3.127401134743019,0.0,3.833842175043167
2016,0.7304902691318991,3.2877845742771936,0.0801368191851068,4.1087447611842025
