Unnamed:_0,index,Jan,Jul,Nov,Aug,Feb,Sep,Jun,Oct,Mar,Dec,Apr,May
0,2019,245.1107412640645,267.48551900486666,272.1593629661694,272.0737966194897,222.14338391359485,263.437528640334,260.22977040717564,243.08038031573955,257.9878069316769,261.4922060529617,243.14517015190543,255.79328596747976
1,2016,211.75939608774823,267.48551900486666,225.17345589859733,250.3785800545091,206.2328007458751,236.07611077548788,230.7912566924402,205.0706116272391,197.78680358189325,226.63455025651876,207.5602330675964,213.6465694841804
2,2020,257.1222913600783,267.48551900486666,272.1593629661694,272.0737966194897,233.300114231345,263.437528640334,260.22977040717564,243.08038031573955,257.9878069316769,261.4922060529617,243.14517015190543,255.79328596747976
3,2017,233.46589086330903,210.77670034367375,225.17345589859733,204.85856820476755,233.300114231345,236.07611077548788,220.7318766687938,233.50618107311328,241.7339187352401,241.51657368289165,234.8939452896563,230.06142800952037
4,2018,228.24847743136576,255.81670784978016,259.07171808392616,250.3785800545091,233.300114231345,253.51602365239975,256.1724014920496,243.08038031573955,257.9878069316769,273.6588369876047,281.6868762955977,266.0652591719319
5,2015,209.6483131978673,217.91779983448737,213.4130909298244,219.6095858530307,206.2328007458751,198.2383239120313,209.2997010961215,233.50618107311328,194.4449805192998,245.7622647648385,191.85654410072223,186.67775527412493
