index,Aosta_Valley,Molise,Basilicata,Trentino-_South_Tyrol,Friuli-Venezia_Giulia,Marche,Umbria,Liguria,Abruzzo,Sardinia,Veneto,Calabria,Emilia_Romagna,Tuscany,Apulia,Piedmont,Lazio,Sicily,Campania,Lombardy
Operational_capacity,159.62632716757162,248.6599048631124,391.3517461830579,463.0726286848558,470.7457319050318,841.8967523458223,1316.392852093166,449.6566888346306,0.0,0.0,0.0,2279.275376872873,2999.907571031662,3080.1116841707144,0.0,3936.774838536585,0.0,5808.013791401308,10082.950252730778,0.0
Current_population,849.7334798207576,379.0497003053151,391.8860855432604,590.3762958166644,593.7771822354516,855.131081763664,1336.3607567584313,1337.4424254960068,1430.0032924697362,3081.221831022859,2283.291540451163,2283.6387736024863,3074.621153643425,3212.253383274953,3212.8848979559207,3938.3940941386554,5811.281030528038,3935.468842194774,5811.162621525357,395.86877484653087
