index,Television_licensing,Home_entertainment,Theatrical,Other,Ancillary
2018,470.1410925708106,102.13759114658558,27.41456012540596,41.54670945700673,23.423841297837956
2019,409.2669465335137,84.50968614724513,20.35922301521464,51.938864609779785,34.632050676902054
