index,Milk_harvesting,Animal_health_monitoring_and_comfort,Feeding_management,Heat_stress_and_fertility_monitoring,Others
2076,2366.2892740758266,1486.6231539499304,1120.0624852224018,845.4626597102251,477.4086758732283
2021,4997.161560978348,3770.7426153906954,2660.043989334796,2017.6656401034236,946.7284624124604
