index,Hotels_/hostels_Jyouth_accommodations,Camping_terrains,Holiday_homes,Group_accomodations
2015,73.23988085811162,1.6666698468366548,0.0,0.0
2016,74.23012854883119,1.725906873174182,1.6594763023273202,0.0
2017,73.43514170519443,1.6297957758438173,1.5531759403603616,0.0
2018,75.52749002539684,1.69931747191751,1.71138621701607,1.70087257504089
2019,72.3296780459509,3.0128548831192177,3.023263579484848,0.0
2020,74.25664639626318,2.99814341676192,3.0159937108958275,1.6834420633451683
