index,Tickets_88_transport,Bookmaker's_betting,Pharmacies,Mobile_services,TV_Streaming,Bookstore,Food_delivery,"Financial_support_(eg_charity,_funding)",Online_gambling,Marketplaces,Perfume,Game_Streaming,Courier_services,Clothing,Supplements,Household_chemistry,Household_appliances_and_electronics
March_February_2020_to,0.0,0.0,0.0,0.0,0.0,0.0,0.0,0.0,0.0,0.0,396.88998432512506,396.8651326016957,397.094392439912,0.0,397.7267128055229,155.74101707022925,0.0
April_February_2020_to,396.0766551947095,396.1962339418599,397.1385553510279,155.9587117124774,397.40546931565234,346.04728497611114,346.1298550961632,396.8845513726004,396.9871857628672,397.02709913685976,397.1204275787428,397.3513549568429,397.2442558630164,397.2311307103827,397.8168137508567,155.83773438348902,346.1321681353569
