index,Console_games,PAC/Mac,Social_networks,Casual_websites,Mobile_devices,MMO_games,PCI_Mac_download,PC/Mac_boxed
2011,28.898886118533863,0.0,15.91529124264191,10.994380480277371,11.003849455182142,12.90829755409311,7.975299359650666,11.964031029342928
2012,23.951453053496845,18.92329395449628,16.96053514926952,14.92049850129289,12.907100902486915,11.940735933441154,0.0,0.0
