index,Premium,Mass_Premium,Superpremium,Regular,Value,Treats
2008,43.68123353350948,32.781064340150174,10.821002954344353,25.76444265550997,12.928070910191202,16.811869168609164
2009,40.70396610228798,30.664100889369287,8.907404347965588,26.82495431368981,13.830952189497928,17.84381359746091
2010,39.72613117890712,29.87275307611467,9.982040052819286,26.83300337902316,13.840749664095137,17.850064103590622
