index,Africa,Americas,Eastern,Europe,South-_East,Western_Pacific,Total
2000,3325.925310254222,0.0,357.3916399488494,194.7264983244513,195.26455732893555,407.4758700123348,572.0075830659362
2019,2250.012849767781,104.61786774401162,109.58927290271686,456.280154455344,57.30691692752089,157.68761781319017,469.944252741936
