index,Low_-income,Middle_-income,High-income,All
1980,31.814446367521683,42.53573638308732,64.37883889432774,48.505316749290834
2009,54.52094760115528,66.45994872106496,83.45267825780223,69.4110378654428
