index,Chrome,"Apple_Facebook,_and_Android",Wix
Developer's_share,94.31926633265329,69.43518496682367,69.44155922425686
Platform's_share,4.899377305114342,29.747292307723853,29.489069373225348
