index,SmartCAMcIC,SPRUT_Technology,NCCS,ICAM,SPRING_Technologies,SolidCAM,CGTech,Tebis,Delcam,Vero_Software
2012,0.0,0.0,0.0,0.0,0.0,0.0,0.0,44.23455286079998,75.05674295006607,0.0
2013,0.0,0.0,0.0,0.0,0.0,35.18099322013366,35.16955416034463,44.31430426825669,0.0,0.0
