index,Bladder,Breast,Colorectal,Lung,Prostate
2015,58.558097490490525,39.810892522575855,46.5799151573279,47.691281351580216,84.3248456942261
2019,57.7976944560794,36.85214906784447,44.659190539848325,49.60838260733794,101.61236167573736
