Unnamed:_0,index,White,Hispanic,African_American,Other
0,don't_follow_of_these_leagues_any,85.04785180913122,64.60876615257129,76.78763972857938,69.60031590406545
1,Italian_Serie_A,10.14292868261954,12.878104625005946,12.890281380616855,14.22288279131746
2,Spanis_Ligue,9.587848931662592,15.992377795574996,4.981021674254492,11.508083772620708
3,English_Premier_Lea_German_Bundesliga,0.0,3.5799537999566557,0.0,0.0
