index,(15)_Pi_Kappa_Alpha,(14)_Lambda_Chi_Alpha,(13)_Phi_Kappa_Tau,(12)_Kappa_Alpha_Psi,(II)_Delta_Tau_Delta,(10)_Alpha_Phi_Alpha,(9)_Kappa_Alpha_Order,(8)_Sigma_Phi_Epsilon,Alpha_Gamma_Rho,5)_Alpha_Epsilon_Pi,(5)_Sigma_Nu,(4)_Theta_Chi,(3)_Phi_Gamma_Delta,(2)_Sigma_Alpha_Epsilon,(I)_Sigma_Chi
Presidential_alumni,3.959744734119857,0.9975150091070066,0.9962370137906084,0.0,0.0,5.9717357572142085,5.973836794207055,0.0,0.0,0.0,0.0,7.975419810751979,1.9907966091476224,0.992197168260656,9.970500599729643
Congressional_alumni,3.9525059338330015,4.975649865774794,0.9998976651795068,4.973848296958196,5.974563450761878,3.955328470974989,3.955758435879698,3.955825865800179,3.957141542542725,3.962172211257146,7.97466499228919,1.986689730343782,1.988805046613907,3.951961338063475,9.96926107913258
