Unnamed:_0,index,Wyoming,Wisconsin,West_Virginia,Washington,Virginia,Vermont,Utah,U.S_Average,Texas,Tennessee,South_Dakota,South_Carolina,Rhode_Island,Pennsylvania,Oregon,Oklahoma,Ohio,North_Dakota,North_Carolina,New_York,New_Mexico,New_Jersey,New_Hampshire,Nevada,Nebraska,Montana,Missouri,Mississippi,Minnesota,Michigan,Massachusetts,Maryland,Maine,Louisiana,Kentucky,Kansas,Iowa,Indiana,Illinois,Idaho,Hawaii,Georgia,Florida,District_of_Columbia,Delaware,Connecticut,Colorado,California,Arkansas,Arizona,Alaska,Alabama
0,Moved_different_the_U.S_to_a_house_in,17.71623646001383,17.715579071297867,17.715470084995435,17.715883816436524,17.71737352729656,17.715450647947865,15.673275031446366,17.713172348300787,14.586262311287095,17.71614343985761,17.715990026017877,15.669291130875196,17.7149779111838,17.7150480233911,17.71560961522976,17.716298936238154,17.715692916862196,17.717394352704666,17.71466136498055,17.715604061787598,17.716026817572203,17.71890905405443,17.71478701160947,17.714700239075686,17.717056981093307,17.716525239006266,17.71364577924512,14.586121392692226,14.585464698156535,14.585922162954654,14.58613111121601,14.584980160327875,14.58418879481975,14.586183174736282,14.58690512221738,14.584978077787063,14.583953467708122,15.139771114881285,15.14010293305048,15.139468452283436,15.665613363803216,15.671591644290924,15.673954633930975,15.673710282475836,15.673247264235556,15.674755023782616,15.674268403413148,15.67064200568117,15.669979063523048,15.67301679638582,15.6727696682096,15.67095508098307
