index,Insurance_administration,Retail_prescription_medication,Specialty_substance_abuse_centers,Specialty_mental_health_centers,Freestanding_home_health,Freestanding_nursing_homes,Other_professionals,Nonpsychiatric_physicians,Psychiatrists,Specialty_hospitals,"General_hospital,_nonspecialty_care","General_hospital,_specialty_units"
1990,12.816266149667628,12.458784228533943,12.45958174298468,12.45791931849582,12.463868102342447,14.99039612879746,12.459134685588356,12.45405530481901,8.605284263354996,14.986541101198966,8.59846158339193,14.987372313443398
2009,4.993943383213555,0.0,15.002864312463917,15.161940363891242,15.167662249260331,4.948215477171992,5.159642174361371,0.0,0.0,0.0,39.91414251470909,39.91896803876594
