index,Yes,No,Undecided
(born_before_1945)_Pre-war,23.68222259514306,63.40103507515862,11.642368268768776
Generation_Y_(1980-2000),41.56864963656096,49.55047389851358,8.758200492499768
Baby_(1945-65)_boomers,35.393502725701175,53.37099801187599,9.81310070889971
Generation_X_(I_966-1979),34.64818998639164,51.319295062373456,12.690006788299115
