index,Yes,No
Tablet,72.43529159478427,26.611361598936924
Smartphone,64.32921719519854,34.74458476435653
