index,Love_eating_quick_at_service_restaurants,Like_quick_eating_at_service_restaurants,Hate_eating_quick_service_at
2014,62.51645742221317,25.742047647237698,0.8939128907983047
2010,47.4627332485537,21.744712605246605,8.849419595694677
