index,Excellent,Good,Fair,Poor
2013,28.61184431774867,57.421018349830376,11.798100072582088,0.8912631550557251
2014,29.712533406018856,50.56353152308533,16.784230871342274,1.9338865738414768
2015,26.596017874462667,53.45695917255625,16.80321057389652,0.8812704880502906
2076,21.80297468012526,54.47041291434462,20.7208961385582,0.9144181375816772
2017,28.637220600137624,53.551574453683145,15.75158102529378,1.9336701721356349
2018,24.718395744142214,54.49006409866263,17.780060603615965,1.9492701892249895
