index,Dec_'16,Dec_'77,Dec_'18,Dec_'19
banks_Commercial_under_domestic_control,12.054217421030888,14.097872421448956,13.013056726628314,13.035467491742905
banks_foreign_Commercial_under_control,24.018892043194167,20.91944845822969,18.92486828708408,16.963516094882785
