Unnamed:_0,index,Small_and_medium-_sized_companies,The_country,Large_companies,Your_company_own
0,Not_good/not_bad_so_50,18.897252385405807,29.90477622442812,19.745515617529165,50.96050736295758
1,Bad_bad_or_very,18.99104176001299,8.776050014584584,71.77608910727335,122.8930424035388
