Unnamed:_0,index,Unnamed:_2,mist,araring,for,the
0,Pharmaceutical_cosmetics,-6.722814227841624,-9.393990160038795,153.2765403078705,153.2765403078705,14.099491315623794
1,Nutritional_supplements,6.959219956408106,2.3783563588827548,153.2765403078705,153.2765403078705,14.099491315623794
2,Finished_pharmaceutical_products,0.6836579525145652,153.2765403078705,153.2765403078705,-4.231410739337676,14.099491315623794
3,Other_parapharmace.uticals,6.967979828886357,9.58283722871326,153.2765403078705,153.2765403078705,14.099491315623794
