index,Under_18_years,64_18-_years,65_years_and_over
Has_without_internet_subscription_No_a_computer_an_computer,3.9165991604004233,11.29411818978641,4.114519536836276
No_computer,1.4237892697328969,5.44122526179822,7.214737279143792
