Unnamed:_0,index,Unnamed:_2,CONTERSING
0,Germany,47.69341475038386,59.73557746349282
1,Russia,28.67232356756517,59.73557746349282
2,United_Kingdom,40.68408441475589,59.73557746349282
3,China,32.612310105583205,59.73557746349282
4,United_States,46.651857543585805,59.73557746349282
