index,Mobile_Aps,Travel_agent,Direct_airline_hotel_rental_hub_or_auto,Recommendations_from_friends_/family,"Online_tools,_such_travel_websites_as"
2013,39.78957193398203,26.75143405935208,26.777567567064047,39.79235714831312,39.79625551686684
2014,0.0,26.760646691370304,26.76569547453904,0.0,0.0
2015,18.82048967607677,18.83750836030054,18.82259023069772,26.771619876928924,18.81815158645436
