index,Casual_or_socia_games,Streaming_music,Purchase_download_music_or,Music,Streaming_films,Streaming_television,Watch_live_sports,Purchase_download_movies_or,Download_news_magazines,Local_info,Sports,News_blogs,Post_social,Follow_social
Total,39.96398675048568,0.0,59.9776155239779,38.10141771986117,59.98630847139458,60.00085947220221,0.0,0.0,18.907801824809557,41.01803254534739,41.01652642263114,41.00591808002096,41.00476120315195,0.0
Mobile_elite,59.990286599873386,59.99669580686704,59.98675594263637,59.94381507432388,59.99152533123785,60.005306899788266,60.00745694453539,60.00556337720734,60.00041200096042,28.095622421583386,28.097183113963283,59.99692227097111,41.03216608822823,59.99620467989435
