index,18-29_years,30-44_years,45-64_years,65+_years
Very_closely,7.066847945625426,6.954342546574296,7.794315240766338,7.826065650182514
Somewhat_closely,9.548531059216913,14.95622067560221,6.987984760715193,9.954311776256487
Not_closely_very,19.42839006278284,15.94154323400599,17.123362762673096,13.407493598064434
Not_closely_all_at,63.253391287897344,62.50202571258927,66.59985708896838,68.1460712572182
