index,No_cars,car,2_cars,3_cars_or_more
Before,50.50540924940487,37.77680889179821,8.896866341305568,1.9291093360861709
After,72.4002209333494,20.6293364507838,4.931742818313083,0.0
