index,Convenience,Customer_service,Product_availability,Product_quality,Value_for_money
Rated_4/5,34.23946507755358,36.16575526411639,35.1944924674462,45.07597381406174,26.96245709309161
Rated_5/5,36.97155042893345,17.881549760427518,14.758819703582454,16.00917407149629,8.980180868095871
