index,None,a_religious_based_dating_app,Grindr,Plentyoffish,Happn,Hinge_Down,Coffee_Meets_Bagel,Tinder,OkCupid,Bumble,EHarmony,Match_com
Male,62.95500040908719,0.0,4.990127362478518,4.97732020617994,5.000872719338915,5.011530804265405,0.0,6.838099653639503,6.83940327815202,6.8358578558376735,0.0,101.74147871382986
Female,63.00650175907492,62.994010963536695,63.00136907846293,62.99741456895846,62.98906919028009,63.01878528377016,0.0,6.847017754384055,6.844852319524378,101.75475495677313,101.74353505877218,6.937676930209719
