Unnamed:_0,index,Unnamed:_2,the,Sace,Parting,State
0,Men,48.15239582763438,58.05534957258587,55.50245108084506,53.38369680484513,63.05352622616473
1,Women,53.58501216866898,58.05534957258587,55.50245108084506,53.38369680484513,63.05352622616473
