index,Unnamed:_1,Unnamed:_2,Unnamed:_3,Unnamed:_4,Unnamed:_5,Unnamed:_6,Unnamed:_7,Unnamed:_8,Unnamed:_9,Unnamed:_10,Unnamed:_11,Unnamed:_12,Unnamed:_13,Unnamed:_14,Unnamed:_15,Unnamed:_16,Unnamed:_17,Unnamed:_18,Unnamed:_19,Unnamed:_20
Food,951.1407491708276,951.1407491708276,951.1407491708276,951.1407491708276,951.1407491708276,951.1407491708276,951.1407491708276,951.1407491708276,951.1407491708276,951.1407491708276,951.1407491708276,951.1407491708276,951.1407491708276,951.1407491708276,951.1407491708276,951.1407491708276,951.1407491708276,951.1407491708276,951.1407491708276,951.1407491708276
Seed,60.11117465703421,60.11117465703421,60.11117465703421,60.11117465703421,60.11117465703421,60.11117465703421,60.11117465703421,60.11117465703421,60.11117465703421,60.11117465703421,60.11117465703421,60.11117465703421,60.11117465703421,60.11117465703421,60.11117465703421,60.11117465703421,60.11117465703421,60.11117465703421,60.11117465703421,60.11117465703421
Feed,159.97023948297556,159.97023948297556,159.97023948297556,159.97023948297556,159.97023948297556,159.97023948297556,159.97023948297556,159.97023948297556,159.97023948297556,159.97023948297556,159.97023948297556,159.97023948297556,159.97023948297556,159.97023948297556,159.97023948297556,159.97023948297556,159.97023948297556,159.97023948297556,159.97023948297556,159.97023948297556
