index,Users_of_BBC_iPlayer,Home_broadband_users,All_TV_viewers
16-34,38.1551532027632,31.339766386384863,28.32153108234256
3335-54,32.35440982158065,35.14657302522906,33.27271000160167
55+,30.226283577132502,33.7962247126401,38.0313006374117
