index,Tesco,Waitrose,Sainsbury's,ASDA,Morrisons
Bottled_Ale,10.703811715339114,45.86402443150786,18.953603968684547,13.78340665322476,13.776924182895428
Canned_Ale,11.15537444639817,16.647120518579406,9.562008303486238,8.843707298578025,12.891730897048577
World_Speciality_Beer_&,14.090714482157722,12.324691330738377,24.051594083885675,12.506667602390564,13.388545600248278
Lager,60.38729285431258,21.451815877791415,44.5759666912674,60.59462937017047,56.24054544804123
