index,Everyday,Often_Sometimes,Never,No_internet_access
2013,56.52571835539951,15.64920811047567,16.859579377684085,9.74644550640619
2015,64.34940168505315,14.720031906332125,14.75697943893286,4.975628405181936
2017,69.40023331505367,8.741833617024298,18.67844086289536,1.8491086880657408
2018,72.42973955032014,8.705332773073337,15.691406513734677,1.967554109008546
