Unnamed:_0,index,Mayie,rabis,Works,Juma,Oxis,spli,Apt,Mayia,Cacist,supis,Novia,Imps,Apris,May,Junis,Maris,lanis
0,Motorcycles,45220.84876494412,70558.64256607808,6150.255408997851,46889.05367776961,6399.156887131656,52538.71082118753,16241.044478228258,172983.30575856517,49660.81102232094,43084.24120585283,62642.029220101744,52312.52866555005,152205.2165427991,164613.4062439875,70120.6909489173,6411.369018595637,6496.933238398546
1,Industrail_and_all-terrain_vehicles,45220.84876494412,70558.64256607808,43172.18441230455,46889.05367776961,61370.24278252621,52538.71082118753,16241.044478228258,73715.04240196766,49660.81102232094,43084.24120585283,62642.029220101744,52312.52866555005,66012.4982046085,70182.10845423458,70120.6909489173,40272.06091316015,45372.11266603219
2,Passenger_cars,177331.74641707263,163525.1685388135,156011.20859559596,171228.56520638848,158116.23510692405,154146.23174957914,59607.98859751699,172983.30575856517,94916.98773900018,165028.76740042874,145507.39770679566,132778.09437023714,152205.2165427991,164613.4062439875,168534.74941191945,145927.8439471988,141870.62099184116
