index,NBFI_Fl_0-2_&_years,2-6_years,6-10_years,10+_years
Minimum,94380.42500561028,148139.85634033836,206877.39996182767,282029.5931620407
Maximum,133108.30894375802,206743.98095557225,281947.438803083,370391.7204116965
