index,Very_satisfied,satisfied_Somewhat,dissatisfied_Somewhat,Very_dissatisfied
2014,45.4326559653354,38.46379572898151,8.775702898582814,6.841417006213511
2016,44.47211515176493,43.45355840438472,6.870441321775289,3.7694335292560903
