index,Easy_to_visit_with_children,Meeting_locals,Visit_film/TV_location_a,Easy_get_plany_organize_to,a_mix_of_old_and_new,Visiting_friends_relatives_or,Wide_range_of_holiday_activities,Somewhere_English-_spoken,Watching_sport,Easy_to_get_around,Ease_of_getting_the_country_to,Wanted_to_go_somewhere_new,Cost_of_staying_in_the_destination,The_climate_weather,Vibrant_cities,Wide_variety_of_places_visit_to,Security_safety,Accomodation_(variety_&_quality),Contemporary_culture,a_good_deal,a_culture_different_from_my_own,Countryside_natural_beauty,Try_local_food_and_drink,Cultural_attractions
All_markets,12.978394993699297,12.984188740105758,15.949985484146232,15.94334786598057,18.90300449834028,18.912853867231263,18.89757915863467,18.908776203320198,18.904169545172017,18.90962637262984,18.892635581537853,21.866899382147324,18.906823962683237,12.985955203004686,21.88051783497773,24.96032228344141,18.904427744740133,21.885080410272817,24.98952717361528,12.98935902901848,24.95892422724333,24.96158494230499,21.86585398877399,18.914242477103684
China,21.86895238359136,24.960457680775907,21.86593900570496,39.414041270367065,21.863590019390163,24.94750991706756,21.86945303885148,24.936558476849264,23.92888428188088,21.87995735298841,21.854266495961063,24.94819005251528,21.901016361665803,24.97257101905072,21.900695186593275,24.96971193115014,24.96548312602847,24.969793799305886,23.925543431371494,23.92765311076951,24.95811184323634,24.939968600413497,24.94675735978976,24.989763331756848
