index,Kidney,Liver,Heart,Pancreas,Lung
2017,724.0995078321407,192.1524290815468,112.17823568434484,70.45634334590841,40.303248802378334
2018,724.1483864899502,215.72792135204384,114.89676736134538,76.02994957185729,40.7091132633733
2019,604.2437985894845,257.0942117677537,126.6331069504796,78.91299695781561,44.41230356451172
