index,Saudi-Arabia,US_historical,U.S_recent,Asia
Total_costs,517.5965034918352,954.3851308758724,330.02571391968945,1359.8849660512046
Potential_ethylene_glycol_price,532.50193037183,984.6984058259876,338.8219788687463,1402.1687715587327
