index,Display,Video,Search,Total
2019,766.6949642937707,734.8753905453959,698.471710182896,2217.353020344868
2020,770.8341733623797,842.2477215687854,742.2536608011751,2366.412496580855
