index,Once_day_a,2-3_times_Aday_a,4-5_day_times_a,More_than_5_times_a_day,Never
Men,17.757691558044378,47.81593729117272,20.798528516720687,4.830077910823228,7.853478950426215
Women,16.86415686682237,52.93467700888738,14.77407574904575,5.94310242572832,8.9635830784895
