Unnamed:_0,index,12_months,6_months,3_months
0,We_signinficant_decrease_in_expect_a_produ_Production/_extraction_volume_will_recover,9.879723992148245,9.819658699850237,9.94765860326725
1,Increase_in_significantly,0.0,9.767059382626144,8.883632310742613
2,Production_will_I_extraction_volume_recover,24.088709283546272,89.62192422954485,53.826991324542455
3,Decrease_in_by_5-20_volume,6.93618443400446,7.226877290759262,15.127080718687225
4,Production_change_significantly_volume_will_not,10.0153709637501,14.367433531968691,9.72862374174585
5,Production_will_Jextraction_volume_not_recover,0.0,4.340318954357407,7.132884478509453
6,in_by_20-30_Decrease_volume,0.0,8.951542227346494,17.89537976597282
