index,>In_a_o,the_o,Unnamed:_3,the_6,Unnamed:_5,Unnamed:_6,Unnamed:_7,Unnamed:_8,Unnamed:_9,Unnamed:_10,Unnamed:_11,Unnamed:_12,Unnamed:_13,Unnamed:_14,b,Unnamed:_16,the_of,Unnamed:_18,_>O,Unnamed:_20,Unnamed:_21,6,6_to_the,Unnamed:_24,Unnamed:_25,Unnamed:_26,6_the,Unnamed:_28,a_>_ot
Calls_&_lines,0.0,629.9043551493652,698.8916975002613,698.7574307718616,698.8916975002613,698.8916975002613,698.8916975002613,698.8916975002613,698.8916975002613,698.8916975002613,698.8916975002613,698.8916975002613,698.8916975002613,698.8916975002613,658.4636960140309,698.8916975002613,650.0240948578435,698.8916975002613,659.1229898472408,698.8916975002613,698.8916975002613,678.0078109402541,673.7861053291242,698.8916975002613,698.8916975002613,698.8916975002613,700.5988357047694,698.8916975002613,703.972725413415
Broadband_&_TV,0.0,405.0885108829204,250.89033623985492,253.1105379417048,250.89033623985492,250.89033623985492,250.89033623985492,250.89033623985492,250.89033623985492,250.89033623985492,250.89033623985492,250.89033623985492,250.89033623985492,250.89033623985492,373.4473599747377,250.89033623985492,394.2647227811166,250.89033623985492,521.356868162265,250.89033623985492,250.89033623985492,492.75653098665776,486.5629637802927,250.89033623985492,250.89033623985492,250.89033623985492,523.3868713657685,250.89033623985492,554.3429723940901
Other_(incl_eliminations),0.0,0.0,37.90977641617872,0.0,37.90977641617872,37.90977641617872,37.90977641617872,37.90977641617872,37.90977641617872,37.90977641617872,37.90977641617872,37.90977641617872,37.90977641617872,37.90977641617872,0.0,37.90977641617872,0.0,37.90977641617872,0.0,37.90977641617872,37.90977641617872,0.0,0.0,37.90977641617872,37.90977641617872,37.90977641617872,0.0,37.90977641617872,0.0
