Unnamed:_0,index,E5_milliont,fl_million_f4._999_million,"E500,_000_f999_999","E250,_000","E100,_000_E249_999",E50.000,fo_f49_999
0,2015,0.0,0.0,13627.631021963476,13629.701273133544,0.0,13624.013121793929,0.0
1,2019,0.0,0.0,0.0,13628.868095958718,13629.597499273958,13627.81915874489,0.0
2,2018,0.0,0.0,0.0,0.0,13628.638897578188,13626.888180306709,0.0
3,2076,0.0,0.0,0.0,0.0,13624.839579797992,0.0,0.0
4,2017,0.0,0.0,0.0,0.0,0.0,13625.389058651645,0.0
5,2013,0.0,0.0,0.0,13631.4945451532,0.0,0.0,0.0
