index,Protestant)_Other_Christian,Catholic,Mormon,Jewish,Muslim,nohlene_Other_Atheist/Agnostic_response_Christian_given
2013,50.7170108107298,23.74907123193437,2.7792573031833783,1.9176498404401627,0.8963117925751192,14.789257912358297
2014,49.71328440498039,23.757380467316946,1.8849437832953768,1.886208361831713,0.9075259795953984,15.9025940487413
