index,Travel_sites_&_apps,News_sites_&_apps,Lifestyle_sites_&_apps,Social_networking_sites_&_apps,Gaming_sites_&_apps,Shopping_sites_&_apps,Utility_sites_&_apps,Navigation_sites_&_apps,Entertainment_sites_&_apps
Most_comfortable,0.0,0.0,0.0,0.0,0.0,23.944768483642825,23.94523290596728,0.0,0.0
Least_comfortable,11.980741101010029,23.949741825070028,23.94952058451389,23.949207922240344,23.951868294217025,23.95217364275318,23.94854054370324,23.95191583351008,11.980673448939145
