index,Renault_Twingo_III,Dacia_Sandero,Renault_Megane,Citroen_C4_II_Picasso,Renault_Scenic_III,Peugeot_2008,Citroen_C3,Peugeot_308,Renault_Captur,Peugeot_208,Renault_Clio_IV
2014,44666.36753231847,44205.682142476944,44733.83573571272,44988.8223388168,44964.93088990966,49103.75165098928,59360.76330578593,60436.79394093437,49106.52569440376,49126.55775541051,49119.477009595066
2015,0.0,0.0,0.0,0.0,0.0,60038.21244803437,60041.8048342561,60448.19872692213,60453.57690359194,0.0,0.0
