index,Hollywood,bikini_line_Standard,Full_bikini_line,Brazilian,No_trimming_all_at,Small_triangle
Under_30s,34.99788120519622,14.995515141063937,9.936267019989105,4.964009903274494,3.913959098160035,3.917470506468249
Over_30s,14.026421601007314,30.986856486168637,11.96573968551386,3.885529559899204,14.01333195328246,4.972702017662563
