index,-60_Restaurants,-40_.50,-50,-30_--40_-50,Restaurants,59,Bars_&_nightclubs
Search_ad_impressions,17.91559097419792,0.0,0.0,0.0,0.0,0.0,25.740761953757826
Search_ad_conversion_rate,0.0,0.0,0.0,0.0,0.0,58.233259453150765,56.33944145929735
