index,None_of_these,Reduced_visits_bars_cafes_to_I_restaurants,Purchased_extra_household_supplies,Purchased_food_drink_supplies_extra,Decided_not_attend_social_to_parties_gatherings_you_were_invited_to,Changed_the_times_which_you_at_commute_travel,Cancelled_planned_trips_within_your_own_country,Cancelled_planned_trips_another_to_country,Avoided_public_transport,Avoid_crowded_places
Gen_Z,0.0,56.438627201487,0.0,0.0,0.0,0.0,36.42638353984755,0.0,60.38401183371489,0.0
Millennials,54.55238559809648,54.57325395531701,54.550092572543534,54.553443917582456,54.559289003938886,54.53447323668159,37.35670719097679,37.36912723919724,60.38167623209068,54.54484355118494
Gen_X,0.0,0.0,54.57031012410316,54.551004916928,0.0,0.0,37.37294692102017,0.0,60.383002172596086,60.41713601716666
Baby_Boomers,0.0,56.481574292811445,0.0,0.0,0.0,0.0,0.0,0.0,0.0,0.0
