index,Total,Male,Female
All_ethnicities_races,14.916832803503349,20.621520530401508,49.52244881177534
White_Hispanic)_(non-,20.575132705352125,20.594157159178188,0.0
Black_(non-Hispanic),20.588819858389307,20.56678941401445,20.593262688363744
Hispanic,34.85531661205073,0.0,0.0
