index,Information_gathering,Time_professionalism_management),Working_in_teams,Critical_thinking_problem_solving,Quantitative_skills,Verbal_communication,Written_communication,Leadership
Took_internship,54.78919834236808,39.85040827661823,36.90126342137248,36.92695653585224,39.836540576997294,39.8762591835189,79.64336207860407,36.90284585393651
No_internship,54.85474531401594,39.83559833082669,79.63379534954178,39.87098440830548,39.83949354944584,79.64617529205124,39.88306229103776,79.65251403901712
