index,Unnamed:_1,Unnamed:_2,Unnamed:_3,Unnamed:_4,Unnamed:_5,Unnamed:_6,Unnamed:_7,Unnamed:_8,Unnamed:_9,Unnamed:_10,Unnamed:_11,Unnamed:_12,Unnamed:_13,Unnamed:_14,Unnamed:_15,Unnamed:_16,Unnamed:_17,Unnamed:_18
Single_stores,59333.977943375954,59333.977943375954,59333.977943375954,59333.977943375954,59333.977943375954,59333.977943375954,59333.977943375954,59333.977943375954,59333.977943375954,59333.977943375954,59333.977943375954,59333.977943375954,59333.977943375954,59333.977943375954,59333.977943375954,59333.977943375954,59333.977943375954,59333.977943375954
Chain_stores,53873.237798775954,53873.237798775954,53873.237798775954,53873.237798775954,53873.237798775954,53873.237798775954,53873.237798775954,53873.237798775954,53873.237798775954,53873.237798775954,53873.237798775954,53873.237798775954,53873.237798775954,53873.237798775954,53873.237798775954,53873.237798775954,53873.237798775954,53873.237798775954
