index,Direct_writing,Brokers,Bancassurance,Agents
2012,0.0,49.71834470925677,12.039765382532297,89.03914408102874
2013,0.0,11.852726090740894,89.056591846221,67.76437442991728
2014,5.999613199131105,11.906521454304505,67.7647457921323,67.75621280640513
2015,6.003253800621053,12.036195715398025,89.03709741623696,6.026019556184608
2016,12.0293776720346,49.7209463310665,12.026901228499597,89.03628167114667
