Unnamed:_0,index,United_Kingdom,Denmark,Republic_of_Ireland,Rest_of_the_world
0,August_29_2075,1915.029526490644,174.00679314817037,123.70751605551368,92.12102624338968
1,September_3_2016,1931.1960524025983,180.1646374768225,133.57330965733215,80.61368234266365
2,September_2_2017,1888.8208430858583,197.46799050761047,143.08292942761364,82.37584437443456
3,August_30_2014,1898.9150605409368,174.03731530097684,134.66078442425032,92.57442790039796
4,September_1_2018,1824.4658684795515,207.73327970623905,148.4833813031628,82.57005387898425
