Unnamed:_0,index,Canada,Thailand,France,Spain,Brazil,South_Korea,Mexico,India,Germany,Japan,United_States,China
0,Cars,2202.676124606176,5045.449531763639,2204.582315765925,2201.6671016573127,2466.8552661832077,2484.966412507845,2485.8208584229724,4473.016598000286,2487.0838848393323,4472.2499269837135,5043.678498412286,2479.484753577799
