index,Single,Married_civil_or_partnership,Separated_or_divorced,Widowed
Often_Jalways,8.79060180913416,2.333433992991445,9.470126060376572,8.050062948065822
In_the_last_7_days,52.36310507989153,16.288998035671412,52.578256409795074,50.60576327997008
