index,Used_delivery_grocery,delivery_Intends_to_use_grocery,Not_interested_in_delivery_grocery
18-24,18.89253095432677,6.912276982381989,10.822296005771989
25-34,17.811970488099835,18.90999280781361,16.78170289545342
333--44,35.75681747461933,35.75529925080442,30.62743904593539
55+,26.79491326633544,37.71310585051878,40.71525438797457
