index,65_years_and_folder,45-64_years,35-44_years,18-34_years,Total
should_be_from_operating_in_United_States_Yes_banned_the,126.9488857649851,0.0,0.0,181.7335646631617,0.0
Don't_know/no_opinion,273.1720191867681,179.68835658154217,182.2491185214205,910.6660389595426,909.560412969834
No_should_be_operating_in_the_United_States_not_banned_from,143.55668294096154,273.09370833347054,428.19230883190505,154.13063331478747,316.5846466349081
