Unnamed:_0,index,Unnamed:_2,the
0,Smart_TVxk,2.911409667822028,34.67257114784244
1,Handheld_games_console,6.798917432289986,34.67257114784244
2,Computer,10.812588032464555,34.67257114784244
3,Tablet,10.812588032464555,34.67257114784244
4,Mobile_phone,23.69680656100753,34.67257114784244
5,Games_console_and_TV,16.753343628476674,34.67257114784244
6,Portable_media_player,10.812588032464555,34.67257114784244
