index,Very_unimportant,Unimportant,Important,Very_important
2011,8.875089356052868,25.738384169025174,41.706994664167134,21.848785851836723
2012,9.92064635427304,19.74389461091821,41.72668262918332,26.77477761284393
