index,Turkey,Pakistan,India,Greece,Tunisia,Jordan,China,Mexico,Russia,Brazil,Egypt,Spain,Japan,United_States,Czech_Republic,Lebanon,Italy,Britain,Poland,France,Germany
Very/somewhat_unfavorable,0.0,0.0,0.0,0.0,0.0,0.0,0.0,0.0,0.0,0.0,49.08588255464008,57.11395284005883,57.11283679142191,0.0,0.0,0.0,0.0,0.0,100.74349735448982,100.72827872531096,0.0
Very/somewhat_favorable,57.12835699118986,100.72976045796938,49.05089799172985,47.078747441992775,47.07428087287352,57.13544271274856,49.09064357063377,49.08813127391491,49.04079893885146,67.18552242711608,57.12461466639881,67.21190154266417,68.21954861294151,61.292842613871386,61.27103217401999,61.274033632481846,67.1874458300861,68.22058867528825,100.72227105924414,72.16426051329688,72.15579991480037
