index,Maintain_personal_website,Write_blog_a,Post_on_message_board_a,Participate_in_chat_rooms,Read_blogs,Make_receive_phone_calls_(VoIP)_or,Find_jokes_humorous_or_content,Visit_social_network_sites,Post_photos,Send_attachments_with_email,Do_instant_messaging,Check_email
Less_than_E12500,9.754986871767455,9.752735989502,9.78567236877413,9.789890859006334,0.0,52.94921083225606,52.91808893970813,52.957739685466,52.93508539763098,52.94842991391906,52.9175759835456,0.0
E12500-E30000,9.793259526342396,9.743946830179738,9.79273125805561,9.782303701438067,0.0,52.97615251488243,52.99022435707261,52.97460599033269,52.97662719073433,52.98454355897408,52.94993815815817,52.93023145424221
E30._LOOO_or_more,9.767864368265776,9.765575205689672,9.798756578949876,60.38938731980022,52.891644901120046,52.9694687726452,60.41050273914763,52.94333863260433,52.9685194209414,52.96387984729218,52.94692166967996,0.0
