index,Virginia,Connecticut,Rhode_Island,Colorado,Wisconsin,Nevada,Florida,South_Dakota,Maine,New_Hampshire,Hawaii,Idaho,Utah,North_Dakota,Massachusetts,California,Arizona,North_Carolina,Mississippi,Pennsylvania,Nebraska,Iowa,Oklahoma,New_Mexico,Kansas,Alabama,South_Carolina,Alaska,Texas,West_Virginia,Illinois,Montana,Georgia,Michigan,Missouri,Arkansas
Female,8.588311098466844,8.587385642323548,8.587059569406465,8.585718343912587,9.899380651402938,10.011198863535634,10.008026775546178,10.00345014693331,10.016330554784048,10.018110765176004,10.016168045951588,10.015526980265095,8.584442016426477,9.999441771607977,9.997939620159874,10.012703125488054,9.999634355126965,9.996416891294675,10.007618392960708,12.502027667023205,12.495016044053823,12.5014662728747,12.502922520853891,12.500933898160572,12.504036339507543,12.500284390456809,10.004685319585228,10.001155501113924,10.017808963058576,10.005715773318329,10.004319674712187,10.003512406810682,10.005600223206937,10.004011013455733,14.585644159685824,9.999061880830796
Male,0.0,0.0,0.0,0.0,9.982256462575272,9.977755812117838,0.0,0.0,0.0,0.0,0.0,0.0,0.0,0.0,0.0,0.0,0.0,0.0,0.0,0.0,0.0,0.0,0.0,0.0,0.0,0.0,0.0,0.0,0.0,0.0,0.0,0.0,0.0,0.0,0.0,0.0
