index,Conversion_rate,Transactions,Time_sper_session,Traffic
Last_compared_January_2020_month_to,15.043324846916,15.029672089245972,6.626076047826373,1.4516473224625983
Month_Month_on,15.000618618103069,14.984795901583135,6.656980577789309,6.9483784772691415
