index,Crisis_last_will_3_months,Crisis_will_last_6_months,Crisis_will_last_9_months
5,189.13032896754203,377.2097157343146,576.167472302669
10,377.3648755973754,772.4215205366622,1154.327480843279
15,572.2576619044771,1152.339307624335,1735.066169955133
20,771.3204036174338,1546.00510391416,2317.680275513742
