index,Poland,Estonia,Czechia,Bulgaria,Slovenia,Germany,Netherlands,Greece,Denmark,Romania,Finland,Hungary,Italy,Slovakia,Spain,United_Kingdom,Portugal,Austria
2020,72.5551431618875,72.54681756291151,0.0,0.0,0.0,29.745162212830863,29.73938575053936,29.725722377910586,0.0,0.0,12.802850480209926,12.799786773608671,12.799137040165377,8.877497738975038,8.881583471540011,0.0,0.0,0.0
2019,69.56349057673091,45.730290905107154,29.73372548145485,45.73781263679379,45.7318180158279,29.71173176727023,29.742563279057663,29.73576004822256,29.73619873686127,29.736367098446948,12.801913820684009,12.801714632329125,29.73435861586857,8.827667452195982,29.73630070232865,8.96174255663945,8.834461197871349,29.72246659682428
