index,"Other_third-_party_payers_and_programs""ca",Other_health_insurance_programs,CHIP,Medicaid,Medicare,Private_health_insurance,Out-of-_pocket
1990,0.0,0.0,1355.635206929128,1355.5902539084923,0.0,0.0,0.0
2017,1044.370982756021,248.68851291258227,522.0922311498152,521.8390419058974,522.3420316275622,521.9021144517736,1044.2117453252315
