index,Research_products_and_services,Hook_up,Dating,Stay_communication_with_work_in_colleagues,"Discover_new_places_to_go_(restaurants_clubs,_hot_spots)",Stay_on_top_of_what_is_happening_in_the_LGBT_community,Find_information_about_upcoming_events,Stay_in_communication_with_family,Entertainment,Find_fold_friends,Communicate_with_friends
Lesbian_women,9.953132570132226,9.903571940306804,29.926991278728465,0.0,0.0,27.696120785705148,30.806253974506607,30.806752360263896,37.93441147590712,37.93052981760519,37.9281864461118
Gay_men,23.86753577475264,29.906452034923426,29.94152114042162,27.89968261453168,23.879966665660305,30.814587559428904,30.81241191391153,37.96056714382311,30.826390675969225,37.94589351700765,27.903377378174632
