index,England_and_Wales,Scotland,Northern_Ireland
Men,13974.076478149844,1694.2840977330088,384.3623484709096
Women,18875.739494349586,2377.133151214952,578.7870267843609
