index,Cannabis,Oploids,Opiates,Cocaine,Amphetamines,"""Ecstasy"""
Low_estimate,132735.8762082463,34399.00408935186,14792.959354939812,15519.302463591855,21962.99136898841,8297.24241151323
High_estimate,248109.2392053947,75564.13975676484,42305.216446133854,21873.41788754828,31759.40092883981,36989.694335959735
