index,Ontario,British_Manitoba,Manitoba,Saskatchewan,Yukon,Northwest_Territories,Nunavut
Aboriginal_female,268.838526456558,260.05500388670544,273.21765795925575,253.4614618532749,251.11782460974013,230.174428974278,206.75852491254173
Non-_Aboriginal_female,275.5405390191281,275.59447800864564,280.0814536303725,277.6610896132992,286.6877778160584,282.13709459309035,294.50818637596944
Aboriginal_male,268.00961658029684,265.60476044596,259.89675914878313,245.79012196966696,235.8335194928245,228.64993299528064,209.11607861853204
