index,Strongly_approve,Somewhat_approve,Somewhat_disapprove,Strongly_disapprove,No_opinion
Democrat,4.827236825096961,3.0612829161739654,4.888557057388312,83.313508822575,3.043285203502691
Independent,15.743948146717416,20.70237530520852,8.845990413041648,47.66190284136859,4.845330067028698
Republican,53.63751601234596,31.71615390838565,7.686198320535894,2.9042423648984936,2.954242379824933
