Unnamed:_0,index,2019
0,APAC,39.80950537549603
1,Americas,39.80950537549603
2,EMEA,39.80950537549603
3,Global,39.80950537549603
