index,Daily,Weekly
ios,19.938364920978696,31.89829188824128
Android,8.947498601215237,20.96490111239806
