index,a_great_deal,fair_a_amount,Not_much,Not_at_all,Don't_know
Local_MP,5.873478642208319,30.674175563003345,35.75276184163703,15.89489688377838,9.93621724612202
Liberal_Democrat,1.8767201926051411,16.823899645320758,41.74095219659387,31.73380024244936,6.960598472695551
Conservative,1.861452962206933,17.891151099808894,36.747033381163135,35.7917849372561,5.8862150145208005
Labour,2.88330401471044,19.8105447518126,41.74628067888786,27.67005385540604,5.896612053143237
