index,Bancassurance,Agents,Direct_writing,Brokers
2012,0.0,10.969882707799272,19.94628002600001,19.09399078314089
2013,7.681176646728453,11.270122623664392,19.99993426962599,61.04085873081952
2014,7.736335385581675,11.254035114626468,19.98405490677241,61.05177362459192
2015,7.910827618442482,11.30555494694098,19.08042111259613,61.03990929208388
2016,8.016896357806942,11.317408324386696,11.31861885877464,8.016934700525113
