Unnamed:_0,index,Unnamed:_2
0,Africa,1477.8358621324403
1,Asia,4735.224222116074
2,Central_and_South_America,787.3054440883816
3,Europe,787.3054440883816
4,North_America,495.80407498435306
5,Oceania,181.297601615679
