index,E50_million+,f10_million_f49_999_million,f5_million_f9._999_million,f2_million_f4._999_million,fl_million_fl_999_million,"E500,_000","E250,_000",E100_000_E249_999,"E50,_000",fo
2019,0.0,113.46321501645764,0.0,0.0,0.0,0.0,0.0,0.0,0.0,0.0
2020,768.7832464298799,768.6836876908935,768.7933477008609,768.8920646672656,768.5346174191444,768.6780248571617,768.12253147799,332.0446177730715,331.7658379989535,241.4306307650661
