Unnamed:_0,index,Unnamed:_2
0,Drenthe,10.331413988016608
1,Flevoland,7.8514446457563665
2,Friesland,10.331413988016608
3,Gelderland,27.534891267289417
4,Groningen,46.6372409161803
5,Limburg,15.52692363770307
6,Noord-_Brabant,34.24326390290756
7,Noord-_Holland,37.393897925826
8,Overijssel,15.52692363770307
9,Utrecht,15.52692363770307
10,Zeeland,7.8514446457563665
11,Zuid-Holland,46.6372409161803
