index,Unnamed:_1,Unnamed:_2,Unnamed:_3,Unnamed:_4,Unnamed:_5,Unnamed:_6,Unnamed:_7,Unnamed:_8
Regularly,9.754447180523556,9.754447180523556,9.754447180523556,9.754447180523556,9.754447180523556,9.754447180523556,9.754447180523556,9.754447180523556
With_regularity_some,26.107760585714104,26.107760585714104,26.107760585714104,26.107760585714104,26.107760585714104,26.107760585714104,26.107760585714104,26.107760585714104
Seldom,11.330544942609777,11.330544942609777,11.330544942609777,11.330544942609777,11.330544942609777,11.330544942609777,11.330544942609777,11.330544942609777
Never,14.978792278805798,14.978792278805798,14.978792278805798,14.978792278805798,14.978792278805798,14.978792278805798,14.978792278805798,14.978792278805798
