Unnamed:_0,index,Kommunegarrik_Sermersoog,Qeqqata_Kommunia,Avannaata_Kommunia,Kommune_Kujalleq,Kommune_Qegertalik,Outside_municipalities
0,Settlements,1119.4417291801728,1221.7673116875412,2866.5269061005747,690.1017649304085,813.6771377909499,0.0
1,Towns,21783.825222865187,8004.718084640295,7689.122357120083,5495.361231493251,5444.13030128535,0.0
