index,Unnamed:_1,the,Unnamed:_3,Unnamed:_4,this_a,alls,Unnamed:_7,this,in,Unnamed:_10
Helpful,58.087344454090776,71.19960657156972,58.087344454090776,58.087344454090776,53.89193245887451,12.264942086227308,58.087344454090776,46.356619170216014,47.26554878977318,58.087344454090776
Unhelpful,35.30690048798026,2.9315556217316328,35.30690048798026,35.30690048798026,3.8950160460484256,65.305100059814,35.30690048798026,7.809175885257133,22.36274048785872,35.30690048798026
