index,Don't_know_refused,Both_equally_mixed,Very_pessimistic,Somewhat_pessimistic,Somewhat_optimistic,Very_optimistic
Upper_class,0.0,16.81924445966969,12.865666712096823,61.46220947722169,45.80378070986461,61.45264919201854
Middle_class,0.0,61.469298730288536,16.832747652672957,45.7956953699304,45.79073795763209,10.901596747200834
Lower_class,16.80499381781525,5.038201235945813,16.820542902643176,61.46909767115198,61.45269370129304,5.017662507965625
