index,Positive,Negative
January_2010,34.94216420395795,62.14408396376747
December_2010,30.88282767684349,67.03095677003353
