index,risk_Minimal,risk_Low,Average_risk,risk_Worse_than_average
June_2014,5.804741017379918,13.923960395500195,32.5850210328251,46.48692777742592
June_2015,6.876108249757053,18.636991212998467,34.55149245549124,38.479513000036086
June_2016,8.791784906079258,24.68113528904216,23.66054920291824,42.56570365815207
June_2017,7.755699156712083,18.67585750388683,25.576857831450013,46.516984593634376
June_2018,8.82101906880802,23.67682793535087,25.64788388055453,40.5845579497405
June_2019,9.744368603239266,19.74080694951509,29.515363121833754,39.49942352966013
