index,United_States,United_Kingdom,Australia,France,Sweden
Broadcaster,35.03044631359707,47.20443967108881,52.01396052999313,79.57072223874502,49.054192086187655
Print/digital_born,27.672256090352757,32.386486561672626,28.880233855396767,9.153797162585462,17.646886874644167
Podcast_production_company,19.244224467233277,0.0,9.255210158691014,7.683462244845515,4.34361921329824
Indvidualindependent,13.803129211788146,12.14952134650224,3.7853073239355552,0.0,16.671715618160235
Other,3.7893112765491423,7.761926205802311,5.778514237582627,0.0,11.863496657958478
