index,Body/_physical_health,Mental_health
Teens,53.45839565716547,51.50676748934579
Adults,38.44887438322228,42.54874475328482
