index,Normotensive_untreated,Hypertensive_controlled,Hypertensive_uncontrolled,Hypertensive_untreated,All_hypertension_with
Men,70.3991373765544,10.826572031402309,5.766099198312261,11.859216024956323,29.819361023429916
Women,74.18120748428808,9.995380874791252,5.773244218781684,9.957567376745388,26.07197665444326
