index,Strongly_agree,Somewhat_agree,Somewhat_disagree,Strongly_disagree,Not_at_all_sure
18_29_to_years,35.57754135624516,44.45811990100809,9.705300580016017,1.874669911865574,6.842878354241556
30_59_to_years,31.61974609081399,46.44878076731043,8.801016458795779,2.954807774295631,8.794037185183285
60_and_folder_years,20.728301083794904,44.41768148884456,14.664074481697403,1.8182858737964125,16.61853785170527
