index,Travel_hotels_and,Electronic_items,Books,Music_CDs_JDVDs,Home_improvement,Beauty_products
About_the_same,23.616165130812576,23.56007279972073,29.838219523769347,30.6288107294815,26.80614349876018,29.805546379538534
Much_important/A_little_important_more_more,67.57615845197691,66.53100513489568,62.41381402409221,58.73587275355395,53.57176488232363,43.60588318485696
A_little_less_important/Much_less_important,7.624049535453196,8.746744917405039,7.667369262873464,9.744829129859156,18.734039266897867,25.715816366628932
