index,"First_debate_(Sep_26,_2016)",Second_debate_(Oct_9_2016),"Third_(Oct_2016)_debate_19,"
Trump,62.17678820145656,63.89427362350618,59.07234559849012
Clinton,37.81337226241938,35.88057182580951,41.02684965028825
