index,Aosta_Valley,Apulia,Sicily,Campania,Sardinia,Molise,Abruzzo,Calabria,Umbria,Liguria,Basilicata,Piedmont,Trentino-_South_Tyrol,Marche,Lazio,Tuscany,Lombardy,Veneto,Friuli-Venezia_Giulia,Emilia-_Romagna
Males,11.870796251414705,0.0,30.399104417253376,0.0,25.318494949182917,25.31963654337075,0.0,0.0,22.433922337895027,0.0,30.341013701938607,30.35139476692101,0.0,0.0,0.0,0.0,0.0,0.0,56.68130706215721,0.0
Females,30.30857866609002,30.344453930425946,39.78175471311303,29.428655277872167,35.35452888528172,30.335607628601355,35.36347769187348,35.36051067032501,39.77742283356877,39.784876193899706,30.337633852971656,30.297131832363988,30.276274218506465,35.364095528826304,35.36806793959801,40.12012856625319,40.1149457567239,40.12761001008198,40.1315992709524,56.68338524099854
