Unnamed:_0,index,Lebanon,Spain,Britain,Argentina,Brazil,France,Mexico,United_States,Germany,Russia,Kenya,Turkey,South_Korea,Indonesia,Nigeria,Poland,Japan,lordan,China,Egypt,Pakistan,India
0,Completely_agree_mostly_agree,0.0,0.0,0.0,0.0,0.0,0.0,0.0,0.0,0.0,0.0,0.0,0.0,0.0,0.0,99.91427194781448,99.97602913197105,99.89595945244744,99.92928269625163,99.92024227224432,99.908971856391,50.096772997949145,99.94028440117616
1,Completely_disagree_disagree_mostly,59.95094944528181,50.020947097921976,50.00359516690963,59.9512737515752,59.98174618862889,40.11560747201701,50.088585036198765,50.08951162560847,50.08771404215365,50.08977415927454,50.08578055891873,50.090706925946975,50.082163771589535,50.07167477947172,99.94821600652318,99.99810666897284,99.9731011094364,99.91204504459984,99.89217279039312,59.97467322280151,50.08174989498653,59.9923340169504
