index,For_profit,Nonprofit,Government
Paid,61.492942092198085,44.66892569865095,44.5212492652993
Unpaid,37.6404887974878,32.622623299032426,30.517503407353765
