index,Electric_petrol_hybrid_rechargeable,Electric,Electric-_hybrid_non-rechargeable_petrol,Diesel,Petrol
2016,0.0,0.0,0.0,518.6750514985763,501.2333891145108
2017,0.0,0.0,0.0,518.9443662680865,502.3323117122817
2018,0.0,0.0,806.432252113744,501.1141443219867,500.9774828230716
