Unnamed:_0,index,Jan,Jul,Jun,Nov,Aug,Feb,Oct,Dec,Sep,Mar,Apr,May
0,2019,3.103190967139608,3.2424713539941834,3.21417771694574,3.3781814678556588,3.270334694870957,3.181029446671067,3.393666425711797,3.3769102592583558,3.362441590099322,3.1284176427134707,3.193508289174999,3.192654922308692
1,2016,3.429123330970264,3.3813908155947345,3.354257723258525,3.128850157233352,3.368776939066094,3.360664883325976,3.0906380951867862,3.0825767445486467,3.38809967101896,3.301042401824623,3.338881654608888,3.34842600271716
2,2020,3.4972841713566245,3.3813908155947345,3.607917855199539,3.3781814678556588,3.270334694870957,3.496793345969467,3.393666425711797,3.0825767445486467,3.362441590099322,3.426305426618467,3.617424459697525,3.607924478553485
3,2017,3.103190967139608,3.181814805319345,3.1720473547623653,3.231648920409152,3.172141539489292,3.1130185032424325,3.171306299696941,3.192886517861981,3.1721196095326856,3.1020738703616315,3.1433250060766893,3.143065522717311
4,2018,3.210532020113446,3.102317635139396,3.09318184339032,3.128850157233352,3.172141539489292,3.251521897790557,3.0906380951867862,3.126780945402964,3.1429553025018846,3.250922626866542,3.251357296353257,3.043650754666216
5,2015,3.281316532620335,3.339679309244396,3.310299442148806,3.3781814678556588,3.350465108393247,3.301070733300354,3.3504634604774326,3.3769102592583558,3.362441590099322,3.3601615084260787,3.338881654608888,3.289623422714808
