index,16-17_years,18-25_years,26-34_years,34_years_and_older,Total
It's_dream_my,47.30717776117277,43.42626954527016,40.58900591779267,36.48164656896079,42.53423377805345
It's_for_not_me,22.70667673491128,25.552023625991477,27.51286552102962,26.61551983890083,26.62618865820137
It's_piece_of_a_paper,28.564402858427083,29.472643255775285,30.583740909900595,35.589061030953594,30.59258623202477
