index,Any_drug,Ecstasy,Hallucinogens_(including_salvia),Hallucinogens,Cocaine_/crack,Cannabis
15-19_years,20.65205168945224,0.0,0.0,4.985771369624242,45.310576911675774,19.364229717285017
20-24_years,20.656105366960333,20.6685455375458,20.660327021354803,4.99026228108659,4.988869061028968,19.37407118662825
25_folder_years_and,0.0,0.0,4.975292576212102,4.966226764844215,0.0,45.33036854128872
