index,Very_important,Somewhat_important,Not_that_important,Not_at_all_important,Don't_opinion_know/no
Male,12.838131516771838,21.68668827917968,24.692148834542216,27.59989377044053,11.778118172915152
Female,17.74772990737177,22.75770601366744,22.744591017785343,17.749972425450974,16.798040188594022
