Unnamed:_0,index,Go_the_grocery_to_store,Vote_political_election_in_a,Go_in_cafe_out_to_eat_a_restaurant_or,Invest_in_the_stock_market,Go_to_religious_gathering_meeting_a_or,Go_work_conference_to_a,Go_to_party_social_a_or_event,Go_shopping_mall_to_a,Go_movie_theater_to_a,Go_to_a_museum,Use_ride-_hailing_service_a,Go_the_gym_to,Take_vacation_a,Go_theater_performance_to_a,Go_sporting_to_events,Go_to_political_Arally_a,Go_to_a_concert,Go_to_park_an_amusement,Use_public_transport
0,Neither_less_likely_more_nor,0.0,0.0,0.0,0.0,0.0,0.0,0.0,0.0,0.0,0.0,0.0,0.0,0.0,99.18521263326276,99.06801757053128,99.1625591529582,99.16985904853796,99.1517203949561,99.16844667743666
1,Less_likely,39.58012111478928,39.586786236840354,39.573035455275445,39.5728053498713,39.57885950240103,39.55996705525386,39.57397174623024,39.59278484668633,39.558657834850976,39.57999416008354,39.56944105016933,39.54838243835556,39.55652340886081,39.544716621227465,39.53877355406525,39.55264335566679,39.56155398907555,0.0,0.0
