index,Unnamed:_1,Unnamed:_2,Unnamed:_3,Unnamed:_4,Unnamed:_5,Unnamed:_6,Unnamed:_7,Unnamed:_8,>in,Unnamed:_10,Unnamed:_11,Unnamed:_12
Strongly_agree,77.34568555657717,77.34568555657717,77.34568555657717,77.34568555657717,77.34568555657717,77.34568555657717,77.34568555657717,77.34568555657717,59.52159060349227,77.34568555657717,77.34568555657717,77.34568555657717
Somewhat_agree,22.353242704909604,22.353242704909604,22.353242704909604,22.353242704909604,22.353242704909604,22.353242704909604,22.353242704909604,22.353242704909604,22.390535830402385,22.353242704909604,22.353242704909604,22.353242704909604
