index,Advanced_degree,Bachelor's_degree,Associate's_degree,"Some_college,_no_degree",High_school_diploma,Less_than_high_school
18_24_to,0.899169801950805,8.881760203393124,4.953406618913185,4.953007173817994,19.85531990694009,19.880100347085403
25_34_to,8.8878368968514,8.888048764689056,19.914883108330592,4.966066059582097,4.961742336321976,4.961624931851425
