index,Oil_and_gas_industry,The_federal_government,Banking,Real_estate_industry,Advertising_ad_public_relations_industry,Airline_industry,Electric_and_gas_utilities,The_legal_field,Television_and_radio_industry,Pharmaceutical_industry,Movie_industry,Accounting,Travel_industry,Healthcare_industry,Telephone_industry,Publishing_industry,Automobile_industry,Sports_industry,Education,Grocery_industry,Farming_and_agriculture,Retail_industry,Internet_industry,Restaurant_industry,Computer_industry
Total_positive,59.87746870270661,59.886492672907664,41.57613982862782,41.590210561439534,41.56885788816041,41.58991595346987,41.58854538595885,39.777308397544,41.585740205726026,37.6962297224857,37.730955035778855,41.57491656510163,39.68205395552828,41.57024766923466,41.57266217368165,41.57613982862782,41.58654077086096,41.57243161092278,41.58940359178351,41.57573634379982,41.57193205827858,41.57957905644753,41.57939332533621,41.56514967045537,41.54925364913599
Neutral,0.0,0.0,0.0,0.0,0.0,0.0,0.0,0.0,0.0,0.0,37.73079492275186,37.73281234689191,39.78482090077027,39.78006874612928,39.77798087225735,0.0,0.0,0.0,0.0,0.0,0.0,0.0,0.0,0.0,0.0
Total_negative,59.72011602430389,59.702349882829296,59.73583271903302,59.72541256323664,59.72758369588259,59.725092337182666,59.72069883572211,59.72146737825165,59.72769257274096,59.73067707956401,59.7281472937376,59.73982914018664,59.73423799328422,59.71868781610315,59.73515383979859,59.74367825735544,37.72884794834369,37.74622981855351,59.72279311411511,59.72929370301083,59.74373589804515,59.718783883919336,59.722075807754216,0.0,0.0
