index,Toyota_Yaris,Volkswagen_Polo,MINI_Mini,Vauxhall_Corsa,Ford_Fiesta
2018,300.584266144244,309.53324254054723,465.0809184637084,515.693041485506,156.22058034554664
2019,299.0753822886094,466.0450152575578,465.6723460710272,465.94979207480935,465.49789161671856
