index,Raising_dividends_share_buybacks_or,Increasing_capital_expenditure,Expanding_by_acquisition,Disposing_of_assets,Introducing_new_products_/services_or_expanding_into_new_markets,Reducing_leverage,Increasing_cash_flow,Reducing_costs
QI_2020,0.0,0.0,6.000550937154742,16.84252714636426,21.72293181325123,40.478730101681016,67.45599448589938,67.47422506728586
Q2_2020,2.8697145944552886,4.939807751307441,16.85949270037826,16.834440429329014,25.661210300160263,49.58740009091645,102.31948088951523,102.31788482694247
