index,Very_likely,likely_Somewhat,Not_likely_very,Not_likely_all_at
18-29,17.773640664522937,27.59964365631518,24.65895118719611,29.686625066734933
30-44,13.886050321420896,22.550859474412952,17.768526870277626,44.46552859832983
45-64,5.914300218361873,21.754386020705624,20.72277979876361,50.49398600464552
65+,4.897380253773633,10.691379098558611,21.77754438494341,61.32816812552648
