index,White,Black,American,Asian,Native,Two_or_more_races,Unknown,Hispanic_(any_prace)
Active_duty_enlisted_women,53.2926833729924,28.75061505943757,1.1829505343551858,4.638085861344209,1.441657583445192,4.436423143579404,4.478627209492657,20.405958552066224
Active_duty_enlisted_men,69.23191578396717,16.49519409856235,0.0,4.162282218460973,0.0,2.8466102437714653,3.432141160192373,17.213817461952885
