index,Very_concerned,Somewhat_concerned,Not_very_concerned,Not_all_at_concerned,Don't_opinion_know/no
Male,21.912416494579883,35.97670642866326,19.844556069293976,14.939638028088154,7.967736273362394
Female,30.90472619172732,34.91960021209822,16.97619177317889,8.9506438787636,7.9869358942120705
