Unnamed:_0,index,Unnamed:_2,Intermationalism,Indering,COLLER
0,Expected_mortality,-235.97233931611493,-245.8878019634041,-194.9442825797305,-193.239689664034
1,Observed_mortality,538.4398087688731,281.1049788652814,-194.9442825797305,-229.87005735077548
