Unnamed:_0,index,of,sood,I,good,a,the,saggge,about,From:,doon,some,gagge
0,Jobs_aained,12851.005897478784,-178792.32599201426,-43020.66202872648,-61781.80557096208,-4925.049809027172,-158289.5407878522,-77791.09229600191,-8046.3405225963215,410567.98471456,-111764.26663270209,410567.98471456,-247359.5894209831
1,Jobs_lost,-70242.58246545726,-25445.590267905325,-141066.1822793213,-149399.59204446914,-78937.25801759638,-107378.68410719535,-144644.57562258904,-142453.5148914844,410567.98471456,-49269.47336980025,410567.98471456,-157040.09693746082
