index,Track,Loyalty,Store_map,Augmented_reality,Game,Special_offers,Locate_stock,Videos,Features,Scan_for_additional_information_products,Social_media,Order_products_for_delivery,Locate_shops
2013,0.0,0.0,0.0,0.0,9.847660008614028,12.830630504042787,0.0,23.26783210588533,39.21550036197242,39.19648230000641,69.02436059174092,0.0,102.55559255039358
2012,0.0,39.40329226906312,39.38908217843256,9.748500945404786,39.40866839965422,39.38724940664014,39.42328170007912,23.291413769614472,39.25349983046861,23.278676005657157,39.26372669707031,0.0,0.0
