index,The_media_represents_young_people_fairly,The_media_potrays_young_people_in_an_unfair_light
Strongly_disagree,10.919166357599067,10.914543662543252
Strongly_Agree,0.0,17.633475197069018
Somewhat_agree,10.4051374206755,53.178000397518986
Neither_disagree_agree_nor,7.097312238872036,39.27561384923375
Somehwat_disagree,17.656523102205412,0.0
