index,Less_than_15_minutes,15-29_minutes,30-44_minutes,45-59_minutes,hour_or_more
Millennial_(18-31),14.956455831996683,31.889152943979305,30.927314987225376,2.965361854524481,19.86992502830205
Gen_X_(32-50),14.981870682134703,21.970000404101988,33.01339678361421,2.967178249387068,27.93695660380396
(51-69)_Boomer,14.00205225098339,27.94742380854244,28.91705942000952,4.965128200094426,24.94201319941121
Elder_(70+),10.98239303326337,21.95334644837698,28.90790038652057,3.9160922814823063,34.916474045483355
