index,Frequently,"Occasionally,_rarely_or_never"
Male,39.7625945454065,60.24922875765929
Female,30.89538380580664,69.96506642737569
