index,Unnamed:_1,>In,the,a_the,6_0_him,the.1,Unnamed:_7,Unnamed:_8,do_I_of
Personal_email_account,2.156309076087041,14.938610202327569,3.8990222463390296,18.14287609240488,8.055412796880901,3.8990222463390296,2.156309076087041,2.156309076087041,14.136826647578374
Work_email_account,3.4246241890432145,11.88180638632631,5.429200805834533,10.876114613018744,4.670335157678821,5.429200805834533,3.4246241890432145,3.4246241890432145,35.07201024036236
Social_media_account,14.523269753157152,13.297883249514314,13.78528511142636,15.397815748798068,8.482569048764333,13.78528511142636,14.523269753157152,14.523269753157152,9.27375691086327
Online_banking_account,14.593484946724878,14.111771580412444,14.743563835803954,11.599880691430483,6.713623512163075,14.743563835803954,14.593484946724878,14.593484946724878,15.47507333202627
