index,Unnamed:_1,Unnamed:_2,Unnamed:_3,Unnamed:_4,Unnamed:_5,Unnamed:_6,Unnamed:_7,Unnamed:_8,Unnamed:_9
Male,64.19515497506974,64.19515497506974,64.19515497506974,64.19515497506974,64.19515497506974,64.19515497506974,64.19515497506974,64.19515497506974,64.19515497506974
Female,36.1941594113955,36.1941594113955,36.1941594113955,36.1941594113955,36.1941594113955,36.1941594113955,36.1941594113955,36.1941594113955,36.1941594113955
