index,France,Global,UK,Germany
Great_digital_presence,62.1716879574952,66.15266453481752,56.93483702094255,59.076258059894656
Physical_presence,63.9121824416102,60.02492986263472,48.04702052922831,43.95590050657432
