index,White,Hispanic,African_American,Other
Very_important,16.911617144483643,20.128469354401787,35.762561099534466,24.02893426504484
Not_all_important_at,20.87356976181998,20.67043141552324,11.431214594244352,21.47970758388477
Not_that_important,22.497688457458224,21.25901096542021,9.593549013477954,18.284089775120336
Sor_nion,24.84965000674468,21.69537177201815,25.03000740012743,23.908904664535115
Don't_know/no_opinion,14.647305802502627,15.129780854842991,17.843893274672368,12.64509816123588
