index,Unnamed:_1,Unnamed:_2,Unnamed:_3,Unnamed:_4,Unnamed:_5,Unnamed:_6,Unnamed:_7,Unnamed:_8,Unnamed:_9
TV,42.60400872716808,42.60400872716808,42.60400872716808,42.60400872716808,42.60400872716808,42.60400872716808,42.60400872716808,42.60400872716808,42.60400872716808
Internet,26.43897433981506,26.43897433981506,26.43897433981506,26.43897433981506,26.43897433981506,26.43897433981506,26.43897433981506,26.43897433981506,26.43897433981506
Newspapers_/magazines,9.525551043451458,9.525551043451458,9.525551043451458,9.525551043451458,9.525551043451458,9.525551043451458,9.525551043451458,9.525551043451458,9.525551043451458
Radio,10.743327926418914,10.743327926418914,10.743327926418914,10.743327926418914,10.743327926418914,10.743327926418914,10.743327926418914,10.743327926418914,10.743327926418914
Other_people,2.5040897789945404,2.5040897789945404,2.5040897789945404,2.5040897789945404,2.5040897789945404,2.5040897789945404,2.5040897789945404,2.5040897789945404,2.5040897789945404
Not_interested,4.887131093978269,4.887131093978269,4.887131093978269,4.887131093978269,4.887131093978269,4.887131093978269,4.887131093978269,4.887131093978269,4.887131093978269
