Unnamed:_0,index,Unnamed:_2,CONTERTICALLY
0,Not_at_all,13.349055435949415,57.25356654224555
1,Only_little_a,24.237679216403667,57.25356654224555
2,Fair_amount,30.1936583535423,57.25356654224555
3,Great_deal,37.192862516006535,57.25356654224555
