Unnamed:_0,index,SSC_Napoli,Everton,West_Ham_United,Olympique_Lyonnais,AS_Roma,Schalke_04,FC_Internazionale_Milano,Atletico_de_Madrid,Borussia_Dortmund,Arsenal,Juventus,Chelsea,Tottenham_Hotspur,Liverpool,Manchester_City,Paris_Saint-_-Germain,Bayern_Munich,Manchester_United,Real_Madrid,FC_Barcelona
0,Commercial,0.0,0.0,0.0,0.0,0.0,0.0,0.0,0.0,0.0,0.0,0.0,0.0,605.2025017152315,605.2571339423299,605.1746636377292,605.2498844429804,605.0944841749229,605.1253090461572,605.2572209363221,605.115391731047
1,Broadcasting,175.33633327282428,161.10571103959558,175.52522622787671,175.4829761456674,230.6219432485992,230.7517092869566,230.74373483767204,230.62147928064087,230.80637051205235,230.7639464418587,230.6320635496912,230.8825192532204,230.76475838578585,230.78151922828204,230.67527056581469,175.47932239799525,230.64267681673903,605.3613527449794,230.8777345836496,230.90180292149023
