index,Don't_know,Very_unlikely,Rather_unlikely,Rather_likely,Very_likely
18_29_to_years,0.0,14.875723882180289,44.943761170246376,23.03564770585998,44.96592067937695
30_59_to_years,0.0,14.928420454455107,0.0,89.00724101871391,0.0
60_older_years_or,65.8379667232842,65.82380815485,65.83554384427626,65.84159894949993,65.83319838022797
