index,China,Japan,South_Korea,India,Germany,United_States
Gasoline_ICE,99.22447478353592,9.993591560543592,49.747121123161264,84.31579574877793,39.731511975542766,88.25394067005452
Hybrid_electric,15.046948356807512,0.0,42.61408090774322,0.0,0.0,0.0
Battery_electric,20.74923908568806,0.0,0.0,0.0,0.0,0.0
Other,0.0,0.0,9.664860268462718,0.0,0.0,0.0
