Unnamed:_0,index,Toys,Sports_equipment,Jewellery,Health_and_beauty,Home_improvement,Furniture_and_homeware,Household_appliances,Grocery,"Books,_music,_movies_video_games",Consumer_electronics_and_computers,Clothing_and_footwear
0,Do_buy_this_not_Online_via_tablet,31.436224048206824,79.06182893376396,31.37241768644043,78.98199105790839,0.0,0.0,0.0,0.0,0.0,0.0,0.0
1,In-_store,19.702278564711648,79.08783335958468,79.09149815122957,79.08050377629488,79.10298376419327,79.10967395830247,79.02579701420848,79.09530329659705,79.00370689776167,19.691970363531738,79.00638141591955
2,Online_via_PC,26.645218538543467,0.0,0.0,0.0,0.0,0.0,0.0,0.0,0.0,0.0,0.0
