index,Japan,Britain,Canada,Australia,Germany,United_States,Poland,France,South_Korea,Spain,Czech_Republic,Greece,Italy,Israel,Chile,South_Africa,Venezuela,Philippines,Mexico,China,Argentina,Russia,Brazil,Lebanon,Uganda,Kenya,Senegal,India,Nigeria,Turkey,Bolivia,Malaysia,Egypt,Ghana,El_Salvador,Tunisia,lordan,Indonesia,Palestinian_ter.,Pakistan
Not_a_moral_issue,0.0,0.0,0.0,0.0,0.0,0.0,0.0,0.0,0.0,0.0,0.0,0.0,0.0,0.0,0.0,0.0,0.0,80.40079503172096,80.38627907146524,50.50831412878686,90.59997274455074,50.54747862759079,0.0,0.0,40.23561058290159,90.55419210711392,40.27305640661237,40.30004721033176,40.26791254894422,40.30016888644455,40.27619565032232,0.0,0.0,0.0,0.0,0.0,0.0,0.0,0.0,0.0
Acceptable,0.0,0.0,0.0,0.0,0.0,0.0,0.0,0.0,0.0,0.0,0.0,0.0,0.0,0.0,0.0,0.0,0.0,80.41285921830398,80.39641469166055,80.39627172222804,0.0,0.0,0.0,50.508347589717886,50.48441085642949,0.0,0.0,0.0,0.0,0.0,0.0,0.0,0.0,0.0,0.0,0.0,0.0,0.0,0.0,0.0
Unacceptable,0.0,0.0,0.0,0.0,0.0,0.0,0.0,0.0,0.0,0.0,0.0,0.0,80.41558172132763,80.43612977487486,40.25267565772023,80.38097703485047,80.44439766673885,40.25716246437932,40.24410357557426,30.2809744796521,40.28085584544213,40.28443312315813,50.51180014941826,40.22803928678329,80.45448461648905,40.265576367578674,50.52289092709897,40.29695055326128,40.27396593555546,30.27825501853127,30.27825501853127,40.23809885940812,30.254871911556062,30.294979400234094,30.245442012814934,90.53236037057675,70.60640636901445,90.51069593869472,40.29226906482174,70.61980595093532
