index,Bancassurance,Direct_writing,Brokers,Agents
2012,0.0,15.216499609987965,19.944483110743327,19.189805249726447
2013,0.0,15.260250374941316,19.24791430330332,61.01758433667812
2014,15.197357051910878,15.202815393692951,15.2007950034617,15.205033073386204
2015,0.0,0.0,19.934596716591862,0.0
2016,0.0,0.0,19.939797486020765,19.932304139973223
