index,>o,bo,of,ob,>of_to,to_the,the_to,a_the,to_no,for_a,is_no,to,in_to,to.1
Day_parole,63.36964325397534,74.01674969058652,69.58081652713999,71.94048101425979,69.57185740540383,66.50546043806133,61.79268729855683,78.3572469257359,66.50929635403064,68.57782052883343,70.16732755977803,77.70781960424273,76.75391710152168,77.70781960424273
Full_parole,20.152148051303428,21.986079232557277,20.526437941309567,37.56330315707173,20.179087704727905,18.220881151164093,16.217121148958043,22.31927966273527,28.44474435066968,29.417156834915133,29.7746600507065,33.273877068366176,34.55304863509324,33.273877068366176
