index,Primary_shopper,shopper_Secondary,Shared_shopper
Females,65.19624749596154,29.968343150517583,41.09539624820416
Males,34.93899322858246,70.01309198053305,59.06360309386277
