index,Unnamed:_1,Unnamed:_2,Unnamed:_3,Unnamed:_4,Unnamed:_5,Unnamed:_6,Unnamed:_7,Unnamed:_8,Unnamed:_9,Unnamed:_10
2018,14.466846663299153,14.466846663299153,14.466846663299153,14.466846663299153,14.466846663299153,14.466846663299153,14.466846663299153,14.466846663299153,14.466846663299153,14.466846663299153
2019,72.7905038499974,72.7905038499974,72.7905038499974,72.7905038499974,72.7905038499974,72.7905038499974,72.7905038499974,72.7905038499974,72.7905038499974,72.7905038499974
