Unnamed:_0,index,sagger,sagg,APPERS,Pagge,don,off,the,soors,Ind,PLEPES,and,of,ou,I,on,go,for,gu
0,Lowest,13.128991542604268,15.547964677143687,21.071824211494736,20.997471911524528,47.80564385332643,15.898695802147117,13.12885531870797,15.954683823525832,17.66678467331969,12.23628391589861,17.27255271743158,16.41706016182426,39.652993949875125,16.932797346358498,14.867416038644777,15.183689004736864,15.194204192160669,44.82414062587421
1,Highest,16.738782083768292,18.92164677176124,26.591480265617136,25.759632286295925,56.00197297609806,19.336052838005948,18.09412552286056,21.546713687696013,22.514480681262192,15.646655646585913,22.320867603508677,41.10648021939832,51.50200792401431,20.254338122954717,20.65308492797729,21.664073817783347,21.48476424914118,56.402480961494206
