Unnamed:_0,index,assonn,any,assano,reases,2007108,BOISTING,assaiss,2012/12,assaston,ASSAICS,sorens,ZOIS/IG
0,5+_GCSEs_a_Any_passes,95.12238682078188,102.51161178659908,95.47283609587524,95.04100368834352,94.25935348059552,92.39931289748873,92.73125176397204,102.44138310351585,93.7545302899458,92.6914206425281,94.81079494251289,95.12928001982156
1,Any_passes,102.30918793535916,102.51161178659908,101.83472856341636,101.67922666983527,101.07705029890212,100.44890633130692,99.8963561730405,102.44138310351585,100.54926745298948,99.80234354306091,100.497722713597,100.33099888479607
2,5+_GCSEs_A-C_kinclud_or_equivalent_luding_English_&_mathematics_GCSEs,61.969719574540186,62.268778363646135,56.33618276329068,52.946338855685575,50.68152287638253,56.24506720507532,48.666009322208126,62.08596879694636,49.40812245406563,47.97897429680332,56.43381552787082,56.30805079853855
3,5+_GCSEs_A-G_equivalent_or,95.12238682078188,95.28690771814144,91.35792887809328,90.93766065552394,90.11304123362233,87.8753786740329,90.08168922903909,92.93250907383604,89.7392755922668,90.23876257918442,88.30368735534225,88.48429399060066
4,5+_GCSEs_A-C_or_equivalent,82.29744539489715,84.49280395814237,78.15128258091013,72.7591234261031,68.15442308382926,66.44285622353439,61.97496419031303,84.51227845053418,64.31727322399499,59.8295210648691,67.72323661243132,68.29435984475359
