index,August_to_October_2012,November_2012_to_January_2013,November_2012_to_anuary_2013,March_May_to_2013,March_to_May_2015,March_May_to_2016,2017_March,2018_March
Ever_done,16.990298060817796,19.032700840435773,0.0,17.9777468395501,17.978240335307255,19.04081540991101,20.016162923064076,19.03485722949108
Past_three_months,11.977508087552144,0.0,13.942990495584056,12.970975015809044,11.97796535197523,11.977501840770408,12.953166690435674,10.995760121832234
