index,Other,Yahoo,Internet_provider,Hotmail,Gmail
2016,10.95545840296404,49.73270915973334,28.76192952381519,49.67829499432052,77.81927412592403
2017,13.91921562126447,13.928128847034472,13.91090639849181,49.71636762633141,28.821093940493256
2018,0.0,28.70027103937579,28.709962964394677,59.71174375107792,59.69737405515347
