Unnamed:_0,index,1993,and,reps,cois,Stand,COME,1900,colle,coro,cors,1000,200,20,ecos,hop,reas,I,2000,eads,on,From:
0,Men,26.56148463870328,27.46917068669049,26.07041474573948,27.25480509050705,27.258413445950968,27.06680214816595,25.975195904575354,27.46899348687661,27.059810148943598,27.66960622007708,26.56069996592964,27.27216400606358,27.566523925065567,27.160352135542585,27.6682344365658,26.17367617982412,26.361470894203347,26.96171538631317,26.96326994500867,27.47208975667508,27.26909088617239
1,Women,26.266551911000604,26.955712894122627,25.861263938880366,27.25480509050705,27.258413445950968,26.766840557619453,25.76381373754284,27.163152425898176,27.059810148943598,27.66960622007708,26.46415685310584,26.962931907880822,27.566523925065567,26.86149749841617,27.15642440834109,25.97146525459505,26.07317988702118,26.767144051691925,26.96326994500867,27.255674121058014,26.862896431556937
