index,"Don't_know,_prefer_not_say_to",never_go_swimming,Jammers,Naked,Slip_swimming_trunks,Tight_boxer_swimming_trunks,Surfer_shorts_Jswim_shorts,Surfer_shorts_jswim_shorts_knee-_-length
14-39_years,0.0,0.0,80.37198463004341,39.57953904530586,80.39169388729819,80.38146004987317,80.36618129540605,80.3577090988511
40-49_years,0.0,0.0,80.37920879764411,39.60026112605813,80.40549900757698,0.0,0.0,0.0
50+_years,80.37629513004703,80.40580621470419,80.4143984140432,80.37046299474147,80.41165755045517,80.36392044295428,80.40187012338686,80.37690474419007
Total,0.0,0.0,0.0,0.0,0.0,80.37080380264823,80.3805816294938,0.0
