index,18-34_years,35-44_years,45-54_years,55-_64_years,65_years_and_over,Total
Self-reported,31.1777754205359,31.210895028210363,31.199820932264725,25.132979703931856,22.06858808470289,28.1115452604454
Diagnosed,11.99771613446541,15.1064025204665,16.046199281659288,13.068927333491589,11.040242215226677,13.08620670697119
