index,Campania,Aosta_Valley,Sicily,Calabria,Basilicata,Molise,Sardinia,Piedmont,Liguria,Lazio,Abruzzo,Apulia,Friuli-Venezia_Giulia,Lombardy,Emilia_Romagna,Tuscany,Veneto,Marche,Umbria,Trentino-_South_Tyrol
Men,79.6665155694275,83.92333181120985,85.62589661715026,85.66594853661488,0.0,0.0,86.11336641861072,86.10890877127835,0.0,85.58633534554711,85.6346195555511,85.71509416814837,85.64936686911466,86.11344447622504,0.0,85.999449693819,86.03998668560122,86.32602323775177,112.4917412256272,86.30045379351643
Women,85.5943055855241,86.16668534473867,86.30108104220297,85.66239412739114,86.18994930157949,86.10069320737064,85.74659041552856,85.44146598890354,85.62403438549421,85.683606284084,85.65718656940687,86.0761859042445,85.69580278632229,86.015808339564,86.07003607934445,86.00809736237746,86.05258183922696,86.34147028207234,86.24755582095143,86.2771145668332
