index,White,Hispanic_or_Latino,African_African_or_descent,All_others_Asian-,All_others
Freelancers,61.44293446042177,15.886520215105762,11.84379141348242,4.8497260541876415,3.8248447407916615
U.S_workers_overall,65.42737639047311,14.942511362777594,9.89523974307076,4.909954292843196,2.899729823229549
