index,Mazda,GMC,Kia,Nissan,Ram,Chevrolet,Hyundai,Honda,Toyota,Ford
Q2_2019,20116.726598114343,22028.25732451233,21986.83341100833,31901.204608576576,31890.707215121285,31892.18108702334,0.0,47345.11273993237,47374.08311195207,47369.45416258384
Q2_2020,19068.718037938444,19074.22815537043,25180.46367018442,20131.070932451592,31916.34672678741,31907.92266995276,31918.374990872813,31896.070846813767,31916.319683266272,31914.71735463881
