Unnamed:_0,index,Week6,Weeks,Week11,Week12,Week10,Week7,Week9
0,Spend_trip_per,-0.3405369930598994,-0.9298199176029414,19.84720796218385,22.33019813361586,5.893052327386073,0.0817960348717328,2.8207621762156414
1,Amount_of_trips,-0.3405369930598994,0.8296431575579426,10.133830753791882,0.8015198225713895,4.475940235866531,-0.6973999013527497,1.2812892909063756
