Unnamed:_0,index,Unnamed:_2,STERESTER,CONTERSED
0,Conservative,-4021139.033314109,4438963.804933317,4438963.804933317
1,Any_party,825664.9859204942,4438963.804933317,4438963.804933317
2,Liberal_Democrat,-6118471.872286709,4438963.804933317,4438963.804933317
3,Labour,-3138365.9514833894,4438963.804933317,4438963.804933317
4,None,-4636478.113325757,4438963.804933317,4438963.804933317
