index,Cell_phones,Tablets,Laptops
2015,10.187632280539964,19.259077343652613,19.25141110412615
2016,19.2633197037184,23.332722335187995,22.26177522997881
