index,Other,Guys_getaways,Girls_getaway,Spring_break_trip,"Wedding,_graduation,_fother_or_event",Required_travel,Celebration_vacation,Bucket_list_trip,Family_reunion,Solo_vacation,Romantic_getaway,Holiday_travel,Summer_vacation,Weekend_getaway,Family_trip_or_multi-_generational
2019,528.2144037415593,308.54650277842404,308.4271381889438,175.21484849052752,131.0630734484865,175.2545193671492,308.62685013056785,308.6782362343795,308.93667515178834,264.47552760803217,264.37974431276683,264.22106080628004,571.4398210765302,0.0,0.0
2020,440.9738722551149,441.1214941736971,131.2671597453275,131.249410924735,131.29119355904766,131.42559185208916,175.246826535561,264.3851745468291,264.33745887900403,264.3194586586865,264.27219551036654,264.4021691682463,352.23399280813953,131.3768705853637,881.6567241884475
