index,Greatest_Generation,Baby_Boom_Generation,Silent_Generation,Generation_X,Millennial_Generation,None_of_the_above
Yes_have_heard_of,40.337848040004914,14.602566102529934,87.98759147861283,70.42707041176266,55.22406949496548,5.524415012973762
Not_selected_no_answer,58.276540491557256,84.10477133758123,10.693968861787909,28.55665283347291,43.52816633772959,93.08018942295168
