index,Kidney,Liver,Heart,Lung,Pancreas
2017,2958.574164922199,280.42733994853006,294.88906211597714,220.53195669120032,152.5214254473126
2018,3122.945144354112,302.37429710447805,327.2799475832826,186.4199416185429,158.0220330410075
2019,3328.7610049730874,327.237247802997,281.09520830684096,243.86939387182883,186.55971953178505
