index,Very_liberal,Somewhat_liberal,Moderate,Somewhat_conservative,Very_conservative
Support_impeachment,85.6251044949338,79.67636443253616,47.66996272407828,5.926761841228753,3.9034656423042833
Oppose_impeachment,12.824041621956953,8.480003873318637,35.77388977784943,89.34091452773536,93.00836770386856
Not_sure,0.0,10.790614929878371,15.50596894142248,3.41220529447358,0.0
