index,Physical_and_or_sexual_abuse,Physical_abuse,Sexual_abuse
Gay_lesbian_bisexual,47.3342190592054,41.487005545621535,18.640816445010337
Heterosexual,29.496786597620204,26.609405656498534,7.725537455669979
