index,have_not_done_any_types_of_exercise_more_since_the_Coronavirus_lockdown,Don't_know,Yoga,Following_exercise_video_an,Other,Cycling,Running_/jogging,"Home_work-_outs,_excluding_following_an_exercise_video",Walking_for_exercise
Male,28.837117854389035,28.842641287397345,28.848198370563225,28.837867772186502,69.50103546342035,69.48904158582617,69.51017869195107,69.51638474244169,49.90114545136398
Female,28.842487458105552,28.86077872233236,28.862937139582776,28.85339491632648,28.83202706626389,28.83516614524946,28.840665542430926,23.82436444466664,23.80728458611268
