index,Total,55_years_and_folder,35-54_years,18-34_years
More,19.79661917931014,0.0,31.78046543640649,39.74087135248793
Same_amount,15.081974967877592,39.72966620486084,7.74785993506336,9.632471157831745
Less,49.507547066054784,99.12214024823984,99.13715337215814,99.12465918907844
