index,"&""_o",_o,Unnamed:_3,can't,Unnamed:_5,5,Unnamed:_7,a,Unnamed:_9,Unnamed:_10,Unnamed:_11,to_on,orry,ch,a.1
Democrat,150.3266696175919,200.61361692931547,150.32096522680166,200.6077370188086,150.32096522680166,200.7959819148872,150.32096522680166,200.5123201128592,150.32096522680166,150.32096522680166,150.32096522680166,200.63748761077628,200.54707301675063,200.49266190459736,200.5123201128592
Republican,0.0,0.0,200.3883373730293,0.0,200.3883373730293,0.0,200.3883373730293,200.60301992642437,200.3883373730293,200.3883373730293,200.3883373730293,0.0,0.0,0.0,200.60301992642437
Faithless_Elector,0.0,0.0,0.0,0.0,0.0,0.0,0.0,49.82695401438275,0.0,0.0,0.0,0.0,0.0,0.0,49.82695401438275
