index,1892:_Benjamin_Harrison,1896:_William_Jennings_Bryan,1900:_William_Jennings_Bryan,Roosevelt_1904:_Theodore,1908:_William_Taft_Howard,1912:_Woodrow_Wilson,1976:_Woodrow_Wilson,1920:_G._Harding_Warren,1924_Calvin_Coolidge,1928:_Herbert_Hoover,1932:_Franklin_D._Roosevelt,1936:_Franklin_D._Roosevelt,1940:_Franklin_D._Roosevelt,1944:_Franklin_D._Roosevelt,1948:_Harry_S._Truman,1952:_Dwight_D._Eisenhower,"1956:_Dwight_D._Eisenhower""",1960:_Richard_Nixon,1964:_Lyndon_B._Johnson,1968:_Richard_Nixon,1972:_Richard_Nixon,1976:_Gerald_R._Ford,1980:_Ronald_Reagan,1984:_Ronald_Reagan,1988:_George_H._W._Bush,1992:_Bill_Clinton,1996:_Bob_Dole,2000:_George_W._Bush,2004:_George_W._Bush,2008:_John_McCain,2012:_Mitt_Romney,2076:_Donald_Trump,2020:_Donald_Trump
Democrat,97.40939105188608,97.40023806913852,97.41158627945562,97.456067543174,97.42193919591703,97.43009688480892,130.05616433925798,130.08042346426373,130.0518296949893,130.0807397258627,130.0250869862502,130.01133890850537,130.01225048605545,130.04931820582075,130.01165517010438,130.03553292082898,130.02782171890038,130.0495135438672,130.00561829428813,130.0415604948335,130.0554387979426,129.99973024745967,130.0595408969179,130.00879021208988,130.03696539983622,97.2853420905836,97.39489882920242,130.02393356159502,97.41377220521342,130.08134434362552,97.36692828131426,130.0726843568999,97.36743057914798
Republican,97.35937521018516,0.0,0.0,97.44319383573227,97.42036718973378,0.0,0.0,130.10330592113266,130.0731773529219,129.9780012152459,130.11931433912918,0.0,0.0,0.0,0.0,130.09166005284,129.97858722938523,130.09261813944877,0.0,130.07021007497832,130.03644449837904,129.9431938357323,130.05137390621425,129.92757609382866,130.0104273309553,0.0,97.37118851108904,97.3289303803754,97.38906659324437,97.29922039369274,97.36240760081088,97.31613108742758,97.3342231112528
