index,Middle_States,Midwest,New_England,South,Southwest,West
Tuition_fees_and,35187.40794519759,31897.621296745776,41854.04278996,28937.465025738355,31415.010296772663,29629.158665446623
Room_and_board,13003.785692840022,10093.93030589282,13863.99540873566,10486.80671804949,9888.453087910078,11767.059205766636
