index,Don't_know,Very_unlikely,Rather_unlikely,Rather_likely,Very_likely
18_29_to_years,49.50113165166357,9.90626066451864,49.491418736225285,25.7968028985805,49.47413436922546
30_59_to_years,7.898123957801886,25.800503736219586,25.79690419367393,25.801719277340823,25.79489541210268
60_older_years_or,9.899110086936863,25.80074484707579,25.810590444819567,25.81035932080356,25.80666276323884
