index,Total,Northeast,Midwest,South,West
Autos,73.8809490096916,85.25357772610823,82.83991869559654,69.72535520026297,73.03044089131625
Trucks_and_buses,16.613417548511535,3.719768652595093,8.371768687196578,19.212655541679556,17.705988152630823
Other_vehicles,8.850293680173849,10.021958289721042,8.104580281610623,10.440050181270848,8.292185252752517
