index,,Unnamed:_2,xo,Unnamed:_4,of_a,Unnamed:_6,Unnamed:_7,Unnamed:_8
Students,92.19025878721187,11.501793515970178,89.2441489901915,11.501793515970178,80.10526708619467,11.501793515970178,11.501793515970178,11.501793515970178
Employed,71.94081835659115,59.18893648960282,24.6039217067609,59.18893648960282,54.20939164146222,59.18893648960282,59.18893648960282,59.18893648960282
Retired,46.520118157218505,16.49111419575668,24.6606680818864,16.49111419575668,26.701753109199373,16.49111419575668,16.49111419575668,16.49111419575668
