index,It's_overrated,It's_fun_holiday_but_not_major_a_a_occasion,It's_celebrate_important_to_my_relationship_with_my_significant_other
Total,31.99418697158193,30.06599339628573,38.04814084457399
Women,31.01368151508709,33.99943679568995,34.90934297955078
Men,33.98888515169207,24.95866772808056,40.96835144248923
