index,Average,Piaggio_group,Yamaha,Honda,Suzuki,KTM,Triumph,Kawasaki,Harley_Davidson
Spring_2078,564.6109008406172,564.6707320898331,537.4250606415458,564.190905859228,564.4334720421564,1099.7013403872695,1099.7574338170716,572.2991248797625,1099.677188323366
2018_Autumn,564.6516247752081,572.3378361423613,538.1398467232655,572.5254328551713,572.5093053406382,572.5317845343149,1099.8802590857763,538.0490673748485,572.3695161222869
