index,Italy,EU28
Yes,47.038392043719,31.89773110505695
No,53.05280330723379,67.03960393901805
