index,a_good_thing,bad_thing,Neither_bad_good_nor,Haven't_heard_enough,Don't_knowjrefused
Germany,16.60371120386825,32.53942668155181,6.829498585165055,29.459591672664363,12.711758690795804
United_States,14.694320963311924,17.715889051558463,3.7899724658502265,45.41385343357132,16.62708878025439
