Unnamed:_0,index,Tech,Non-tech,Operations,General_&_administrative,Support
0,White,40.58266843064618,49.6246182249012,48.876982086720105,50.34519778140796,48.76092829451858
1,Hispanic_Latinx_or,5.287756753824951,12.91248256169952,15.153329862799552,8.699757306870538,15.1034580658428
2,Asian,48.1571114102704,22.4971783297392,16.52285039122137,31.117666166697745,16.51413533640202
3,Black/African_American,4.19523557543755,11.819306116032465,15.522304910995956,6.616573270229907,15.563062535790252
