index,Poland,Italy,Spain,Portugal,France,Switzerland,Austria,Belgium,Germany,United_Kingdom
One_in_advance_month_or_more,29.766564087676,99.75692843663812,99.7612367542459,29.801149658876483,99.77402816083612,99.78519669037595,59.921573523007694,29.76297575845551,99.77049789519523,99.777253592684
Less_month_in_than_one_advance,10.830947887937292,0.0,0.0,0.0,0.0,0.0,0.0,0.0,0.0,0.0
