index,Polpharma,Polkomtel,Jeronimo_Martins_Polska,Ferrero_Polska,Euro_Net_Warszawa,Terg,USP_Zdrowie,Natur_Produkt_Zdrovit,Lidl,Aflofarm_Farmacja_Polska
May_2019,189.15424895693675,189.04525692152103,428.8730823308288,428.8871850370288,428.6230632334141,428.98000759033584,428.9559965172798,371.03040733924286,547.7828458815336,547.718958190947
May_2020,189.34615517880343,188.96234273507,297.5242456115966,189.266158793635,189.11577045252056,371.1203728787939,371.0006822386749,371.4763446352881,371.1565414571946,297.42728950647233
