Unnamed:_0,index,2012,2013
0,65_E5_g9,36.95083092145879,34.03627892460845
1,E4.99_E4-,22.39613197738176,20.94213533817225
2,E6_26.99,9.084469845217312,14.77038129428938
3,f3_99,9.037852587153424,9.357497993848924
4,Unclear,8.933336829678865,0.0
5,Elo,3.485258758330204,0.0
6,f9_f9_99,0.0,5.522238262150864
7,17_17.99,2.263654462639849,7.762187993381588
8,Free,3.773056305676576,3.802214353534197
9,E8_E8_999,5.876617855595086,3.4858176004437382
