index,Australia,Far_East,Indian_subcontinent,Middle_East,Eastern_Europe,Africa,Mediterranean,Western_Europe,Scandinavia,South_America,North_America
Imports_to_UK,61.68740318727192,44.81681500345682,44.82036808527396,44.82294100658983,61.66954151242266,49.87201029168526,49.868374071254166,61.67655141029344,61.68122905125714,42.75420725143742,42.76529969282471
Exports_from_UK,44.80539000761375,44.821444511538765,44.81964609204758,44.824573148853126,44.81165165795899,49.87079821820823,44.81657871476455,44.8222102619304,42.75767281892409,42.75306956514129,44.82113383566559
