index,Unnamed:_1,Unnamed:_2,Unnamed:_3,Unnamed:_4,Unnamed:_5,Unnamed:_6,Unnamed:_7,Unnamed:_8,Unnamed:_9,Unnamed:_10,Unnamed:_11,Unnamed:_12,Unnamed:_13,Unnamed:_14,6
Men,436.1886677007834,436.1886677007834,436.1886677007834,436.1886677007834,436.1886677007834,436.1886677007834,436.1886677007834,436.1886677007834,436.1886677007834,436.1886677007834,436.1886677007834,436.1886677007834,436.1886677007834,436.1886677007834,440.5968880709281
Women,256.0148792999166,256.0148792999166,256.0148792999166,256.0148792999166,256.0148792999166,256.0148792999166,256.0148792999166,256.0148792999166,256.0148792999166,256.0148792999166,256.0148792999166,256.0148792999166,256.0148792999166,256.0148792999166,248.1439642781981
