index,Total_processed_requests,Rejected_visa_applications,National_visa,Schengen_visa
2017,74976467.95356789,10131852.122007608,10122110.801554428,94405590.33249591
2018,120959668.50728652,10126840.062533706,15165273.759114264,94478082.46353243
2019,121003110.7068064,10112295.518418044,10136394.300905824,168825854.55758938
