index,Yes,No,to_Prefer_not_say
Total,20.64575898741876,75.40369653519781,2.751571529541536
Male,11.74902623925182,84.38064849906975,2.694763832600117
Female,28.70038829610989,66.401627909813,3.740289890224602
