index,could_imagine_doing_so,imagine_purchasing_could_not_these_products
Total_population,40.72601761458227,58.379934901391735
Flexitarians,38.53432723363971,60.45439535293283
Vegetarians,72.42221195062719,26.57453083919755
