index,"Yes,_myself",Yes_relative)_close_a_friend,Yes_an_acquaintance,"Yes,_co-worker_a","No,_don't_know_anybody"
Total,13.885021351501903,10.714450679526678,7.640670536480187,8.921269722315515,66.49484492367229
18_29_to_years,23.632455429587097,13.90308178191708,12.616739570325407,13.865632667209638,53.65237386261544
30_59_to_years,15.722436029555324,11.675045794598333,7.6044732293835295,9.741748387028563,65.51502835051593
60_and_folder_years,5.700330516626849,7.630359846311947,5.727048486701364,5.728701637210264,77.50746470914854
