index,"White,_non-Hispanic","Black,_Hispanic_non-",Hispanic,"American_Indian/_Alaskan_Native,_non-Hispanic","JPacific_Islander,_Asian_non-_Hispanic"
2015,318.54922912496005,128.0683555209418,89.16312098488083,348.5762846293153,23.829407925170585
2016,348.8243166217929,163.35590080072677,103.46005773060716,323.51004796564644,34.31848727830459
