index,Employees,Young_apprentices,Total
July_2078,105144.6440757526,3157.102276082994,108641.91852701503
August_2019,99109.08591759778,4655.427949698133,104120.45266586324
