index,Very_effective,effective_Somewhat,Not_effective_very,Not_effective_at_all,Don't_opinion_know/no
Male,13.983594281712008,32.96261002297798,31.86442055008142,11.9255710704468,8.92687925105972
Female,15.896802467661823,34.908474123681295,27.90453050841148,11.951279854733816,7.985209287807255
