Unnamed:_0,index,Unnamed:_2,cart,the,it,pla,do,Ca,for
0,Viral_RNA_tests,184.79405513410933,269.62533714524426,269.62533714524426,269.62533714524426,269.62533714524426,269.62533714524426,163.15230004819568,184.1785447799375
1,Other,184.79405513410933,269.62533714524426,10.820428178385384,269.62533714524426,269.62533714524426,13.70933345374138,269.62533714524426,59.70336740816151
2,Antibody_tests,184.79405513410933,269.62533714524426,269.62533714524426,269.62533714524426,269.62533714524426,59.7939766306601,269.62533714524426,59.70336740816151
