Unnamed:_0,index,June,July
0,Minor,23.988908621617327,48.02824089254192
1,Serious,56.56003182322941,36.40897639022658
2,a_threat_to_stability_company's,18.198655608812828,14.301621339261018
