index,Newspaper_publishers,Periodical_publishers,Book_publishers,Directory_and_Other_publishers,Other_publishers
2009,296764.88232333824,142314.4163686006,44671.48300887068,19819.83620418125,82145.9058796285
2010,262829.5278652685,133389.86780650142,40310.36109402863,19720.69302880927,80839.75863036234
2011,248475.2103523212,112410.62456649764,71908.97464842844,35348.35255444795,20804.51291974657
2012,228673.2836595541,104720.37736068016,64122.28628250072,29080.68174269935,17758.995307586738
2013,215836.00915117143,101644.27155010894,66255.49269039917,26013.513367224543,20638.40826359403
2014,207847.31050320965,108336.81694115073,64187.72354954388,24363.621278959094,21471.28714740544
2015,192440.0037862855,103929.76076685965,63103.90365860658,21717.170536221005,19818.173425558663
2016,178925.04306553333,88771.97476698799,62933.919185668,14499.11781799799,19130.337335347023
2017,167453.32550095324,81002.05275217141,70607.15755182522,14435.308688356015,25247.11098709551
