index,Pakistan,Greece,India,Turkey,Tunisia,Mexico,Brazil,Russia,Spain,Egypt,Czech_Republic,U.S,China,Italy,Jordan,Lebanon,Poland,Britain,Japan,Germany,France
lot/some_confidence_A,0.0,30.15507790199218,0.0,0.0,0.0,0.0,89.9153568315095,0.0,89.95817670756297,89.96597141513449,52.11989470382248,46.08637105465596,46.08718255845793,46.06666717286786,42.024004377374894,100.63934398222474,46.075520157327325,50.19070813909839,52.11858253539415,52.11217118079498,100.6152361499792
Not_much/no_confidence,30.144110736574945,50.252937667491295,89.90217582677288,63.19077600169703,50.19198708807285,89.91104304814115,89.91373856954183,63.184001605923314,89.95342158002163,63.20252619709861,63.18598290906554,39.07925402394363,39.08206818625104,46.07594726459153,46.12061082033543,46.08605546984409,46.07879939198907,50.220083627602335,50.21967075724695,100.62879205998104,50.23848483223463
