index,The_world_would_be_better_place_with_a_no_religion,The_world_is_better_place_because_of_its_a_religious_diversity,The_be_if_world_would_a_better_place_everyone_was_Christian,The_world_would_be_better_with_a_place_one_global_religion
All,11.6962215952,78.95857457758086,78.96604448452716,78.96863295777669
Protestants,0.0,78.9770003480484,78.97216269402604,0.0
Catholics,78.97544069714753,78.96014517340033,78.97756401135645,78.9682553580849
Evangelicals,48.52548414847439,91.3377153139112,48.523300637213154,48.49206931198053
