Unnamed:_0,index,and,on,offor,a,SPESS,the,SISPERS,offic,OFFIS,Soot,PISSES,Matter,PHISES,State,anding,FOSES,Figgle,Stage,PEESION
0,Other_revenue,-97127.07509961762,31826.21311635148,31826.21311635148,31826.21311635148,31826.21311635148,-96082.57076340105,31826.21311635148,-96048.19063461968,-96263.53642265488,-95911.69374772027,-96230.8295323198,31826.21311635148,31826.21311635148,-95942.71755703,31826.21311635148,31826.21311635148,-96124.20487297593,-96177.0890504572,31826.21311635148
1,Advertising_revenue,-94490.62217788066,31826.21311635148,-96082.57076340105,31826.21311635148,31826.21311635148,-14329.35091578485,31826.21311635148,-85549.04261516464,31826.21311635148,-12650.664601983472,31826.21311635148,31826.21311635148,31826.21311635148,-95942.71755703,31826.21311635148,31826.21311635148,-89914.34455506431,31826.21311635148,31826.21311635148
