index,Any_food_cooking-related_app_I,Any_medical_/health_fitness-related_app,Any_movie-related_app,Any_travel-related_app,Any_banking_app,Any_music-related_app,None_of_the_above,Any_app_news,Any_weather_app
Male,9.836491874004722,36.637481223812166,20.774732535120148,31.77423076116367,29.668030545287923,31.78843693379004,36.64117595808978,36.64067579755438,31.78984061013132
Female,16.9061521359275,16.903381085219287,16.90904015966415,20.789156519592584,29.70371135251476,20.79052792751222,29.70079509390918,36.65529339255665,36.65298216685679
