index,Saudi_Arabia,China,Russia,United_States,Poland,South_Africa,Great_Britain,Romania,Turkey,India,Canada,Malaysia,Brazil,Australia,Germany,Sweden,Belgium,Mexico,South_Korea,Hungary,Italy,Argentina,Peru,France,Chile,Spain,Serbia,Japan
Cyber_bullying_needs_special_attention,99.53678390321755,89.44214180938117,59.95008964183244,99.57220703419304,99.59575992594938,99.56814470621156,99.5122038974977,99.57978738125917,99.54245148116598,99.58825645867095,99.52940651879096,99.57635854272824,99.57710273907308,99.5841203260933,99.52823179563508,99.57287127555868,99.52647893647575,99.58459390558546,99.50239403658864,99.57706276158348,99.62652721698244,99.57370465245722,99.53312135013206,99.55908826722184,99.54781153996365,99.529431120323,99.51962433460542,99.48199936651056
Cyber_bullying_be_handled_through_existing_bullying_can_anti_measures,0.0,0.0,0.0,0.0,0.0,0.0,0.0,0.0,0.0,0.0,0.0,0.0,0.0,10.017780757296665,0.0,0.0,0.0,0.0,0.0,0.0,0.0,0.0,0.0,0.0,0.0,0.0,0.0,0.0
