index,Kuwait,Bahrain,Qatar,Oman,Saudi_Arabia,United_Arab_Emirates
23_to_25_years,3.970589231404901,1.9084855997334955,0.0,7.08040146234859,0.0,0.0
26_45_to_years,0.0,5.86883137115808,9.99690571767954,0.0,30.14730939066962,20.22713263787415
46_to_60_years,40.25357104810886,50.280911572492734,100.68988640751051,100.69869202685038,80.6437400359491,100.71298730328216
61_and_years_over,0.0,4.786574570972363,0.0,0.0,0.0,0.0
