index,Messenger_Instant,Video_Chat,Video_Kiosk,Social_Media
2012,31.960815840695176,21.02233751434593,19.01630115355524,9.94801969010626
2014,21.9820088070378,15.91701615466539,10.999438737899151,11.007486851123744
