index,Unnamed:_1,Unnamed:_2,Unnamed:_3,Unnamed:_4,Unnamed:_5,Unnamed:_6,Unnamed:_7,Unnamed:_8,said
The_same,67.33403947473494,67.33403947473494,67.33403947473494,67.33403947473494,67.33403947473494,67.33403947473494,67.33403947473494,67.33403947473494,76.20097098546827
Less_favourable,5.6550809992968,5.6550809992968,5.6550809992968,5.6550809992968,5.6550809992968,5.6550809992968,5.6550809992968,5.6550809992968,5.6824073347711845
More_favourable,3.9651258548714026,3.9651258548714026,3.9651258548714026,3.9651258548714026,3.9651258548714026,3.9651258548714026,3.9651258548714026,3.9651258548714026,3.546288553860649
Not_/Don't_know_sure,9.207961926056356,9.207961926056356,9.207961926056356,9.207961926056356,9.207961926056356,9.207961926056356,9.207961926056356,9.207961926056356,13.201976023321665
