index,Newfoundland_and_Labrador,Prince_Edward_Island,Nova_Scotia,New_Brunswick,Quebec,Ontario,Manitoba,Saskatchewan,Alberta,British_Columbia
Males,0.0,0.0,0.0,7460.612629461188,7461.151747220758,7462.30655308836,7461.199668799385,7463.101426229523,0.0,5745.447762562329
Females,5753.220955147903,7465.158407903478,7464.418748755081,7464.400517719734,7466.0147456781,7463.369682892497,7463.249878945926,7464.626061671322,7465.621997088036,7463.943179175867
