index,Natural_cork_stoppers,Champagne_stoppers,Other_types_of_stoppers
2015,396.1025946961299,127.37124268893876,122.63863303813643
2016,412.4378189096852,131.8545348590132,131.69058051424037
2017,429.1134130800694,131.90493273852474,150.07788292052027
