index,Specialty_plant_nutrition,Potassium,Iodine_and_derivatives,Lithium_and_derivatives,Industrial_chemicals,Other
2014,34.78018686910421,28.70091533475898,16.811589495550862,9.952826561187187,4.91918276650533,3.834126801783185
2016,31.844031982024795,20.90141582411892,11.821770761734491,26.83908822856477,4.917453646937666,2.865843726758989
2018,34.774025089429394,11.769811196383555,13.831657313339877,31.819786095490382,4.889185885607752,1.9592835330975973
2019,36.65673537449052,10.892517067890864,18.83999959876784,25.732031366802143,4.9325619485744525,1.9513735275615431
