Unnamed:_0,index,China,Pakistan,India,Poland,Kenya,Germany,Turkey,France,Britain,Russia,Jordan,Indonesia,Lebanon,Mexico,Ukraine,Israel,Brazil,Palestinian_territories,Spain,Lithuania,U.S
0,Right_of_amount_pressure,638534.5065926393,638743.741295041,638979.1934217503,638916.717857443,638883.4613070549,639128.4760201378,638852.4891523004,638911.9631269961,638889.4379235383,638759.4929998175,638611.5916639064,638816.3372632603,638987.8263122265,638811.0512780149,638985.7544185121,0.0,0.0,156624.32720119212,796125.1597096206,796106.9376700311,796159.1865794666
1,Not_enough_pressure,0.0,638829.8576978829,638893.0238934285,638956.6682182925,639149.0621435808,638966.629245765,638994.3607462484,638769.135274411,639004.2420855011,639001.1076821897,638952.6041190838,638829.512382264,638755.5617143083,638696.5127434516,638859.501715641,638860.1657841392,0.0,0.0,796113.3392903532,795952.0768962591,795487.7867650823
2,Too_much_pressure,738634.2794886974,738511.3736910571,638891.8020073918,638741.4834621472,538252.061734106,0.0,0.0,0.0,0.0,0.0,0.0,0.0,0.0,0.0,0.0,0.0,0.0,0.0,0.0,0.0,0.0
