index,Fruit_juice,Other,Snacks,Pasta_(in_small_formats),Cream_cheese,Yogurt,Cookies,Homogenized,Milk
2014,0.0,0.0,489.4261629229457,489.3845450668184,489.6593744668751,489.3431020756327,489.8654236565256,489.8216491327837,489.517558999147
2015,0.0,0.0,0.0,0.0,0.0,326.4252829115724,325.9539053170315,0.0,0.0
