index,All_adults,Current_smokers,Former_smokers,Never_smokers
18_44_to_years,2.622355595060071,6.720561350417498,2.859736108371429,1.3177801032583432
45_54_to_years,6.189103600477559,17.44866814760826,7.01767943680278,2.4476261391445107
55_64_to_years,10.463385701223933,25.47350408898768,12.452999368426646,4.015208069746585
65_folder_years_and,12.64385965666418,29.745117883874247,17.230187072758618,5.964294055584503
