index,marketing_Mission-_based,Cause_marketing_related,Brand_equity,marketing_Performance
Increase,41.86733492263622,40.71261506078756,36.8565325850326,27.941962983856783
No_change,44.61017372393735,45.768975640792846,31.63512243456954,26.8412334305482
Decrease,13.697968407972894,13.648761401319303,30.70672287664013,44.446138966037125
