index,Not_stated,PhD_programs,Masters_programs,Bachelors_programs,Vocational_bachelors_educations,Short_cycle_higher_education,Vocational_Education_and_Training_(VET),Upper_secondary_education,Primary_education
Women,0.0,0.0,10.010000130401046,0.0,19.50767899173909,19.952724186569124,19.958872052664635,0.0,0.0
Men,10.008351100476183,10.017886677142217,39.66261988746389,10.014778785488105,45.86614821383164,19.955296890587004,19.95353919312178,19.95601681304184,19.96095575275092
