index,Other,Camping,Travel_agencies,Experiences_and_culture,Hotel_and_accommodation,Restaurant_and_nightlife,Car_rental
Up_25_dismissals_to_percent,15.008385344918253,15.006398835864005,10.969337855968313,18.987015060913198,18.98267167670984,18.99401514043769,18.998932511922263
51-75_dismissals_percent,14.964287729883509,0.0,0.0,0.0,0.0,0.0,16.955436781874575
26._50_dismissals_percent,10.974003506773691,10.986031586616283,10.98549287229649,10.987291793328666,10.98810627807407,10.99006072079976,10.984582188565405
76-100_dismissals_percent,5.041250125058681,5.036368026535527,23.974421010371536,23.971456478296226,14.985582978679735,23.980500786266376,16.958964078016095
