index,Ukraine,Lithuania,Russia
Ordinary_people,10.772785030556648,19.425656689256627,25.44314226649024
Business_owners,75.11735698539289,76.81146685562832,78.90459054426279
Politicians,93.96731318330794,90.02014194856694,81.14274334115403
