index,already_have_children,Definitely_do_not_have_children_want_to,Probably_do_not_want_to_have_children,Probably_have_children_want_to,Definitely_to_have_children_want
Lesbian_women,30.075069894856064,34.7326260275044,40.11277158342848,51.88348674529168,11.85527717532013
Gay_men,30.150955305491,40.12686272595698,22.80024774702397,15.733994517551167,22.791513542715744
