index,Under_age_65,65_years_and_over,65-74_years,75-84_years,85_years_and_older,Total
2000,7.934926066793196,215.36361182642173,127.74986016949327,256.40592840432555,470.4752573310942,34.96923319691473
2010,9.61144644822332,175.93469584597352,84.7812718090924,211.83785089410375,426.102703853512,31.10108698869124
