index,United_States,Europe,Pacific_Asia-,America_Latin
2011,18.58792512690861,11.755937715541757,27.586163004661067,38.6230625605108
2014,33.59092192804018,23.56709230736185,49.418738320470766,55.27447977616673
