Unnamed:_0,index,2012,eors,200,2014,earo,coll,2015,20,1997,2003,I,joos,colp,2018,ecos
0,Public,125.04534735578422,144.67245636082902,100.52319175166176,134.79089248531835,119.4949955295042,122.26552412842292,138.2847568856787,116.91013052592588,46.38075140116948,74.07709894293106,53.452929024911214,49.05539946252284,147.95860786479912,153.55731550438156,95.43157563372448
1,Private,28.934971268488653,34.07147467506326,25.29907544736548,32.98251057921223,26.25720238298669,27.359226449459555,33.21558865231026,24.78541153790738,14.251086585315475,20.79009514867039,15.681814847439624,15.17362934124236,37.21419547570392,38.54600718111814,21.761824806939277
