index,WhatsApp,Twitter,Facebook_Messenger,Snapchat,Instagram,Facebook,YouTube
Favorite_now,1.957754898227158,4.928782811873958,7.897759053637522,14.945002796720097,14.972202635264065,17.87597414124825,35.76797487712283
Favorite_months_six_ago,2.9878367469186458,4.936225855974861,8.873620978971047,2.980782962619152,50.13836078482709,4.935721305850102,8.871548232512566
