Unnamed:_0,index,Unnamed:_2,I
0,SFR_THD,3.750625075610757,3.813634029269312
1,Bouygues_Telecom,3.581651356228831,3.747567663182023
2,Orange,3.4620756615432917,3.538042561819579
3,Free,2.1052819713662503,2.4814866440582097
4,SFR,3.067476688831306,3.2782093848472105
