index,Spain,Belgium,Sweden,Norway,Russia,China,Ireland,France,Austria,Italy,Belarus,LUSA,Vietnam,Netherlands,United_Kingdom,Germany,Ukraine
2018,9988.2877188757,7933.945999978575,7933.164343924232,13895.845069564064,13897.834672356452,13898.559070996607,13898.160116110646,7933.254108773573,13897.481523401842,7932.326169261042,7931.650162370944,13904.100480482057,13902.605877270396,13907.138448058104,13899.93398774248,7932.040251592772,13904.163648338998
2019,0.0,0.0,0.0,0.0,0.0,0.0,0.0,13896.965098466128,13897.00905738412,13895.036816517322,0.0,0.0,0.0,4826.2573635805165,4825.723207316536,15565.445409119,15564.527074075948
