index,Unnamed:_1,Unnamed:_2,X_b,<_>No,Unnamed:_5,all_0),Unnamed:_7,is,is_,Unnamed:_10,to,Unnamed:_12,Unnamed:_13,ris,it,i,is_.1,Unnamed:_18,the,of,is.1,Unnamed:_22,in,>,Unnamed:_25,>B_>No,>_of_
2019,78.42343380619558,78.42343380619558,70.44704532637853,67.58164964042001,78.42343380619558,88.8416611997378,78.42343380619558,103.94530919644372,44.1608416183402,78.42343380619558,106.79858048210085,78.42343380619558,78.42343380619558,82.63340061174327,108.91161280290753,98.9228481230395,44.1608416183402,78.42343380619558,67.5567439154453,43.2996839237085,103.94530919644372,78.42343380619558,98.86125030183445,90.5107720927812,78.42343380619558,80.46407688795918,96.81588756924334
2020,81.74303848313994,81.74303848313994,67.53007151036354,87.50348074248527,81.74303848313994,101.86502742563584,81.74303848313994,44.05879511396236,81.68738487081488,81.74303848313994,45.245749029633416,81.74303848313994,81.74303848313994,77.64652187883432,82.55040491415147,68.3550345854737,81.68738487081488,81.74303848313994,34.05021427852547,49.04536132945165,44.05879511396236,81.74303848313994,58.3298648151689,81.73193454788233,81.74303848313994,77.52259915508047,72.45106009097701
