index,By_phone,Contactless_card,Card,Cash
Before_COVID-19,11.95405816231908,29.84501372423857,58.86905901996822,44.81034098870089
Now,17.017125938088476,17.015227254792926,58.84886073445145,58.876214740525015
