index,Observed_of_May_2020_as,August_2020_Observed_as_of,Expected_12_over_next_months
Significant_increase,21.78747274331656,28.974918319764527,42.70534109531751
Slight_increase,34.99721317198509,37.46802504050794,38.63450331448343
