index,Unnamed:_1,Unnamed:_2,Unnamed:_3,Unnamed:_4,Unnamed:_5,Unnamed:_6,Unnamed:_7,Unnamed:_8,Unnamed:_9,Unnamed:_10,Unnamed:_11
Male,40.32215891733563,40.32215891733563,40.32215891733563,40.32215891733563,40.32215891733563,40.32215891733563,40.32215891733563,40.32215891733563,40.32215891733563,40.32215891733563,40.32215891733563
Female,8.643928325061282,8.643928325061282,8.643928325061282,8.643928325061282,8.643928325061282,8.643928325061282,8.643928325061282,8.643928325061282,8.643928325061282,8.643928325061282,8.643928325061282
