Unnamed:_0,index,Q2,Q,8,of
0,2014,114.27912017224928,123.22984674143429,119.25306283982091,115.2765964085203
1,2015,114.27912017224928,123.22984674143429,119.25306283982091,119.23866462740196
