Unnamed:_0,index,Unnamed:_2
0,Generation_18-29_aged,60.83558495596908
1,Genration_65+,44.824689853885744
