index,Jamaica,Italy,Switzerland,Canada,Egypt,Portugal,Pakistan,Philippines,China,Turkey,Germany,India,Australia,Cyprus,United_Arab_Emirates,Greece,France,Thailand,LUSA,Spain
2012/2013,0.0,4.886809901724774,0.0,0.0,9.884187507170608,15.90150524454078,15.89287071247182,0.0,4.875233867431,9.885244163309618,0.0,0.0,0.0,0.0,0.0,11.945488959867928,0.0,0.0,38.72432424915331,38.708525315295766
2013/2014,5.985377170366743,15.896968203962697,4.90572789577174,4.903372458996529,19.83582965759375,15.904739779490392,5.851560548259258,18.84806600884959,4.901457812972609,18.85154763495274,18.84877996570027,5.844363863204372,5.851728172911159,5.84983215184856,15.887825831281692,15.9029691665007,15.904632996378812,15.8938367271324,15.899297565792056,5.863178799132029
