index,60_and_over,25_to_59,20_to_24,16_to_19,12_15_to,8_11_to,5_to,Q_to_4
Male,1008.253687887036,1007.7626019864432,1008.0910188027156,1007.7527835966994,1007.7578592049568,1008.3488763435384,552.9148802189734,1008.3399732274148
Female,0.0,560.8067854059459,0.0,0.0,0.0,0.0,0.0,0.0
