index,Umbro,Mizuno,Jordan,Fred_Perry,Timberland,Le_Coq_Sport,Diadora,K-Swiss,Kappa,Fila,Asics,Speedo,Converse,Lotto,Babolat,Champion,Lakhani,Power,Puma,Nike,Action,Reebok,Adidas
2012,0.0,0.0,0.0,0.0,0.0,0.0,0.0,0.0,0.0,0.0,0.0,0.0,0.0,0.0,0.0,14.914806297118687,14.903726382286806,9.877813901780335,14.903388430492164,4.956588652751442,14.900338335588476,17.851729993360365,24.81911903109967
2013,0.0,0.0,0.0,0.0,0.0,0.0,0.0,0.0,0.0,0.0,0.0,0.0,4.944425586426323,0.0,0.0,0.0,9.855015481816912,9.866037827573372,4.96871120750496,0.0,14.906531275572927,0.0,0.0
