index,United_States,EU-5,Japan,Brazil,Russia,China
Male,30.87112606648283,36.82326287210455,37.63361772875248,46.59857295034056,46.56846752160699,54.73347849398901
Female,68.24059880903789,62.27459257120671,61.472185047125066,52.48434355573444,52.51964859933241,44.06871569797292
