index,0-20_minutes,21-40_minutes,41-60_minutes,61-90_minutes,91-120_minutes,Over_120_minutes
2014,38.47450688569967,16.7744788118791,19.725815193351693,4.2517571137817,9.29450392320421,10.194779814826418
2015,21.665694035583016,20.332523353515317,16.864687764399456,14.81417727370532,8.124901172026611,16.871846844325866
2016,33.13355826101858,15.824775723355422,15.662516881366152,10.047743676756866,6.887903069694154,17.038464770537004
