index,Christmas_gifts,"Other_Christmas_expenses_(food,_Christmas_decoration_clothing,_activities_for_children_etc.)",Total_Christmas_expenses
2015,3385.869392483153,2220.9891327086234,5626.341317469484
2016,3258.3958578637967,2191.181047593779,5497.283883722249
2017,3152.175052388813,1823.981424786286,5002.508385705618
2018,3621.382459725333,2166.2297771350204,5808.640848046487
