index,15_to_24_years,25_34_to_years,35_to_44_years,45_to_54_years,55_to_64_years,65_and_older
2017,3.376215318106736,10.718461482422915,9.024755081225212,7.117217284631016,4.746879104950714,0.6573135294984507
2018,2.684504408701274,10.114589931274883,9.033215443776433,6.92593432399349,4.862073656001424,0.7861930729063591
