index,Men,Women
September_2013,45.39951384906442,19.70606784405311
February_2017,40.55040544127343,26.588313447919766
