index,Internet_on_console,Internet_tablet_on,Internet_smartTV_on,Internet_on_smartphone,Traditional_radio,Printed_press,Traditional_television
2018,73.376243536687,24.710420494147517,24.71867719894693,73.36928008636691,73.36598628262435,73.36266584435018,73.38651854710406
2014,0.0,24.727626401568244,24.72639825372173,0.0,0.0,0.0,0.0
