index,Casual_websites,Console_PCJ_Mac,PCJ_Mac,Mobile_devices,Social_networks,MMO_games,PCJ_Mac_boxed,PC/Mac_download
2011,22.930633666587102,18.8858786059877,0.0,11.900920700954856,15.971137508165675,11.900822953607168,8.885058534489826,8.884472050403705
2012,20.929687960998237,18.901995418668054,18.873027704688877,15.959817502826944,15.974706723817238,8.882620600641637,0.0,0.0
