index,Republicans,Democrats,Independents,Total
Should,41.01268120068391,71.11170463287414,56.882492242784856,56.87856495744644
Should_not,56.87270893047787,24.825865858040203,41.004789892071294,38.77598014975853
