index,Race,Sexual_orientation,Disability,Religion,Gender-identity
2011/12,36049.410042203344,4253.515892119511,1740.0464505482669,1585.3736131391995,0.0
2012/13,35919.79045570096,4249.836968269054,1735.08118968716,1505.02532820544,0.0
