index,Northeast,Midwest,South,West
A_frequent_air_traveler,7.038878117507608,5.916858865780682,4.775283027737928,11.900125790105747
An_sair_traveler_occasional,68.587632111664,68.44454764709822,70.6949226668642,74.37010212788995
Never_flown,22.89526371048048,24.68568856193275,23.85990714610314,12.733936119140182
