index,Up_100_to_employees,100_500_to_employees,than_500_employees_More
Less_10_than_percent_annual_turnover,76.89143665912023,37.04387677107822,23.104240923675988
10_50_to_percent_annual_turn_Do_not_know/not_applicable,11.90681654402728,52.85428425529449,39.75204920335211
Do_not_know/not_applicable,7.776341679221019,4.485042011255104,5.652045537893201
More_than_50_percent_annual_turnover,3.109917780134225,5.377817637340968,31.157794444871165
