index,Three_times_week_more_a_or,Once_a_week,Once_a_month,Never_ever
Online_video_viewers,11.832165413631188,11.824194132650476,22.92862934695969,53.02487659552466
Non_online_video_viewers,8.736891295007595,7.754756010155305,13.72544382838953,67.96328490428102
