index,-drinker_Non,Drinks_below_weekly_limits,Drinks_above_weekly_limits
Men,18.69626715287664,49.44544595454187,30.606268311487348
Women,24.618866678492445,64.48884015786594,8.63043931551136
