Unnamed:_0,index,Seth_Meyers,Bill_Maher,Conan_O'Brien,John_Oliver,Jimmy_Kimmel,David_Letterman,Stephen_Colbert,Jimmy_Fallon,Jon_Stewart
0,Very_favorable,90.44468369700212,898.7795644895393,898.5124445670799,0.0,898.6005668989874,899.0116132724206,898.4841410390642,898.7949349971548,0.0
1,Somewhat_favorable,680.4836866787023,898.7515477247252,898.6570018970979,286.4938451058125,898.6712827045467,899.2700155935457,898.6562849890935,898.6637695086599,906.944114312734
2,Don't_know,0.0,898.774689515109,0.0,0.0,0.0,0.0,0.0,328.0978805650382,222.2303549682362
