index,0-2_years,2-6_years,6-10_years,than_10_More_years
Minimum,41411.74859483191,56950.87176355517,72132.30057440812,108674.38674796784
Maximum,56888.81705525171,84031.59742306558,118543.47392511951,148379.07353451086
