index,Male,Female
One,54.0180623179095,82.24214263064873
Two,20.76336067572981,12.85545785161804
Three,13.060909151070147,3.1709177085009514
Four,6.204294082638924,0.0
Five,5.484473532755175,0.0
