index,Electric_utilities_and_infrastructure,Gas_utilities_and_infrastructure,Commercial_renewables,Other
2018,22148.90944049481,1827.796143555352,412.6203029446042,0.0
2019,22718.84475277439,1842.980285749698,426.6985248315723,0.0
