index,Indonesia,Haiti,Pakistan,DR_Congo,Nepal,India,Kenya,Mauritania,Senegal,Mali,Nigeria,Ethiopia,Madagascar,Niger,Chad
1990,42.79657206264682,42.792907933664594,42.80720781857467,42.79816365593666,41.96986467890726,41.95463347756511,38.52761317558015,47.83399539334617,47.83097727598096,47.8586498051521,47.82975454105919,47.82695651597987,47.82938772058266,88.81113177872777,47.81699937793361
2017,23.998385989903262,42.81005067726778,23.9955675859086,0.0,0.0,0.0,0.0,50.32779587255638,50.33037991902438,47.88861292441002,47.8804898887464,0.0,0.0,88.82556820237077,0.0
