index,0_20_years_to,20_60_to_under_years,60_older_years_and,Total
2018,15.077949526873269,44.07263904364858,22.924051696775063,82.36720211599989
2020,15.135180164047398,43.43607258974624,23.83731353783807,82.96384223529047
2030,15.43121108949721,39.40559880458355,27.690024527171403,82.7368824537008
2040,14.540169597912891,37.87614677093144,27.6711637046476,80.35177351128252
2050,13.360802182916544,35.45580844123369,28.299048337533407,76.94236031987855
2060,13.05384366571407,33.03964213278154,27.730804437245865,74.06137880851706
