index,Total,15-24_years,25-34_years,35-44_years
Pregnant_women,0.197785089359412,0.0,0.1977719656507431,0.3958746214188836
Nonpregnant_women,0.1977695049553676,0.0,0.1978032711641304,0.3957406274420051
