index,"Camera_television,_video,_and_operators,_motion_picture",Financial_managers,Police_and_sheriff's_officers_patrol,Advertising_sales_agents,Editors,Historians,Economists,Lawyers,"Artists_and_related_workers,_all_other",Multi-media_and_animators_artists,Art_directors,Advertising_and_promotions_managers,Writers_and_authors,"Administrative_law_judges,_adjudicators_hearing_and_officers",Reporters_and_correspondents,Film_and_video_editors,Radio_and_television_announcers,Producers_and_directors,Broadcast_news_analysts,Actors
Mean_hourly_wage_metropolitan_areas,23.7570225321224,39.699992473731896,39.71129616627146,39.69198033262295,28.22589665004854,28.25261490182031,28.24415975885456,26.219831811725165,39.92959128553422,28.229955118672105,30.709527016920763,29.40012785128857,30.06890822430565,41.978789261634994,30.702110308415037,30.714490543101224,30.70735487878421,42.002573221538086,41.97556916211677,29.36423517396636
Mean_hourly_wage_nonmetropolitan_areas,23.771646356857524,39.699868623750426,26.23730894949493,26.22999227366654,28.30918576258721,28.309719270199697,0.0,30.07511025030081,30.0598052506676,30.068917751227303,30.06408760194997,30.076901311571305,30.06572146901321,30.075791425198894,30.06111043893386,0.0,0.0,0.0,80.11413252138556,80.11514237508061
