index,Real_estate,Savings_CDs_accounts_a,funds_Stocks_/mutual,Gold,Bonds
2018,32.98905517939932,18.87858553877236,24.934758753970883,14.94439595107427,5.908891004796395
2020,28.884464384991663,21.957935648701365,19.87386952411442,14.966483603047312,8.950765878688394
