index,Total,Male,Female
All_ethnicities_races,2.492307899626484,2.48770173947784,1.8973995028251447
White_Hispanic)_(non-,3.787059026830954,5.882567331046159,0.0
Black_(non-Hispanic),3.49711936635572,5.8847591175146325,2.487833008859098
Hispanic,0.0,0.0,2.489614974855889
