index,White_alone,White_alone_non_Hispanic,Black_alone,Asian_alone,Hispanic
Part_day,35.51816171059963,38.0010427456453,22.662249526692364,27.65126439477405,30.77137144935675
Full-day,63.72494251882544,61.15942998163612,76.18853299826633,71.45624946411807,68.69933124322462
Total,54.487209647522846,56.485665352208486,52.35865673534633,49.50728477010993,49.88885898166788
