index,"Production_transportation,_and_material_moving_occupations","Natural_resources,_construction,_and_maintenance_occupations",Sales_and_office_occupations,Service_occupations,"Management,_professional,_and_related_occupations",Total
White,0.0,1099.1444353818945,997.1625372158384,993.99781955467,1642.7212120718182,2640.3478305572044
Black_African_American_or,0.0,1100.87803988121,996.2003639926849,2641.0446577522102,1642.409473589842,0.0
Asian,1146.906720448477,1147.2438493950488,999.4644492745535,889.5334549149982,889.114668980438,889.1993038624225
Hispanic_Latino_or,0.0,0.0,994.8085903778288,994.7338295654096,0.0,2642.011532913252
