index,Greater_economic_power_of_China_(2005),Greater_economic_power_of_China_(201_1),Greater_military_of_power_China_(2005),Greater_military_power_of_China_(2011)
Positiv,49.75940881046716,44.721048940561225,24.71158497135057,21.85697780932567
Negativ,33.44637618245157,39.49087927721963,60.461435638414784,62.382660776621975
