Unnamed:_0,index,2019720,Assonn,evists,ZOLIZIE,2017718,assitice,assain,2011714,assano,zoos/os,2012/18,astern,Assains,evishs
0,Regional_and_Scotland_operators,-2904.7531185799744,-1042.0448550741785,-2683.074280562774,-736.968692125294,-1525.144297373959,-1593.7900341809905,-2232.918606229208,-1054.1806116366524,-744.1256138251296,-1102.2670742294656,-883.9467337471068,-986.7357408882458,-988.2488921245052,-1027.6358260614115
1,London_and_South_East_operators,-2363.206709719862,-1042.0448550741785,-2683.074280562774,-736.968692125294,-2451.2130365876583,-1228.5762009022048,-1813.5804332724767,-1530.7812493838749,-949.8615434941768,-1102.2670742294656,-1100.2267201562036,-2188.724116985606,-1749.526515898334,-2193.328755111376
2,Long_distance_operators,-4228.103151374272,-2195.216921298944,-4310.012962455458,-1728.335852875186,-2972.3447224511474,-2687.041256902247,-3117.032854595737,-2450.726198996324,-1844.7083106599212,-2345.145989664868,-2415.765532437438,-2188.724116985606,-2289.988790626483,-2193.328755111376
3,All_operators,-2687.734830008557,-1176.2999349043052,-2683.074280562774,-891.8978689292761,-2154.340018868222,-1460.7988229213083,-2051.459371709891,-1530.7812493838749,-949.8615434941768,-1236.29469044549,-1100.2267201562036,-2188.724116985606,-1518.3411170500117,-1732.003908206198
