index,Leadership,Tech
Male,64.46915791606315,76.27350381563453
Female,34.69843222885429,23.085134483983893
