index,Sept_8-19_I,Sept_24-25
Approve,53.22542030180504,57.26583185148062
Disapprove,26.076429499661984,23.91847485558704
Don't_know,19.95485514098516,18.862011459301836
