Unnamed:_0,index,Paint,Faucets,Lighting_fixtures,Cabinets,Appliances
0,Design_style,397696.1512711695,326860.6754270785,238805.3211617905,95433.7750090534,397862.8949430489
1,Quality,160054.0834092407,238785.90398587333,14560.706789809396,325712.7542688564,78993.50150617294
2,Other,68384.85317043743,0.0,0.0,0.0,0.0
