index,Snam_(Italy),GRTgaz_(France),Enagas_(Spain),Fluxys_(Belgium)
Existing_length,49807.920052666246,33956.09219341691,13358.991480411025,7552.723930687163
Projected_length_additions,1783.9505467662748,0.0,2066.426108471307,1803.232236620024
