index,$1_Less_than_million,$1_million_$3_to_million,$3_$10_million_to_million,STO_More_than_million
Service_fee,23.877877041683533,26.971277455875764,25.6476034046286,36.94607598454695
Commission,75.29341940944587,72.33733861227422,73.5451894748063,61.98210514926913
