index,Helsinki-_Uusimaa,Finland_Southern,Western_Finland,Northern_and_Eastern_Finland,Whole_Finland_(incl._Aland)
Male,34.6474528733375,24.792196968639047,33.66095983643247,30.90644404265346,124.66986250311504
Female,33.76871782106876,21.019112681739927,27.501464486437825,25.611359203215727,108.68110417310612
