Unnamed:_0,index,Aland,Lapland,Kainuu,North_Ostrobothnia,Central_Ostrobothnia,Ostrobothnia,South_Ostrobothnia,Central_Finland,North_Karelia,North_Savo,South_Savo,South_Karelia,Kymenlaakso,Paijat-Hame,Pirkanmaa,Kanta-_Hame,Satakunta,Southwest_Finland,Uusimaa
0,Finnish,466610.757934304,466596.7840107726,466127.79952451214,465659.1827730807,1107265.1399429762,210742.0891482276,725338.0747089027,650411.1225126963,724667.5715359165,647984.5629491797,650074.6451434372,648857.5654351041,649205.8103189161,518458.7947910805,1354828.027285108,1354210.3553493344,568662.1989107528,568127.1447334071,1141340.1847411045
1,Swedish,0.0,0.0,0.0,0.0,0.0,209228.73774535907,0.0,0.0,0.0,0.0,0.0,0.0,0.0,0.0,0.0,0.0,0.0,0.0,0.0
