index,Mainland_Finland_by_2040,"Mainland_Finland,_annual_average",14_biggest_regions_by_city_2040,"14_biggest_acity_regions,_annual_average"
Conservative_scenario,2459112.9702277835,94085.88919263752,2094691.1692349364,77877.72595827328
Urbanisation_scenario,3021794.247881768,121139.09688020263,2857943.118694017,108393.9062045142
