index,Czech_Republic,Belgium,Netherlands,Romania,Poland,Spain,United_Kingdom,Italy,France,Germany
2015,0.0,5671.362433710972,7734.215052379273,7711.118803866473,10973.424047002278,10971.245072070677,10976.0292949769,10968.72618590737,10972.692186011533,10970.222016767424
2019,10975.39597502727,10979.809285025927,7712.975582809715,10974.924306673172,10978.942345304662,10980.197913176838,10975.72592143459,10979.819249850303,10977.207358659434,10974.236733790793
