index,use_it_regularly,it_use_occasionally,have_used_it_once,imagine_using_it_can,it_won't_use
18_29_to_years,9.87525380698542,28.611354701449144,10.705611270987715,31.580314731802524,17.782388222273646
30_45_to_years,4.907279879834192,24.735014207461724,13.887051395456991,38.64050808824256,17.788397786010513
46_60_to_years,6.737172939520171,13.857722941923356,7.815354880972116,50.56046821122217,19.75090230989423
61_folder_years_and,3.851360061674413,8.85125979617775,3.84517224816571,61.3925349632153,20.764557833934237
