index,Mainland_China,Other_countries,France,Japan,US,South_Korea
2012,40.61714067383272,23.946389382646345,14.896228286326789,8.686152709647729,7.733942498658592,0.0
2013,38.06862105619172,23.105878553464407,14.47616359350326,9.152610472405089,8.485958427740627,2.9757999506666124
2014,36.719789036295616,26.55314271328416,15.481887153744625,9.050717368141337,8.856673863234704,9.576298878810292
2015,33.04029728437633,24.152496039344623,13.108179929458371,9.396146275966773,7.412131303036546,7.856799103861988
