index,Democrat,Independent,Republican
A_fair_amount,50.6227595883902,34.57232835167754,21.73620265676213
A_deal_great,27.264365576391967,52.18332159492813,71.00337783041616
