Unnamed:_0,index,Augzo,Novis,Mayzo,Weo,Janzo,Apro,Cacis,Junzo,soons,Sap,0ct,Mbreb,oats
0,Los_Angeles_CA,1.3335425673490615,2.142458223984716,0.9651172321499096,1.2782548631260815,1.9572917458373007,0.8631359171647899,1.939165880548837,1.2205907731375714,1.7869934383378117,1.2059741974519351,1.245710926218185,1.3357608353861814,2.1111831036080946
1,U.S_Gulf_Coast,1.2413784110435029,1.8791824076516463,0.8725843828565214,1.227540650860855,1.8208710185553612,0.8347480473727273,1.939165880548837,1.123006949132588,1.5891948663152609,1.125880787280241,1.1461195584625772,1.1601196091317831,1.921722112190564
2,New_York_Harbor,1.2413784110435029,1.968677265472364,0.9651172321499096,1.2782548631260815,1.8857075582062504,0.9258079130397204,2.0231045618678456,1.1601607406049603,1.656465837778066,1.159954487130767,1.187342385237974,1.2395784620107628,1.979503262947845
