index,Other,Brands_selling_easily_available_products,Brands_which_helped_people_during_the_pandemic,Brands_which_reached_me_during_the_pandemic,Local_independent_brands_or,Brands_already_purchased_from,Brands_fulfilling_needs_my,Low-_brands_cost
25-34,0.0,24.807268664849257,31.80887600015776,0.0,0.0,27.86132648223762,0.0,49.76679552714884
335-44,2.876755935349223,2.858046616748318,25.813780908204816,29.91162070428169,32.85081079079771,32.85781722738282,0.0,0.0
45-54,0.0,0.0,0.0,0.0,24.816017655737262,32.861668554098465,49.76789015710354,0.0
55-64,2.90103498871968,29.917287024047248,29.923705901906672,29.931175141597627,27.870980957463164,31.82638605505828,2.9013408412070234,27.874272896076963
