index,Greece,Italy,Britain,Spain,Poland,Czech_Rep,Germany,France
Unfavorable,30.26857354441684,30.252321745409706,20.064677692199865,20.06178196787505,30.24024179996213,30.26559963274285,30.25507226465747,30.30939292549695
Favorable,0.0,0.0,10.040205051908018,30.272555514414123,70.082906514179,50.09503113811181,60.221376309568285,100.45169390099582
