index,"HSN,HIMES","Macy's,_Inc._Intrintor",TJXC_Companies,Sears_Holding_Corp,Wai-Mart
2009,6484.848541322666,6791.593829088564,6752.001558009772,8597.556384671865,8598.815278932205
2010,26522.28457160322,6777.732014864458,6818.439679303443,6811.693273348712,8608.299383877955
