Unnamed:_0,index,20-26_Feb,Mar_19-25,Apr_24-27
0,Rather_not,35.15573331124703,28.983569844779325,21.14307214836828
1,Definitely_not,32.74283267047504,24.60335585615124,19.5533428479302
2,Definitely_yes,11.08355994082956,19.784034458251043,25.83921761251756
3,Rather_yes,18.81701357732668,24.388473094560496,31.10004972648494
