Unnamed:_0,index,"San_Diego,_CA","Portland,_or","Washington,_D.C","Los_Angeles,_CA","Chicago,_-","Honolulu,_HI","Seattle,_WA","Boston,_MA","New_York_City,_NY","San_Francisco,_CA"
0,Dinner_for_two,21.7454932178066,150.94180819343762,21.22074587816201,50.60994069250796,0.0,302.9000972147009,99.61260920342664,99.69485023064028,201.076424456348,22.19085398873869
1,Hotel,27.337100131141995,49.12434999902132,0.0,0.0,302.9290822018804,0.0,0.0,0.0,0.0,302.6911019188485
2,Return_trip_taxi,21.20453255387588,0.0,0.0,0.0,0.0,22.397288427535955,22.425490477526523,0.0,0.0,0.0
