index,Unnamed:_1,Unnamed:_2,Unnamed:_3,Unnamed:_4,Unnamed:_5,Unnamed:_6,Unnamed:_7,Unnamed:_8,Unnamed:_9,Unnamed:_10,Unnamed:_11,Unnamed:_12
2013,148936.8565168833,148936.8565168833,148936.8565168833,148936.8565168833,148936.8565168833,148936.8565168833,148936.8565168833,148936.8565168833,148936.8565168833,148936.8565168833,148936.8565168833,148936.8565168833
2014,210326.8974718002,210326.8974718002,210326.8974718002,210326.8974718002,210326.8974718002,210326.8974718002,210326.8974718002,210326.8974718002,210326.8974718002,210326.8974718002,210326.8974718002,210326.8974718002
2015,111564.25449002472,111564.25449002472,111564.25449002472,111564.25449002472,111564.25449002472,111564.25449002472,111564.25449002472,111564.25449002472,111564.25449002472,111564.25449002472,111564.25449002472,111564.25449002472
