index,0-3_years,4-7_years,8-11_years,12-15_years
Boys,9.01532969440166,9.006688898629807,21.03247739003336,21.060699595733784
Girls,12.090526817975212,15.02782849621825,15.037787438274044,30.133561172220556
