index,Brittany,Centre-Val_de_Loire,Pays_de_la_Loire,Provence-_Alpes-_Cote_d'Azur,Auvergne-_Rhone-Alpes,Hauts-_de-_France,Occitanie,Grand_Est,Normandy,Nouvelle-_Aquitaine,Bourgogne-_Franche-_Comte,Ile-de-_France_region
Wine,49.56927826337801,9.923786550106785,49.58609092668195,49.55664724925241,49.50367771445124,9.934254028213218,29.654899681969106,49.56533107146376,19.784818684403906,49.55591419932547,59.35968830835819,59.38265324898411
Beer,0.0,0.0,70.14514685334608,0.0,79.26717265907776,46.54976251556619,46.51803955739217,0.0,0.0,0.0,0.0,0.0
