index,glasses,1-4_glasses,5-10_glasses,11-20_glasses,than_20_More_glasses
12_years,96.53183341720872,2.4523035905315567,0.0,0.0,0.0
13_years,89.77700735272747,6.958879781965777,0.0,0.0,0.0
14_years,74.78493229460837,12.827896251368545,6.243053208532842,3.8797164232950503,0.0
15_years,60.512200306966825,17.363048968218735,12.396489886223948,4.741149911631624,3.429901167625204
16_years,47.29820749840276,18.153650973134987,17.756714258113163,9.448251924811927,5.871364600330452
17-18_years,36.06142072179949,16.685977953786278,22.86267936557149,17.181821135116138,5.857139030438503
