index,Anal_penetration,Passive_rimming,Active_rimming
Never_practiced,41.1791189346129,65.29130458734134,69.23875459451769
Already_practiced_during_first_intercourse,25.00421810010843,15.88805767544764,14.681007877657066
Already_practiced_but_uring_first_intercourse,33.80463242499873,18.919902046204683,16.319100570129038
