index,All_pediatric_ED_visits,Treat_pediatric_ED_visits_and-release,Pediatric_ED_visits_resulting_in
Medicaid,61.4641920391589,61.48523322174371,58.540469337022685
Private_insurance,27.619798649774975,27.612661700057203,37.27842886461504
Uninsured,6.600205785031363,6.576117834438392,0.0
Other_(including_Medicare),3.4815435916481903,3.43312919590187,3.071028867321957
