index,Agriculture,Building,Industry,Services,Utility
Family_administration,49.32673019471271,77.78422733973184,74.74555961782036,61.2492760757102,55.9808634564613
Family_with_100_enterprise_control,28.7205505890537,49.037959998719856,44.22183420576295,36.19363370302208,31.093461942908576
