index,White,Hispanic,African_American,Other
Somewhat_oppose,6.617673556606718,2.6256719255494403,0.0,5.892832882134314
Strongly_support,31.86554754331208,45.89963877680282,73.9786937311178,39.87033806805293
Neither_support_or_oppose,14.57010301727793,16.347690234916328,10.41940358973801,15.084019893152488
Somewhat_support,27.960722264674654,24.92473212149609,13.436613982067826,24.22032877640437
Don't_know_opinion_no,0.0,2.1671918427982035,0.0,5.831950636574618
Strongly_oppose,15.974747343592284,0.0,0.0,8.657201156547785
