index,Make_in_a_statement_support_of_Black_Lives_Matter,Financially_support_Black_Lives_Matter,Black_Lives_Not_address_Matter
Much_less_likely,12.111661690213722,14.41180601068828,18.09019115176089
Much_likely_more,21.32288964346941,24.11545948178926,10.29370583453212
Somewhat_likely_more,16.745013944430255,15.024827115626934,6.895960713499321
Neither_less_likely_more_nor,40.24575907134417,38.26205214266237,50.1152864083797
Somewhat_less_likely,8.743936210233898,7.846940287670236,13.724417627042044
