index,Internet_home_at,work_Internet_at,Internet_at_school,Internet_the_go_on
2007,10.83814636035996,7.272557273815942,5.973831719262988,0.0
2009,10.668337151177896,6.582348696952886,5.269734907180829,0.0
2011,10.95808636290932,6.581375960063004,4.288676284657468,0.0
2013,11.262401752001503,5.49479454235703,5.977421867525588,2.378462358599311
