index,High_income,Upper_middle_income,middle_Lower_income,Low_income
1990,20.10633860615474,18.142934980836937,16.027877024882805,16.02508238066585
2013,23.06947982216009,20.01461353571265,17.089816394268645,17.086698600613325
