index,March_2015,2016_March,March_2017,March_2018,March_2019
Ever_done,390.2030331266004,476.3485947422293,519.0289437828998,519.1074211743121,0.0
Past_three_months,258.86593556527373,302.122900749469,302.0889048334328,258.7567184571644,519.111424208362
