index,Weekday,Sunday
HI_2012,483497.8760371343,700615.3970743056
HI_2013,446537.9037185915,647032.2312285119
