index,Chrysler,Ray_Ban,Football_For_Hope,Kellogg's,Proctor_and_GAmble,Castrol,Burger_King,Starbucks,Kia_Motors,Ford,Johnson_&_Johnson,Volkswagon,Hyundai,Emirates,Reebok,Sony,Mastercard,Puma,Red_Bull,American_Express,AT&T,Budweiser,Pepsi,Visa,Nike,Adidas,FIFA_com-,McDonalds,Coca_Cola
All_Adults,0.0,0.0,0.0,24.84250296729833,24.840110666436523,0.0,10.020929017953264,10.020945700664996,0.0,0.0,39.94758514411194,0.0,39.94116452445819,10.014272615973766,0.0,9.98644362844976,39.93267413636938,0.0,0.0,0.0,0.0,39.93973982087661,39.93504308143476,0.0,39.961920042209485,0.0,0.0,0.0,0.0
Hispanic_Adults,10.027240643890394,29.00816273963047,10.019976991203984,24.844693963438612,24.843432750431973,24.84415789230175,10.027072704592328,10.027895718370914,10.00442647951185,29.00759886397406,9.990983550401364,39.95281684250986,9.993325803127991,22.024281353265984,9.995978354292747,39.944342024952,14.032535069284414,14.033270220781231,22.01974921657986,22.02737321583959,22.02885130409869,29.00936389487489,39.939482907116,29.016861105525493,39.97103770025928,29.009170375418847,29.01120900279201,29.0120998595983,29.00808933569887
