index,Unnamed:_1,Unnamed:_2,Unnamed:_3,Unnamed:_4,Unnamed:_5,Unnamed:_6,Unnamed:_7,Unnamed:_8,Unnamed:_9
Men,398.4575491895182,398.4575491895182,398.4575491895182,398.4575491895182,398.4575491895182,398.4575491895182,398.4575491895182,398.4575491895182,398.4575491895182
Women,379.4279693856911,379.4279693856911,379.4279693856911,379.4279693856911,379.4279693856911,379.4279693856911,379.4279693856911,379.4279693856911,379.4279693856911
