index,Post-traveling,Traveling,Purchase_booking,Research/actively_looking_and_researching_travel_plans,Inspiration_/wanting_needing_to_book_or_travel,Used_during_any_phase_(net)
Smartphone,36.79024920821763,39.84854520150618,80.48093869295754,80.50671633055208,137.70566018716633,137.7046359101758
Computer/tablet,36.82436738702063,56.8156772909662,60.08334850780727,36.82320491392822,56.84736484421236,72.75249240734358
