index,Several_per_times_day,Once_per_day,a_few_times_a_week,Once_week_a,Less_than_once_a_week,Do_have_not_an_account_or_do_not_use
18-29,20.575464260363415,8.782512176680001,11.657606284989924,9.561154041586704,10.734547187160956,35.86415921380569
30-44,14.99913477285942,8.794336321985114,6.850459346148526,3.923439097080745,8.813342540734808,55.86769769877107
45-54,4.648941125891369,3.885714443012049,6.757042342076645,0.0,7.947840129047094,75.94647278238156
55-64,3.909575443114548,1.889560981371531,1.900183943661517,0.0,5.867816565840286,84.21401527829721
65+,0.0,0.0,0.0,0.0,2.4720721820903435,95.23918619350232
