index,Yes._am_currently_receiving_treatment,Yes._in_have_the_past_but_no_longer_do,"No,_have_never",Prefer_not_to_say
Male,13.857776517529828,13.860153494634034,66.46300838935343,4.869088559211747
Female,19.585741041719764,17.923561460717394,56.638388791674,4.874003016697301
