index,National_pride,European_pride
Very_proud,50.485431780467245,42.63576610056118
Somewhat_proud,33.65336919387387,36.51069700833295
