index,Camping,Travel_agencies,Travel_aqencies,Hotel_Car_and_rental,Car_rental,Restaurant_and_nightlife,Experiences_and_culture,Other
Stay_open,63.51998681761787,40.36566571029777,0.0,41.25222937344914,63.45890319672767,41.24154292028537,35.46839863135857,35.38170750620347
Stay_but_with_reduced_employees_open,29.212043705412533,56.5331061957196,0.0,46.40775240384615,38.302744067928046,49.47865374922458,52.22117080877791,50.379496306994426
Close,2.964509343982627,0.0,0.0,4.660129594447895,0.0,4.319114211771094,4.669028914004343,5.408459987593048
Already_closed,0.0,3.710137833436733,0.0,8.447071766439208,0.0,5.634390024038453,8.413007182459666,9.608829772797762
