index,Female_householders_with_related_children_under_I_8,Married_couples_with_related_children,All_households
Associate_degree,34.920630769979084,8.86146758110803,12.90137769346758
college_degree_Some_no,29.052261296755677,3.9168410914927776,8.80507262026363
High_school_diploma,46.99193851841043,19.87167157935697,25.930493895617488
Bachelor's_degree_higher_or,10.848197674984192,1.929264263826063,3.917332944209349
Less_than_high_a_Associate_degree,19.83539277202199,3.943774697212902,6.803418843328956
