index,Europe,North_America,Asia_Pacific,Central_&_South_America,Middle_East,Africa
5000_19_9999_to_sqm,302.882890152115,292.0575116449122,73.52328243019906,46.724083744301424,18.627322467763637,15.26637462798226
20000_49_999_to_sqm,118.3815959060792,63.117196853608846,68.27841659345603,0.0,0.0,0.0
50_000_99_999_to_sqm,38.74921949692026,28.67280808389421,29.81895774321509,0.0,0.0,0.0
100_000_and_more_sqm,33.59879650696422,0.0,0.0,0.0,0.0,0.0
