index,No_high_diploma_school,High_school,college_Some,College_degree_or_more
2012,6.8370034261826405,17.700298493803373,26.72077088156041,40.57600942193416
2013,16.62405387760038,25.556974619991703,34.43655106875163,48.41449918873639
