index,High_School,Middle_School,Elementary,Total
Math,0.0,51.38979011612559,40.34053534779046,45.3904588775969
English/language_class,51.38946874692348,51.38243468053393,40.33436349145534,45.385420435569706
History/social_studies,45.37390914751568,0.0,0.0,0.0
Science,45.38009040977865,45.37493125834384,45.37740972033668,0.0
Foreign_language,0.0,67.28915515328842,67.31013977835872,67.30603409084496
