Unnamed:_0,index,and,are,Sender:,Overis,Subject:,Oveois,Read,Reas,greats,any,Overist,event
0,Total_imports,9535.381292871483,5841.047390844296,10981.707352349733,11110.8534577278,10892.417363170343,11693.315130741068,6486.62729898082,5123.488675464665,9861.455932743042,9380.231009269335,9849.568023419122,8878.773299025506
1,Total_exports,7260.323918098509,5050.647052181519,9158.585039547896,8294.771524317648,9264.747321579618,10698.215925848492,5927.025762390238,5123.488675464665,7996.558361475434,7817.280150483098,7825.248979782375,7770.011796141607
2,Trade_balance,-1562.265343961364,-46.318508591053615,-1056.663124299772,-2110.613365449375,-863.4920788500131,-258.4735018720603,132.17768185169734,1130.438883099101,-1129.0518938462956,-857.024449712886,-1234.496991215834,-365.9594334819685
