index,Minor_obstacle,Moderate_obstacle,Major_obstacle
0_employees,75.40831159530984,46.38329478705822,14.368768662997184
1-9_employees,77.37096078982728,0.0,0.0
10-49_employees,72.23420340562907,46.44442233614751,0.0
50-249_employees,71.1877133869576,0.0,0.0
All,76.11496357644563,0.0,0.0
