index,Louisiana,Texas,Mississippi,Missouri,Arkansas,California
2014,0.0,7885.5277662310045,7883.971322308646,7884.922704270165,10969.44025406115,0.0
2015,0.0,0.0,0.0,10967.307691348036,10970.179801958851,10968.36311901581
2016,7038.366667049248,7037.057737133138,0.0,0.0,0.0,0.0
2017,0.0,0.0,7883.362767206589,0.0,10970.36294236267,0.0
2018,7039.757186763789,7878.950680339153,7881.675579998672,0.0,10971.308086572017,10971.966294181371
2019,0.0,7884.489804269318,7883.840080002913,7882.383939135508,0.0,0.0
