index,ISIL,Taliban,Al-Qa'ida,Boko_Haram
Fatalities,9018.541322192648,3512.212997773122,1302.6634128392488,1065.665606452978
Injuries,7616.242134711099,3511.8061898202177,2152.6095591825488,1089.4578731892088
