index,Online_tablet_via,Online_via_PC,Online_smartphone_mobile_via
Monthly,20.00464146397234,27.021491635857657,26.975379276350907
Weekly,16.772222593300988,28.669835408422017,23.691187605340996
Daily,0.0,20.07576994915354,26.99243860664422
