index,Unnamed:_1,Unnamed:_2,Unnamed:_3,Unnamed:_4,Unnamed:_5,Unnamed:_6,Unnamed:_7,Unnamed:_8,Unnamed:_9,Unnamed:_10,Unnamed:_11,Unnamed:_12
Canada,80.16094106119304,80.16094106119304,80.16094106119304,80.16094106119304,80.16094106119304,80.16094106119304,80.16094106119304,80.16094106119304,80.16094106119304,80.16094106119304,80.16094106119304,80.16094106119304
Northwest_Territories,76.05786229250226,76.05786229250226,76.05786229250226,76.05786229250226,76.05786229250226,76.05786229250226,76.05786229250226,76.05786229250226,76.05786229250226,76.05786229250226,76.05786229250226,76.05786229250226
