index,Feb_Apr,May_Jul,Aug_election_Aday
Mainstream_stories_news,11.8346871279593,8.868124799822123,6.86847379397983
Fake_stories_news,2.9503485563879064,2.945949139565153,8.863261822109221
