index,Other_companies,MACSF,HABBC_Assurances,Macif,Swiss_Life,AG2R_Mondiale_La,Covea_(GMF-_MAAF-_MMA),Aviva,Groupama-_Gan,Allianz,Generali,BPCE,Societe_Generale_Insurance,Credit_Mutuel,BNP_Paribas_Cardiff,Axa_France_Assurance,Caisse_Nationale_de_Prevoyance,Credit_Agricole_Assurances
Life_insurance_and_capitalization,0.0,0.0,0.0,0.0,0.0,0.0,0.0,0.0,994.7082448890302,994.912786226274,287.10124864556303,403.91745881999066,287.36752154281044,0.0,0.0,0.0,0.0,0.0
Health_accident_and,0.0,0.0,0.0,0.0,0.0,0.0,0.0,0.0,0.0,0.0,0.0,404.2239973748706,0.0,505.7395310999225,0.0,0.0,0.0,0.0
Total_personal_insurance,505.8447413666397,505.732694825282,287.273932942982,505.77562663002425,404.000041017648,404.0100219786231,505.9937037910562,994.6620316724604,404.0837170192476,994.7211654481008,287.1913507453248,505.8219082093405,404.1539255598056,505.8344185919326,505.7807538360047,505.7350191586597,506.0039582030169,505.7498538746296
