index,Several_times_a_day,Once_day_a,a_few_times_a_week,About_once_a_week,About_once_a_month_or_less_often,don't_have_an_account_or_do_not,use
White,52.49418024559846,12.867212948273348,11.82313254522525,2.7073079082459657,4.762052690941047,14.66728928899299,0.0
Hispanic,55.399116442076846,16.69915463224227,11.825073494901218,5.79970815444949,1.9370440098950752,7.864046774114399,0.0
African_American,56.51696877729924,12.82329995213479,10.750967788702283,3.655521241787909,3.69710509831529,0.0,10.774869197569316
Other,57.560292606085895,9.768641274324564,14.628343539576235,5.79504987522715,1.948356973720777,0.0,7.8269865186685905
