Unnamed:_0,index,Unnamed:_2,dust,a,for,the,FISS,is,th,MIS,aggs,jus,spe,ESIFIE,it,SISTS,CON
0,Remain,50.55006863337917,69.44755368108073,48.51426752499133,49.52393385694923,50.504984743432125,50.56303296378651,47.52956986331132,69.44755368108073,50.59092024306485,69.44755368108073,48.56886512920566,49.461528527842624,53.40091954016156,50.54104531675453,69.44755368108073,69.44755368108073
1,Leave,42.33190766317647,69.44755368108073,44.69168031482934,45.63410569971347,46.43084434734241,42.43394009391561,44.62786917914716,69.44755368108073,44.65332527496076,69.44755368108073,45.59820562016503,42.33432101399966,41.46088714716818,43.69301969481515,69.44755368108073,69.44755368108073
2,Don't_Know,11.9542316338281,69.44755368108073,11.98164634810535,10.990454632793965,7.911054647684217,11.948465746393389,11.991424579888973,69.44755368108073,10.081822103648364,69.44755368108073,11.02943084300989,12.900271100733171,9.770826779218377,11.024687360357412,69.44755368108073,69.44755368108073
