index,Digestive_health,Immune_health,health_Women's,Oral_health,Others
2017,72.35519919926921,13.497827490294895,6.671119094976447,1.3619440870318584,4.287464037147956
2023,62.19940199236009,24.62175159517025,6.71409024956364,0.0,3.95157816179038
