index,day_Several_times_a,Several_times_a_week,Once_week_or_less_than_once_a
Male,66.94396733507813,25.88883863553585,6.92206630461115
Female,69.00546058156627,24.77827413017875,5.846073814385832
