Unnamed:_0,index,Unnamed:_2,State
0,Ages_18_to_19,14.593960785734572,68.92379073385717
1,Ages_20_21_to,14.593960785734572,68.92379073385717
2,Ages_22_to_24,14.593960785734572,68.92379073385717
3,Ages_30_34_to,14.593960785734572,68.92379073385717
4,Ages_25_29_to,14.593960785734572,68.92379073385717
