index,-20_30_Beverage,--30_Beverage,-10_-20_--00_Beverage,Beverage,Packaged_food,Alcohol,Baby_food_and_care,Dairy,Frozen_foods
Week_ending_March_8,0.0,0.0,9.365039047839003,3.1568418568027354,15.864156999949335,3.179134090087665,18.75286172054493,6.7291298793701415,12.041377882329336
Week_ending_April_12,0.0,0.0,8.079389223985942,6.492923029269818,27.16736644781668,30.054542771146917,22.63933196500546,22.51519967358044,32.94316615796342
