index,Disagree,Slightly_disagree,Neutral,Slightly_agree,Totally_agree
<100_million_euros,18.89782167049723,14.01046260123685,7.97728852660353,27.95219340162236,30.931222147998124
100_500_million_euros,7.96651145655386,14.96130327324606,22.883497377561277,34.92665666261991,18.915111951080835
>500_million_euros,12.913164592866549,19.855349850223675,19.881795319698647,12.902420547546344,19.88661509549376
