index,Federal_government,Your_provincial_government,Your_municipal_local_or_government,Your_employer
Very_satisfied,22.93703123602957,38.98489643642894,25.008865111247204,24.98612129256523
Don't_know/refuse,4.383719123795359,4.957661133781301,13.734796859491098,36.59793331225316
Somewhat_satisfied,41.74975088794959,39.5623553984794,41.82180961535988,22.84895227476653
Somewhat_dissatisfied,17.67934305921429,10.582314812593964,13.55883935151283,9.87120520710613
Very_dissatisfied,13.711548771946925,5.872320804988945,6.678905315051992,6.459987979006129
