index,--40_38_5_Intallment_loans,38_5_Intallment_loans,Mortgage_loans
Week-_change_(23-29__03)_over-week,0.0,5.064202263631575,6.625298246406707
Year_change_(23_29_003)_on-year,33.79337454187788,0.0,22.148514111638438
Year_change_(30.03-05._00)_on-year,0.0,38.70240352282661,7.101720923038961
Week_change_(30_00-05_-04)_over-week,0.0,1.9368143373759883,17.417148755662986
