index,Syria,Tunisia,Uzbekistan,Romania,Trinidad_&_Tobago,Italy,Yemen,Sudan,Denmark,Brunei,Chad,Peru,Equatorial_Guinea,Gabon,Vietnam,Turkmenistan,Republic_of_Congo,Thailand,Australia,Ecuador,Argentina,Malaysia,Egypt,Azerbaijan,Indonesia,India,Colombia,Venezuela,Oman,United_Kingdom,Libya,Angola,Algeria,Norway,Qatar,Mexico,Kazakhstan,Nigeria,Brazil,Kuwait,Iran,China,United_Arab_Emirates,Iraq,Canada,Russian_Federation,Saudi_Arabia,United_States
2009,0.0,0.0,0.0,0.0,0.0,0.0,0.0,0.0,0.0,0.0,0.0,0.0,0.0,0.0,0.0,14803.00338068848,14800.500341005096,14805.046519501351,14797.506258433368,14801.816647366031,14803.886479337049,14800.429159250049,14802.34494945428,14807.299310827144,14803.57005419156,14801.020301481423,14798.632376042531,14802.899944700675,14803.56504922441,14809.28294614166,14803.928743504108,14806.913372248991,14802.700302122064,14801.753807222904,14804.670034750045,14801.461294698249,14802.10359881607,14803.035078813771,14798.75750022133,14803.146300306038,4257.435267979288,4258.694295271705,4248.158839417074,0.0,10100.499740409035,22455.794461792524,22435.24128612975,0.0
2019,0.0,0.0,0.0,0.0,0.0,0.0,0.0,0.0,0.0,0.0,0.0,0.0,0.0,0.0,0.0,0.0,0.0,0.0,0.0,0.0,0.0,0.0,0.0,0.0,0.0,0.0,0.0,0.0,0.0,0.0,0.0,0.0,0.0,0.0,0.0,0.0,0.0,0.0,0.0,3812.945247438902,3813.6971047266,3813.954026373731,3813.052020071477,3812.8579385674766,3813.088167056461,3815.716887026103,22447.70865930499,3814.625804187001
