index,General_personal_spending,Food,"Toiletries_(shampoo,_soap,_etc.","Entertainment_(movies_games,_etc.)",Clothes
Spent_more_money,8.864680033177496,17.85507833846746,10.880927366553694,4.964647215945146,2.925173727938581
Spent_less_money,18.8678854095253,5.897322264148063,4.969046705327617,11.910756214726096,15.91579582504204
