index,Generation_Z,Millennials,Generation_X,Boomers
Not_likely_purchase_at_all_to,30.66901435303408,35.65135684187494,41.5863484560237,53.46630289847165
Very_likely_to_purchase,4.903350058105531,5.837074555174439,4.919980969778671,0.8490447051811643
Somewhat_likely_to_purchase,4.919828446426472,7.755624738583769,8.745501294395297,3.9365807901530943
Don't_No_opinion_know_I,41.60776625444298,31.60823849020653,28.74574181198916,27.76579100663653
Not_likely_very_to_purchase,16.77909397609021,17.767257577330803,15.786002697316825,12.712352103678334
