index,It's_okay_for_there_be_mix_of_free_to_a_ad-supported_and_paid_ad-free_podcasts,All_podcasts_should_be_available_for_free_and_ad-supported,All_podcasts_should_cost_money_and
18-34,55.38169250651049,33.588883121148896,9.733566897911714
333-54,62.36750741561262,27.55425961080286,8.69318260893165
55+,71.1463189236192,25.4650594895796,1.9024699657225737
