index,PCI_Mac_boxed,Casual_websites,Console_games,Mobile_devices,PCI_Mac_download,Social_networks,MMO_games
2011,25.95340481307469,25.96339601739295,24.930061929219747,21.906157588279424,19.93552804823211,16.929460932903005,12.95582425458664
2012,24.63357520559501,23.969025685044144,22.26842177720218,23.415095431529377,15.871728982292534,17.28305812231066,12.849177601959994
