Unnamed:_0,index,Jan,Jul,Jun,Feb,Nov,Oct,Sep,May,Apr,Aug,Mar,Dec
0,2019,-5.919937652834349,8.833617463300712,10.69748647004474,-6.871382172127802,22.22555248904381,21.69232043765991,13.802247991319934,6.657746001412576,5.42236014874517,7.200527649210407,-10.46546392537929,16.672124809688242
1,2015,5.284845960384686,11.717875810627422,3.5495618612517106,3.1844571204076217,4.835829922504075,0.7144526476051993,7.433548684441071,13.164898132196884,7.55619162095013,4.315118453085091,5.538903314553366,4.514685973356897
2,2017,15.799155663318777,8.833617463300712,28.28469795524368,15.951704344495024,22.22555248904381,21.69232043765991,24.667025161962243,25.34375146236697,29.58921907699206,16.559825908952895,16.461625586171095,25.24662852994982
3,2016,5.284845960384686,14.559476573289206,7.326380991351492,8.321350993103614,11.905741674438753,13.32306230254645,12.48459413399036,4.548901279482678,9.293804624507692,8.65665881659007,10.273876167580998,16.672124809688242
4,2018,21.844841912008768,8.833617463300712,7.326380991351492,22.075517718718405,-7.85010425656256,-6.695451943492508,-0.4419572265142477,1.0255137465216109,9.293804624507692,11.392637233958038,20.710815094783147,-6.845688044340598
