index,Total,Male,Female
All_ethnicities_races,3.0329762908873565,7.047730588274616,11.129580750378963
White_Hispanic)_(non-,5.530510564799469,11.128280671538644,11.128537492405966
Black_(non-Hispanic),5.02530091049756,7.048365144714259,11.12839568796535
Hispanic,7.028031321823825,8.540294825440453,8.54045088405361
