index,Medicaid,School_lunch,Food_stamps,Housing_assistance
Associate_degree,27.73310988481365,12.714826268287643,11.814945951924386,3.9335103928465216
college_degree_Some_no,21.761075131146605,10.80960340329284,8.714123108610337,2.756983620774264
High_school_diploma,45.58709584798859,23.69638737066623,22.70997739634621,8.767750753333047
Bachelor's_degree_higher_or,9.89980267581555,3.9067082898131176,2.7215209343820206,0.8345919403251827
Less_than_high_a_Associate_degree,18.73666816576403,9.896638457267663,6.823250560696593,2.76317142593458
