index,Other,Don't_know,Purchase_from_pet_store,Adopted_from_pet_store,Ad,Breeder,Stray,Shelter/_Rescue_organization,Family/_friend_neighbor
Dog,21.77741103283805,55.97142846169209,8.813657920331657,8.813842573060434,49.30809293025269,8.83046870476008,49.315350521104776,21.78971185901868,8.811569128663656
Cat,0.0,0.0,0.0,0.0,0.0,0.0,55.98178378672226,55.97106358790002,55.97136198670974
