Unnamed:_0,index,Both_within_and_outside_the_U.S,will_be_taking_vacation_outside_the_a_U.S,will_be_taking_vacation_within_the_U.S._a
0,2013,14.734216503440138,17.783438809557303,17.78787452455832
1,2014,14.773677164730302,14.793496578294366,17.84130584500678
2,2015,17.83249585150061,17.789465729801066,17.79723130287762
