index,In-store,Online_delivery_home,Click_and_collect
Use_often_most,85.25785220765194,12.782942367510245,0.0
Ever_used,95.35278686936188,12.810630812656996,9.861976691663967
