index,Unnamed:_1,Unnamed:_2,Unnamed:_3,Unnamed:_4,Unnamed:_5,Unnamed:_6,Unnamed:_7,Unnamed:_8,Unnamed:_9,Unnamed:_10,Unnamed:_11,Unnamed:_12,Unnamed:_13,Unnamed:_14
Federal,48.99595946865195,48.99595946865195,48.99595946865195,48.99595946865195,48.99595946865195,48.99595946865195,48.99595946865195,48.99595946865195,48.99595946865195,48.99595946865195,48.99595946865195,48.99595946865195,48.99595946865195,48.99595946865195
Provincial,41.65318902691981,41.65318902691981,41.65318902691981,41.65318902691981,41.65318902691981,41.65318902691981,41.65318902691981,41.65318902691981,41.65318902691981,41.65318902691981,41.65318902691981,41.65318902691981,41.65318902691981,41.65318902691981
