index,Health,Lifestyle_and_leisure,Entertainment,Education,Social_and_justice,Religion,Science_and_environment,Crime_and_police,Weather,Legal,U.S_policy,U.S_elections,Arts_and_culture,Business_and_economy,International_and_politics_news,Technology_and_media,Sports
Female,59.92904689830544,99.93052890911532,99.9091498026798,99.89118225578186,99.91283281964296,99.89828416896977,57.78811353963608,99.8829798395173,42.002284644387096,99.90331713637362,99.94653022384966,99.89485059937066,99.90970005421812,99.8697811392848,99.90457904656814,99.8664062631831,99.95396962464774
Male,41.753475572133205,99.92084448204088,99.93630288192408,99.8897295917207,99.92629564061384,99.90114547696903,99.91807121428776,99.89184255762784,99.94283253351216,99.91572347439092,99.94349283535811,99.88256164834816,99.92489433336291,99.8788566213235,99.90997151164368,99.91289884982754,99.97889235099004
