index,Today,In_5_years
Connected_medical_device_device,65.83666566527148,57.86599326403588
Other_medical_device,33.53238128408954,41.06454861044024
