index,Men,Women
Campers,56.12794587071974,42.97920812754097
German_population,48.87220373857718,50.08110415480934
