index,65_years_and_folder,45-64_years,35-44_years,18-34_years,Total
should_be_from_operating_in_United_States_Yes_banned_the,19.06658787504364,19.844362668290245,0.0,0.0,0.0
Don't_know/no_opinion,100.08883158589032,22.814108475770084,19.91480357308073,100.08536356066506,100.05321120631764
No_should_be_operating_in_the_United_States_not_banned_from,17.818647947687126,31.124631037333494,50.90826148074529,19.89480422967759,40.89853489364623
