index,All,Public,Private
Male,23.640737012618544,23.35344943878896,24.889023933930787
Female,75.29317412418808,75.51492182860426,74.06499059091514
