index,Distribution,Wholesale,Retail
2010/11,56.949075469137576,34.91354237077228,7.846726496945692
2011/12,55.814392305280975,35.786048725878665,7.82851640187598
