index,Mobile_downloads,Charity,VIP_access,Music,Fashion,Travel,Entertainment,Home_electronics,Discount_coupons,Gift_cards,Cash_back
Millennials,69.21362807827302,69.2493591071136,69.25051084881201,9.965182794384916,11.928761801972882,19.07454580552435,11.901444435492463,23.958598400647148,0.0,80.11079701066254,0.0
Non_millennials,0.0,0.0,0.0,9.9858222219098,0.0,34.93743014524383,34.94950180412497,0.0,0.0,0.0,0.0
