index,Online_shoppers,Facebook_users,Twitter_users
Trust_the_retailer_less,54.43633191507232,54.62003775666612,51.377377050640646
Trust_the_retailer_more,26.51043525787981,32.55458777852222,36.51515006906784
