index,Unnamed:_1,st,Unnamed:_3,Unnamed:_4,Q,5,Unnamed:_7,Unnamed:_8,Unnamed:_9,it,Unnamed:_11,of,Unnamed:_13,it.1,Unnamed:_15,Unnamed:_16,or,Unnamed:_18,Unnamed:_19,Unnamed:_20,Unnamed:_21,it.2,Unnamed:_23,Unnamed:_24,it.3,Unnamed:_26,Unnamed:_27
Facebook_fans,160.8700679290496,0.0,160.8700679290496,160.8700679290496,0.0,0.0,160.8700679290496,160.8700679290496,160.8700679290496,219.44998257983957,160.8700679290496,0.0,160.8700679290496,219.44998257983957,160.8700679290496,160.8700679290496,226.83188431634528,160.8700679290496,160.8700679290496,160.8700679290496,160.8700679290496,219.44998257983957,160.8700679290496,160.8700679290496,219.44998257983957,160.8700679290496,160.8700679290496
Twitter_followers,36.43392489648178,0.0,36.43392489648178,36.43392489648178,0.0,0.0,36.43392489648178,36.43392489648178,36.43392489648178,99.69963561303506,36.43392489648178,0.0,36.43392489648178,99.69963561303506,36.43392489648178,36.43392489648178,62.64095979584569,36.43392489648178,36.43392489648178,36.43392489648178,36.43392489648178,99.69963561303506,36.43392489648178,36.43392489648178,99.69963561303506,36.43392489648178,36.43392489648178
