index,Children_1.5-3_years,Children_4-10_years,Teenagers_11-18_years,Adults_I_9-64_years,Adults_65_years_and_over
Other,10.963232703533109,7.234735906637653,10.046095349926262,11.655465443566612,14.851891199804513
Soft_drinks,27.22303636242674,30.082040481277232,39.98313733134419,25.04235729442442,16.19504780129077
Cereals_cakes_and_biscuits,24.787449866954734,28.682308254449744,21.99257385054146,21.25054782963683,28.66943603770259
Sugar_and_sweets_jjams,19.57649953882646,22.63144740149486,21.653547230874885,26.076386542896643,26.686778130097277
Milk_products,17.49905060120824,11.405683604665953,6.744588556321034,5.874856425274743,7.341434869689678
Alcohol,0.0,0.0,0.0,10.222429834446077,6.367223569630738
