Unnamed:_0,index,Yukon_Territory,Nunavut_Territory,Prince_Edward_Island,Northwest_Territory,Newfoundland_J/Labrador,New_Brunswick,Manitoba,Nova_Scotia,Saskatchewan,Alberta,British_Columbia,Quebec,Ontario
0,2015,0.0,0.0,0.0,0.0,0.0,0.0,0.0,9904.209505189958,0.0,3790.569099814477,9960.252103347111,0.0,9973.42663440368
1,2016,0.0,0.0,0.0,0.0,0.0,9903.240296149435,9903.863010806725,9903.305120429744,9906.46602117746,0.0,3793.704472416408,0.0,0.0
2,2013,0.0,0.0,0.0,0.0,0.0,0.0,0.0,0.0,0.0,0.0,3778.077805199021,0.0,0.0
