index,Oxycodone,Morphine,Hydrocodone,"Dihydrocodeine""",Codeine,Buprenorphine
2014,61701.52316120526,61682.03236619151,0.0,0.0,23859.192408524665,0.0
2015,61694.14147715408,61699.170694601846,61710.59187309952,61701.05266788458,35660.047769130615,61717.35685475028
2016,0.0,0.0,0.0,35645.368752420414,35640.185827991394,0.0
2017,0.0,0.0,0.0,0.0,0.0,10111.102030319264
2018,0.0,0.0,0.0,0.0,19997.86872149157,0.0
