index,UK,Italy,Germany,France,Finland,Hungary,Slovenia,Austria,Greece
2014,3000.1734228315327,2644.526385487805,2644.969599206077,2999.179483156398,2999.8110783772736,3300.025369707797,3300.5198842124128,3300.6883096046463,3596.2739326340934
2017,1206.424293221829,1206.3703803791536,0.0,0.0,2400.652581986693,2400.46712598718,0.0,0.0,3604.350410810053
