Unnamed:_0,index,2075,2022
0,Asia-_P-cafic,68.13278962194313,76.88865436987149
1,North_America,19.92900011989292,22.77081846066335
2,EU,21.951379380725683,23.59267102604645
3,South_America,5.2662946947336025,5.565045993826857
4,Eastern_Europe,5.735882564312647,7.496442062328512
