index,Prescription_Drug_(Rx)_Carve-_Out_for_Actives_and_Retirees_Under_Age_65,Rx_Out_Age_65_Carve-_for_Retirees,Projected_Specialty_Drug_Biotech
2016,11.209316441054812,10.798469607474262,18.71235902191732
2017,11.516055832223708,9.794941621337124,18.554750828075868
