index,Appropriate,Inappropriate,Not_sure
18-29,16.799794591078815,60.332646567558655,20.72798233330463
30-44,19.72430569826696,60.36809329614621,17.782809355402165
45-64,25.747256929725594,58.466736377929486,13.816742578082524
65+,30.532437943153752,60.33091784709674,7.766119084644103
