index,Generation_(aged_18-21_Z_years),Younger_millennials_(aged_22-28_years),Older_(aged_millennials_29-37_years),Generation_X_38-53_(aged
BJP,49.7436892633783,46.812422026957165,50.81983511278664,51.999791853076914
Congress,14.816975718300824,14.755307418325309,15.567438469251243,18.570835059437044
Others,34.64938522063753,37.28943772522148,32.65365127775834,28.341692031589147
