index,Prison_sentence,Custody,Juvenile_detention,125_tention,Other_detention,Preventive_detention
Men,39286.47513092878,11507.034079037512,3351.06211065616,0.0,782.9689025653133,0.0
Women,2443.830927187438,0.0,0.0,0.0,0.0,0.0
