index,"Yes,_changed_significantly_it","changed,_but_It_not_a_lot","No,_it_change_did_not"
Moscow,28.649802087410297,42.57734729047405,26.75765400472706
Saint_Petersburg,19.736234220337657,50.46269517549344,28.63003842941072
Other_cities_with_million_inhabitants_over_one,17.747939349013727,45.43685964470259,34.47630020505817
