index,"March_March_2020_2_to_8,","March_23_March_29,_2020_to"
Food_delivery_apps,10.522195459794007,16.009033122369786
Ride_sharing_apps,23.6344366654909,5.7058964066243405
