index,Restaurant_and_nightlife,Travel_agencies,Travel_agencies.1,Experiences_and_culture,Average,Hotel_and_accommodation,Car_rental,Camping,Other
April_2_2020,71.44933493554166,57.62314971433808,57.62314971433808,58.62839699437937,63.45683800652054,60.44572901195402,58.85001353474562,52.64210742911923,57.6708378508829
April_17_2020,62.393208469934,61.446729198623714,61.446729198623714,59.472430415414046,55.6390428953566,53.62729941483112,53.657498845846646,45.6535802147322,47.67383697864375
