index,White,Black,Hispanic,Asian,American_Pacific_Two_or_more_indian/HastalliatondayMHa_races,Two_Pacific_or_more_lander/Native_races,Two_or_more_races,Total
Anywhere,17.405342625429565,25.09281662996889,23.124083184484448,7.187359568840932,15.865252398139232,29.3410498046428,20.01883920881261,19.487057879225677
On_school_property,4.325838640469257,6.513463205273396,7.568308462229165,4.339338341451871,20.692280303871936,12.375001701071191,7.966391286952522,5.779423892342855
