index,LDCs,Developing_countries,Developed,World
Total_population,17.265786812286038,40.80635037371336,80.05730491676375,47.2345973465776
Ages_15-24,29.68658259395147,66.52823651034676,93.17012713694535,69.69798857591114
