index,Low_income,middle_Lower_income,Upper_middle_income,High_income
Male,27.432140936867945,25.87817975835379,22.12451085226729,22.01577673337232
Female,27.842357308130246,24.4241228409058,18.451566624091303,14.92077452193331
