index,Apple_TV,Roku,Gaming_Console,Chromecast,TV_Smart,Amazon
Q2_'14,25.76387949169014,33.64286225232971,32.7666606068973,6.931551487764509,0.0,0.0
QI_'15,22.78264609625556,42.58147086549453,19.816320644723007,11.856968484187412,1.8563397261622117,0.0
Q2_'15,38.754936092214194,31.744500531482775,14.88508991467571,10.83506811317462,2.9494173281155582,0.0
Q3_'15,37.714229933164845,30.62522467847912,19.785219903563096,8.897905643467773,0.976862160294111,0.94368378392047
Q4_'15,43.67517039114672,33.670210948317454,14.852353491406738,4.860878174487638,0.9540856286418418,0.971968782619669
