index,Digital_advertising,Social_media
2016,21.85053465549195,3.9040988440391047
2017,24.63497484753496,6.9141228474212255
2018,36.59605224911115,17.82698361259021
