index,Zero_1_000_to_U.S_dollars,"001_OOO_I_to_10,_U.S_dollars","000_10,_to_100_'ooo_U.S._dollars",100_LOOO_to_500_LOOO_U.S_dollars,500_OOO_U.S_dollars_and_more,Prefer_not_to_answer
Android,54.507884550004704,14.92588429233173,7.804685272600309,2.8541761948368816,0.0,17.824726118281625
IOS,46.53129459140254,15.785289651165655,12.81648023575341,3.719033663828455,1.97477513518281,18.71427435365581
Windows_Phone,50.80142893903674,13.773412385457933,12.908527135013353,2.870581142852572,3.766324642253025,15.83903287205704
