index,All_other,Firearms,Mechanical_suffocation,"Fire,_flames,_smoke_or",Drowning,Choking,Poisoning,Falls,Motor_vehicle,Total
2017,14194.70077636378,14198.264863141318,14203.768397770968,123940.9434193916,64202.07067820187,123937.31749514632,64251.93978514739,64250.93914248746,64264.81884320312,123924.2191951595
2018,14254.447013385216,0.0,14202.312406484882,14201.997597558162,0.0,64268.1243369337,64271.88517929042,64271.82896341065,64290.14971862828,64267.983797234265
