index,Never_married,Married_separated,Widowed,Divorced
2017,2751027.016968604,2116612.827066442,512588.55907701375,285631.225253392
2018,2773777.939513567,2117775.197202817,526134.0372650689,287210.372006075
2019,2793772.2618252626,2118098.298312984,536402.4604586163,287077.63857703377
2020,2815123.926343744,2117032.7791236355,536547.578107113,276406.88702321146
