index,Tend_to_trust,Tend_not_to_trust,Don't_know
Belgium,20.69130853619197,77.14885532473065,0.0
the_Netherlands,39.41205042108886,54.169522939571,4.64839651119911
Luxembourg,26.50326107706077,54.142546915065566,17.61785979886892
