index,keeing_value_my_mouth_healthy,Regular_visits_the_to_keep_dentist_will_help_me_healthy,As_old_grow_accept_will_flose_some_of_my_teeth,need_to_see_a_dentist_twice_a_year,"It_is_easier_to_get_ahead_in_life_if_I_have_straight,_bright_teeth"
Strongly_agree,75.28059836327252,71.14987633017687,25.083201458423005,61.04083197085153,35.21369358247644
Somewhat_agree,21.61976543030164,24.061455686593987,33.92829586794724,24.050041452350406,46.985998664278455
Somewhat_disagree,3.3116648226045697,3.1453493711550493,23.60369928646979,10.491899142401778,13.439301826215
Strongly_disagree,0.0,0.0,17.618192302670266,4.494728023225804,5.1953383442675545
