index,(2A)_Corse-_du-Sud,Upper_Corsica_(2B)
Bouygues_Telecom,65.78238792675388,58.204962230770285
free_mobile,0.0,4.566486429985858
Orange,58.49841149443252,46.76624927637166
SER,62.672746670715725,54.02323499642597
