index,Unnamed:_1,Unnamed:_2,Unnamed:_3,Unnamed:_4,Unnamed:_5,Unnamed:_6,Unnamed:_7,Unnamed:_8,Unnamed:_9,Unnamed:_10,Unnamed:_11,Unnamed:_12,Unnamed:_13,Unnamed:_14,Unnamed:_15
2G,198.79425189492213,198.79425189492213,198.79425189492213,198.79425189492213,198.79425189492213,198.79425189492213,198.79425189492213,198.79425189492213,198.79425189492213,198.79425189492213,198.79425189492213,198.79425189492213,198.79425189492213,198.79425189492213,198.79425189492213
3G,197.0671586542649,197.0671586542649,197.0671586542649,197.0671586542649,197.0671586542649,197.0671586542649,197.0671586542649,197.0671586542649,197.0671586542649,197.0671586542649,197.0671586542649,197.0671586542649,197.0671586542649,197.0671586542649,197.0671586542649
4G,1679.1634539579131,1679.1634539579131,1679.1634539579131,1679.1634539579131,1679.1634539579131,1679.1634539579131,1679.1634539579131,1679.1634539579131,1679.1634539579131,1679.1634539579131,1679.1634539579131,1679.1634539579131,1679.1634539579131,1679.1634539579131,1679.1634539579131
5G,360.0672851657124,360.0672851657124,360.0672851657124,360.0672851657124,360.0672851657124,360.0672851657124,360.0672851657124,360.0672851657124,360.0672851657124,360.0672851657124,360.0672851657124,360.0672851657124,360.0672851657124,360.0672851657124,360.0672851657124
