index,Social_networks,Console_PCJ_Mac,PCJ_Mac,Casual_websites,MMO_games,Mobile_devices,PCI_Mac_download,PC/Mac_boxed
2011,19.695089504637828,18.785094449745078,0.0,16.74744748609116,13.802581374322465,8.82314562664582,9.843692618110325,10.856289309512832
2012,19.676230084156995,19.69505730154296,18.769889436470315,18.77809864941508,11.848313375787315,9.831968115329332,0.0,0.0
