index,All,Blacks,Whites
Approve_(strongly/somewhat),40.713662785314966,8.703416586547021,50.53051483103657
Disapprove_(strongly/somewhat),40.75274237082933,85.16113976427019,30.553663355054667
No_opinion,17.71708150838586,4.872587116761039,17.72936965423922
