index,Conservative,Labour,Lib_Dem,UKIP
Both_Iraq_Syria_and,60.85551974400728,46.87023231212719,45.78584324309091,60.86174858589291
Iraq_only,6.899480528653143,4.792412303765602,7.934538120923435,4.827154342985224
Syria_only,1.921764141157567,1.959715698142673,2.9988783032587207,0.0
Neither,10.827835176800091,22.94504854866151,20.88127315229969,21.90188395225764
Not_sure,18.787669052556797,21.95849826069397,20.889491102726403,10.796738515783275
