index,risk_Operational_management,Market_risk_management,Credit_risk_manag_ement
Director,152875.79519783944,175099.6691378256,174957.2989379423
Vice_President_(VP),97955.33654869844,99939.78974572348,110053.39853720902
Associate,61185.91291434254,71811.8944588913,78143.43774785887
Analyst,40279.2718301306,42079.14651921712,43634.47810895351
