index,Ethiopia,Philippines,Uganda,Burkina_Faso,Senegal,Peru,Venezuela,India,Kenya,Indonesia,Ukraine,Vietnam,Jordan,South_Africa,Tanzania,Poland,Mexico,Ghana,Russia,Global_median,Nigeria,China,Brazil,Argentina,Malaysia,Chile,Lebanon
Several_times_day_a,24.78600973205813,24.804823086209232,24.79424251375371,24.775979390741064,24.77115142278189,28.664156702518568,28.655537104195574,24.775040274437096,28.653474771695443,39.66210636753951,38.67309692424932,39.65595867226331,28.649703826712766,88.40378774151218,49.504839551772605,49.506860513510446,49.48898834420143,49.49694601032779,49.51259656970187,49.50107688094239,49.496106183853314,49.48510776669869,49.48588967410595,49.48118788697177,88.39896184209111,88.41474065082829,69.46115823240936
Once_day_a,15.72472060255688,15.726559532940648,24.78627243639867,0.0,0.0,0.0,0.0,0.0,0.0,0.0,0.0,0.0,0.0,0.0,0.0,49.55051494187822,0.0,0.0,0.0,0.0,0.0,0.0,0.0,0.0,0.0,0.0,69.44656883308801
