index,Search,Display_advertising,Social_media,Social_media.1,Analytic,Mobile_applications
2014,33.641699184474675,20.566133468250975,13.903473584097828,13.903473584097828,9.241274469644091,2.924148643605342
2017,30.250921925260023,17.55802143145032,14.882676077975235,14.882676077975235,12.46973690749858,7.218275291065382
