index,Brokers,Bancassurance,Agents,Direct_writing
2012,0.0,7.260479239574515,42.013556616312826,67.08007121129623
2013,7.495389750754178,7.488593051900125,7.4999905688730095,7.24765605057096
2014,0.0,0.0,67.0695948010598,67.070118228608
2015,0.0,0.0,42.03851295019484,0.0
2016,0.0,39.96215760293446,67.08317248022291,67.08081784218328
