Unnamed:_0,index,and,go,th,the,Subject:,you
0,Local_government,-3598999.6377201,1112098.440488231,-4421949.250920469,-3555984.9849571995,1112098.440488231,-3659889.422779221
1,Provincial_territorial_and_government,-1492070.2694892709,-2098363.975285251,-4421949.250920469,-1622013.8776689677,1112098.440488231,-1802198.377071455
2,Federal_government,-1492070.2694892709,-3083352.20652659,-4421949.250920469,-1622013.8776689677,1112098.440488231,-2840795.7773394994
3,Canada_Pension_Plan_(CPP)_Quebec_Pension_Plan_(QPP)_and,-3598999.6377201,-4477400.709328388,-4411047.544076795,-1622013.8776689677,1112098.440488231,-3659889.422779221
