index,Pubs,Restaurants,Hotels
Summer_2014,249.6824288883959,274.9898215570379,325.6281197435217
Summer_2015,236.2055244491183,271.2704173290806,329.183081674484
