index,PC,Laptop,Tablet,Smartphone
2013,38.65901541474435,62.488307704728726,15.694367354842475,18.600513928320595
2016,29.709512578647647,60.31240019876843,38.62685767141089,24.70277137992692
