index,Total,Lowest_20_percent,Second_20_percent,Third_20_percent,Fourth_20_percent,Highest_20_percent
Housing,32.53334954081845,40.21158526985302,36.55164632594955,33.94429302012368,31.65797723473364,29.943220998434967
Healthcare,7.936057591746604,9.874858602085013,9.803612480323906,8.762244922040821,8.409182531736334,7.092839470571278
Transportation,17.16296378435294,16.127370142644182,18.02279242252655,18.7609485387562,18.11767086800458,16.000408635529112
Personal_insurance_Apparel_and_services,11.126175594954248,0.0,4.760351749842641,8.243381252099354,12.115028315144642,15.727217680211012
Food,13.163398282890237,15.61294197860417,14.584182636804812,14.562690477014089,13.17393745872021,11.773630141525617
Apparel_and_services,2.849592706114436,2.427883426370101,5.642461369556202,5.3543797872832215,3.2643319051564674,2.352150072691217
Cash_contributions,3.3735707859218564,0.0,2.4004298431958238,0.0,0.0,0.0
Entertainment,5.125944767606328,3.704294002918005,0.0,4.409300208423517,7.176667945807935,5.437393577762464
