index,Northeast,Midwest,South,West
Ever_told_had_asthma,568.4455213582473,472.02705263952487,550.1885630993829,425.35450449202847
Still_have_asthma,390.03603561038426,297.69409022506574,354.4623061161426,268.52018575269653
