index,18_to_34_old_years,35_to_54_years_old,Over_55_old_years
Very_familiar,25.662451002043667,22.046681585702515,7.098849210391904
Somewhat_familiar,40.9775330168565,36.32057056081764,28.562341445359664
Not_familiar_very,20.361845876285955,24.35608383741487,32.21742546122863
Not_all_familiar_at,13.462948439985295,15.617058023562777,30.505519655818347
