index,Mexico,Canada,United_States
1994,17.84110704509666,31.725718988312785,10.796468589515989
2018,38.74436484022767,33.60385671696911,14.8321747946745
