index,Light,Moderate,Heavy,Binge,Any_ption_consum
Male,31.93358759947916,18.9186954370888,3.9925606287250446,30.97223435012217,66.11217479176727
Female,25.855899959317668,4.927206557264938,1.823634986222601,14.75615506496949,49.95819443951668
Total,29.01799674136861,11.805643208356628,2.8025700648950505,23.018761856107325,57.915214918744695
