index,Instagram,Facebook,Youtube,Snapchat,TikTok
Active_duty,402.0801871508204,392.654555691251,382.8915159178883,361.3952849053304,334.638623260793
General_population,275.4753345456944,302.3529279852163,209.74212179203215,258.2745795814161,235.53452551180385
