index,-500_Glass,Glass,Chemicals,Electronics,Ceramics_JOther,Corporate_or_elimination,Total
FY_2018,2290.450885199769,0.0,1423.0745356958578,713.909143574354,224.82671990711788,196.74918845013235,4515.866421971519
FY_2019,0.0,2196.309248576842,1394.5862184473526,806.9381457322934,225.9278839137041,198.5995167710944,4522.145781042928
