index,Support_Israel's_action,Oppose_Israel's_action,Stay_neutral,Don't_know
Total,38.65017994464967,4.904764516008626,50.572399796031696,3.844224814971668
Republicans,61.42935241494482,2.758102324313896,33.63595636249723,1.921835440997896
Democrats,32.598038774830776,6.768354222947032,56.42380711608087,3.8348461566562255
Independents,32.65387139857014,5.979649171006663,57.48265318296176,2.734671596139563
