index,2011_operating_revenue,Market_cap,Total_assets
Progress_Energy,8.687851769250557,17.66098738794335,34.488272665630674
Duke_Energy,14.309883533439034,30.78003907704056,61.745638181112334
Total,22.844423761999323,48.64112455698272,96.9580867815212
