index,Store_website,3rd_party_website,DIY_videos,Mobile_coupons,Social_media,QR_codes
Non_Hispanic,31.712601461581254,22.775244801555,17.82651171481006,15.876015114398754,14.827564102089262,11.867887988249096
Hispanic,39.61324981169111,28.74895717133069,30.65974921512559,22.755875724509867,22.745409402811674,17.847175406560012
