index,God,Angels,Heaven,Hell,The_Devil
Yes,78.30292769550519,71.40868558280411,70.25089019807085,63.38233943108149,60.43207406502594
No,10.930706793191147,15.620638729567048,14.67542306535958,21.53972078079013,26.601835710856705
Not_sure_about,9.631267487913917,11.76713723069652,13.801789810685705,12.60293016582689,11.833956586771308
