Unnamed:_0,index,Jan,Jul,Jun,Nov,Aug,Feb,Oct,Apr,Sep,Dec,Mar,May
0,2019,2.6013108574336807,2.8793991438149544,3.059280218395929,2.622352933633684,2.8617647644826985,2.675441685054787,2.304353206936226,2.851754243801105,2.609751001143782,2.539857311692579,2.7858378797265835,2.951813219764138
1,2016,2.8527431700455583,2.791226833146038,2.720663233335826,2.864147884448283,2.7601728102381324,2.8675369509723243,2.7320982622978165,2.772012232660677,2.790820553650689,3.0264140380559845,2.71847488096346,2.4054282036435715
2,2020,2.6013108574336807,2.8793991438149544,3.059280218395929,2.622352933633684,2.8617647644826985,2.675441685054787,2.304353206936226,2.851754243801105,2.609751001143782,2.539857311692579,2.7858378797265835,2.951813219764138
3,2017,2.8527431700455583,2.616132606876431,2.753784074373942,2.741927217629756,2.7292646560213223,2.8675369509723243,2.765471049984033,2.851754243801105,2.7494398462283627,2.730882781873722,2.96605416249173,2.802743973622883
4,2018,2.8308868788243053,2.9234568246240933,2.9904277121532545,2.864147884448283,2.9022870040673663,2.5244177708523496,3.0246435573928294,2.851754243801105,2.843884878621154,2.95159374971519,2.7858378797265835,2.929035347540868
5,2015,2.68777276454779,2.9234568246240933,2.8640027517707667,2.864147884448283,2.9751809148689032,2.8675369509723243,2.881544485393825,2.6472381047339844,2.95230303680065,3.0264140380559845,2.88688371189588,2.719297790145106
