index,Republican,Democrat,Toss_up
Safe_for_election_or_not_up,41.5536466095618,43.55231737996652,0.0
Leaning,2.947652131553532,0.0,0.0
Likely,0.7675984105111979,0.0,0.0
Toss_up,0.0,0.0,7.748502402458151
