Unnamed:_0,index,June,January,May,April,February,March
0,Rural,110.68798926743938,108.49652540024566,109.38667653215656,108.4986972222541,108.4017139216104,108.3938974837286
1,Urban,111.88243020043224,110.49578137381914,111.28820545297216,110.48986171413466,110.49744590092598,110.49540483445274
2,All_India,111.09907589211278,109.20277536395643,109.99149092353136,109.19654481698544,109.10135625035916,109.09805499312642
