index,Cable_TV,Netflix,Satellite_TV,Amazon_Prime,Hulu_Plus
18-36,45.47844430070104,42.576028963672016,15.687928924397276,16.773580358719904,7.789712401307611
37-48,47.3924519237989,30.52451683843969,29.702669625687008,14.64069570402021,4.919743419851926
49-67,54.37733961019402,20.703171226829944,27.591943457720305,9.969227767043812,2.677121497522151
68+,62.332722613614486,12.744581408562432,24.66646384383797,5.928215179500988,0.8863076872103335
