index,Cannot_be_determined,Insignificant_injury,Emotional_injury_only,"Quadriplegic,_brain_damage_lifelong_care",Minor_temporary_injury,Major_injury_permanent,Major_temporary_injury,Minor_injury_permanent,Significant_injury_permanent,Death
2010,0.0,0.0,0.0,0.0,0.0,7423.985966500681,7740.906757536108,7735.797230507822,0.0,0.0
2011,7739.2419491867,7740.173607967405,7742.683331576303,7738.994229707856,7741.363829167105,7740.455524411343,7744.947837923315,7742.90102445165,7742.011069286913,7746.012114202793
2012,0.0,0.0,0.0,0.0,0.0,7456.406357553467,0.0,0.0,0.0,0.0
2013,0.0,0.0,0.0,0.0,0.0,7488.113616773226,7487.22449568081,0.0,0.0,0.0
