Unnamed:_0,index,Unnamed:_2,CONTERTICALLY,the
0,Somewhat_badly,907515853.1388712,3217959305.7150564,3217959305.7150564
1,Somewhat_well,-184893940.2998564,3217959305.7150564,3217959305.7150564
2,Very_badly,1111204928.8609977,3217959305.7150564,3217959305.7150564
3,Don't_know/refused,-1673984604.2259784,3217959305.7150564,3217959305.7150564
4,Very_well,-2071813670.035496,3217959305.7150564,3217959305.7150564
