index,Unnamed:_1,Unnamed:_2,on,Unnamed:_4,Unnamed:_5,>_Go,a,Unnamed:_8,Unnamed:_9
January,45.09702825742455,45.09702825742455,55.61098106442941,45.09702825742455,45.09702825742455,51.44865238375078,43.23683318761034,45.09702825742455,45.09702825742455
March,75.95318744531481,75.95318744531481,53.33180140307893,75.95318744531481,75.95318744531481,53.3917992264544,40.252657222833406,75.95318744531481,75.95318744531481
June,58.71759059543183,58.71759059543183,45.54801210483279,58.71759059543183,58.71759059543183,54.38957090554394,36.63230304564279,58.71759059543183,58.71759059543183
October,49.03895026437986,49.03895026437986,0.0,49.03895026437986,49.03895026437986,57.178650801603546,32.50508665647283,49.03895026437986,49.03895026437986
