index,Women,Men
Very_useful,268.3670352447282,188.0337692449566
Not_useful_all_at,0.0,35.2637338509235
Somewhat_useful,391.0294130562703,167.7347291873424
Neither_useful_useful_or_not,38.16210994106848,179.52215420556644
Not_useful_very,0.0,50.202264164200216
