index,fashion_Luxury,Beauty,Clothing_(mainstream),Sports,Entertainment_and_Electricals
International_consumer_searches,62.15421092633471,39.01163256182544,28.895041059169003,28.07788171446792,15.676317813414371
UK_consumer_searches,36.78296088751021,59.92454963742847,70.02701230526128,70.73241077804751,83.29335628205853
