index,Cinema-_goers,Digital_buyers_and_renters,"Total_buyers_of_retail_and_cinema,_rental,_digital_film",Video_renters,UK_population_aged_13+,Video_buyers
Black_Asian_Chinese_mixed_and_other,98.69938404470146,7.586555975601882,98.69609884162116,98.68174939903088,98.70408877997696,136.1023377261771
White,19.5937542205734,10.163339485991443,19.51274354609687,19.567926846233437,19.476225066423964,19.48359852222643
