index,Attack_on_Internet_or_telecommunications_traffic,Customer_impersonated_fraudulently_(e.g._identity_theft),Denial_of_service_attack,Organisation_impersonated_in_the_Internet_(e_g._phishing_attack),Actual_penetration_into_the_organisation's_network
Several_dad_a,6.6032423556996775,0.0,0.0,5.448223411221846,5.077031401134263
One_fonly,57.22531879205374,41.85141892024532,31.79769159449748,27.213401667468677,19.831567271805923
A_few_times,24.724927054490266,36.04244514319652,34.93593340595108,41.93067409608888,46.99403426083608
Hundreds_of_times_day_every,3.9162709595427856,0.0,2.511707975073193,3.0464552552676025,0.0
Roughly_month_one_a,6.640013267361468,13.256420256761729,3.558391342272671,9.171964241449372,22.269747495852386
Roughly_week_one_a,5.705873094197628,7.025741960092233,15.488145813762571,11.839290711207552,0.0
Roughly_day_one_a,0.0,0.0,0.0,0.0,5.269244903770471
