index,Unnamed:_1,st,Unnamed:_3,Unnamed:_4,5,Unnamed:_6,Unnamed:_7,Unnamed:_8,it,Unnamed:_10,of,Unnamed:_12,it.1,Unnamed:_14,Unnamed:_15,or,Unnamed:_17,5.1,Unnamed:_19,Unnamed:_20,it.2,Unnamed:_22,Unnamed:_23,it.3,Unnamed:_25,Unnamed:_26
Facebook_fans,87.36013791660707,0.0,87.36013791660707,87.36013791660707,0.0,87.36013791660707,87.36013791660707,87.36013791660707,190.8389507078467,87.36013791660707,0.0,87.36013791660707,190.8389507078467,87.36013791660707,87.36013791660707,189.52228083751044,87.36013791660707,0.0,87.36013791660707,87.36013791660707,190.8389507078467,87.36013791660707,87.36013791660707,190.8389507078467,87.36013791660707,87.36013791660707
Twitter_followers,18.432414345649136,0.0,18.432414345649136,18.432414345649136,0.0,18.432414345649136,18.432414345649136,18.432414345649136,131.71710666467328,18.432414345649136,0.0,18.432414345649136,131.71710666467328,18.432414345649136,18.432414345649136,82.51154553235953,18.432414345649136,0.0,18.432414345649136,18.432414345649136,131.71710666467328,18.432414345649136,18.432414345649136,131.71710666467328,18.432414345649136,18.432414345649136
