index,16-24_years,25-34_years,35-44_years,45-54_years,55-64_years,65-74_years,75_years_and_pover
Men:_8_Tunits_more_than,16.92861845253042,24.932542563363885,17.94955927501081,22.9614215440448,20.96237127383948,12.969662608490442,4.959189679027304
than_Women:_more_6_units,12.967711345457738,18.89255462205431,14.93971877925186,16.916595736720513,10.966414820389549,5.990953104213418,1.9290796470746516
