index,Unnamed:_1,Unnamed:_2,Unnamed:_3,Unnamed:_4,Unnamed:_5,Unnamed:_6,Unnamed:_7,Unnamed:_8,Unnamed:_9,Unnamed:_10,Unnamed:_11,Unnamed:_12,Unnamed:_13,Unnamed:_14,6
Men,270.06004172328466,270.06004172328466,270.06004172328466,270.06004172328466,270.06004172328466,270.06004172328466,270.06004172328466,270.06004172328466,270.06004172328466,270.06004172328466,270.06004172328466,270.06004172328466,270.06004172328466,270.06004172328466,267.766510142919
Women,173.52764474760852,173.52764474760852,173.52764474760852,173.52764474760852,173.52764474760852,173.52764474760852,173.52764474760852,173.52764474760852,173.52764474760852,173.52764474760852,173.52764474760852,173.52764474760852,173.52764474760852,173.52764474760852,156.40440953033865
