index,Unnamed:_1,Unnamed:_2,Unnamed:_3,Unnamed:_4,Unnamed:_5,Unnamed:_6,Unnamed:_7,Unnamed:_8,Unnamed:_9,Unnamed:_10,Unnamed:_11,Unnamed:_12,Unnamed:_13,Unnamed:_14,6
Men,42.53171736302564,42.53171736302564,42.53171736302564,42.53171736302564,42.53171736302564,42.53171736302564,42.53171736302564,42.53171736302564,42.53171736302564,42.53171736302564,42.53171736302564,42.53171736302564,42.53171736302564,42.53171736302564,42.86555218682939
Women,23.14268040292341,23.14268040292341,23.14268040292341,23.14268040292341,23.14268040292341,23.14268040292341,23.14268040292341,23.14268040292341,23.14268040292341,23.14268040292341,23.14268040292341,23.14268040292341,23.14268040292341,23.14268040292341,9.50496017351061
