index,1.5-3_years,4-10_years,11-18_years,19-64_years,65_years_and_pover
Sugars_including_table_sugar_preserves_and_sweet_spreads,3.9691027413659583,5.968837986240882,5.965396329394682,10.940670805123212,13.923218776810552
Sugar_confectionery,3.9314314584212617,8.910420814450358,6.928585700331233,1.9651005769888168,0.9606368886655154
