index,xo__xo_9_o_<,>_o_<_xo,o_6_xo,o,Unnamed:_5,>_o_6,to,no_<0_o,Unnamed:_9,is_o_5,Unnamed:_11,of,Re:_xo_>,Re:,of_to_of,Unnamed:_16,a_x_6,Unnamed:_18,<or,"co,_o_6",<9),Unnamed:_22,of_xo_5,of.1,Jox,for,10__5_the,10_the,or__of,of.2,2_0_of,2_of,of_ro,of_a,of_x_5,of.3,>to
2013,0.0,1916.824562798335,0.0,0.0,1884.0009296699088,1876.7045218684675,0.0,2172.1803081185,1884.0009296699088,2452.845402038848,1884.0009296699088,2406.448213000416,2439.1766276669678,0.0,2328.6019607967296,1884.0009296699088,2375.962357280777,1884.0009296699088,2575.476227163107,2761.480567342554,0.0,1884.0009296699088,2123.640469159656,2406.448213000416,1741.317940776462,0.0,1249.5298295284647,0.0,954.7977322996268,2406.448213000416,731.7341791359463,0.0,451.1957304604566,0.0,193.05519692280225,2406.448213000416,0.0
2063,0.0,0.0,0.0,2560.9547081425158,2910.177094612676,0.0,2685.445576668569,0.0,2910.177094612676,0.0,2910.177094612676,2478.977241145914,0.0,3065.7837616874217,0.0,2910.177094612676,0.0,2910.177094612676,3175.614035951771,0.0,3066.638382561982,2910.177094612676,0.0,2478.977241145914,0.0,2822.5416340379265,0.0,2758.559283694495,0.0,2478.977241145914,0.0,2143.079576132437,0.0,1555.0218474773792,0.0,2478.977241145914,299.3241599960975
