Unnamed:_0,index,Crew_person_(fast_food),Waiter_/waitress,Bartender,Dishwasher/bus_person,Host/hostess,Shift_crew_supervisor_or,Chef_cook_or,Business_operations,Restaurant_manager
0,30_39_to_hours,99.87505512273997,99.9453079865586,99.99065733653757,99.93732245350034,100.01894171176193,99.99550813765472,100.0442349305539,98.95097580068985,40.02719046658622
1,40_49_hours_to,0.0,0.0,0.0,0.0,98.94282618133587,99.93163071011764,100.00719928622462,98.89779816701936,98.88744705653114
2,20_29_to_hours,34.8523667738925,0.0,0.0,0.0,0.0,0.0,0.0,0.0,0.0
