index,Off-trade,On-trade,Manufacturers,Total
Before,145246.8586987205,176340.18604873234,77567.3603189044,346323.4241930692
After,142523.4906774856,174891.56724707366,23178.011219923734,342707.80163394165
