index,Female,Male
0-14,519.7947927288078,545.0600500481264
15-64,1699.542855966395,1712.461672593466
65+,255.6967460128144,211.43046194814636
