index,Average_basic_lifetime_cost,Minimum_cost_annual,Minimum_monthly_cost,Initial_set_up
Small_Dog,9194.240667639271,801.3719655604655,0.0,0.0
Medium_Dog,10690.908138896262,885.8136724158903,0.0,0.0
Large_Dog,25308.545526051035,1197.9122463346794,0.0,386.1055401941776
