index,Anxiety,Depression,Frequent_mental_distress,Any_mental_illness
Served,9.872556957853297,16.18742665478491,11.270019401776567,17.912543075964336
Did_not_serve,10.377013384263163,16.93884445614095,11.570225770624816,18.430934844456825
