index,Other,African_American,Hispanic,White
Very_interested,23.97825753780332,32.09742572956766,50.08187874861712,0.0
Somewhat_interested,27.809687128519045,17.89293749911456,2.61228947534493,57.03078615189845
Not_very_interested,12.450496037751163,0.0,0.0,0.0
Not_interested_at_all,35.948247994405335,100.44139825591505,100.44467598167564,50.18189446109423
