index,Belgium,Spain,ULK,Italy,France,Netherlands,Ireland,U.S,OECD_average,Canada,Portugal,Germany,Austria,Hungary,Slovenia,Norway,Israel,Australia
Number_of_COVID-19_deaths_million_per_population,294.9123445884137,781.4225173607746,323.9365919804899,294.9131753579002,294.9014522773699,172.8564301096709,323.9831843025182,292.0274975469224,262.4507192156059,172.9153455124141,172.8303070247099,98.35865334112418,172.76398392737974,98.15823020253242,98.25612254034549,98.27010716003304,98.16993020613243,172.93593013413238
Number_of_LTC_deaths_million_population_per,0.0,0.0,0.0,0.0,0.0,0.0,0.0,0.0,0.0,0.0,0.0,0.0,0.0,0.0,0.0,781.2688480827225,0.0,0.0
