index,Married,Not_married
Obama,39.56212843374868,58.43969747570127
Romney,55.406925653391625,34.37405188804937
