index,The_lowest_negotiable_rate,The_highest_level_of_service,global_footprint,Perks_such_as_elite_status
Air,52.43012698628925,25.72180524355537,16.784756043609086,2.8900982012874863
Hotel,58.46874230166708,29.753818850547788,6.75856181932415,3.8557197937308274
Car,62.45507515482601,22.55893063909452,7.786616692882106,5.923764940733584
