index,Remodel,Decorate
Under_budget,3.9041903056773535,5.854476824741568
Stuck_budget_to,32.7687126883756,35.755029336131045
Over_budget,40.67240807156989,22.70849407860601
Had_budget_no,19.791849744271044,30.66143538923828
