index,Tumbir,Vine,WhatsApp,Foursquare,Pinterest,Instagram,Linkedin,Google+,YouTube,Twitter,Facebook
Currently_use,27.781605177481936,55.86516705082912,27.77442752744288,27.776651235229323,55.8541514871011,55.84950647046088,55.85817865251658,55.85423776362348,55.85830110951608,55.850051960731385,55.861128752959154
Plan_in_12_months_to_use_the_next,19.96181011483684,19.96331299619437,19.95619379154145,19.9796470900599,0.0,0.0,0.0,0.0,0.0,0.0,0.0
