index,Versace,Valentino,Dolce_&_Gabbana,Celine,Hugo_Boss,Guess,Givenchy,Escada,Dunhill,YSSL,H&M,Samsonite,Pierre_Cardin,Louis_Vuitton,Kenzo,FCUK,Christian_Dior,Mango,Franco_Leone,Goldlion,Giorgio_Armani,Marks_&_Spencer,DKNY,Lacoste,ZARA,Polo_Ralph_Lauren,GAP,Gucci,Red_Tape,Provogue,Burberry,Calvin_Klein,Tommy_Hilfiger,Van_Heusen,Allen_Solly,Lee_Cooper,Bata,Jockey,Levi's
2012,0.0,0.0,0.0,0.0,0.0,0.0,0.0,0.0,0.0,0.0,0.0,0.0,0.0,0.0,29.83876031756969,29.83607072357088,0.0,0.0,0.0,0.0,0.0,0.0,0.0,0.0,0.0,0.0,0.0,29.839228146478757,29.84578366240115,13.007269250568491,4.955733589507663,4.953313377136983,4.95793424318456,4.955850124506668,12.998557837164466,12.991002484728847,13.001657837029352,29.83123367665557,29.834206163586767
2013,0.0,0.0,0.0,0.0,0.0,0.0,0.0,0.0,0.0,0.0,0.0,0.0,0.0,0.0,0.0,0.0,0.0,0.0,0.0,0.0,0.0,0.0,29.832104311322063,29.81873065350125,29.818609896219677,29.823801614871083,0.0,29.84446208795589,29.848300987271,29.844879249474072,29.843056067859177,29.839631796692704,4.9651813689923685,4.966331518765177,0.0,0.0,29.83615432476581,29.84333980524806,29.845282899688023
