index,Unnamed:_1,Unnamed:_2,Unnamed:_3,Unnamed:_4,Unnamed:_5,of,Unnamed:_7,Unnamed:_8,recho,Unnamed:_10,Unnamed:_11
2018,517.6199458847918,517.6199458847918,517.6199458847918,517.6199458847918,517.6199458847918,570.2445494476069,517.6199458847918,517.6199458847918,217.2826920242278,517.6199458847918,517.6199458847918
2019,2518.825086663656,2518.825086663656,2518.825086663656,2518.825086663656,2518.825086663656,546.6573625751503,2518.825086663656,2518.825086663656,346.250819571304,2518.825086663656,2518.825086663656
