index,France,Spain,Italy,Germany
Natural_cork_stoppers,108.39617455529556,58.79921140668982,36.52313720017025,14.500234073201838
Champagne_stoppers,32.671743413254035,16.469406655627708,22.10649244657561,4.976308464576846
Other_of_type_stoppers,33.45578465819999,15.281259863770783,16.760912132201227,2.4114045639883983
