index,Other,Machinery,Minerals,Electric_machinery_and_equipment,Metals,Chemicals,Agri-forestry--ishing,Transport,Manufacturing,Processed_foods
EU_import_tariffs_US_applied_to_goods,0.6559429414198163,0.652211101296869,0.6569207516331561,1.879786264104303,1.8825555405349093,1.882690218137058,3.993673202003189,3.9946530450859954,4.134386393598087,2.3490284408602697
US_import_tariffs_EU_applied_to_goods,0.6576109108169996,0.6562890374464718,3.005812990239177,3.007543470372452,2.350580536697868,2.350040301637171,3.9913171062916297,3.993481604055981,3.004324421572404,3.004161792015092
