index,Can,can,Unnamed:_3,Unnamed:_4,Unnamed:_5,Unnamed:_6,Unnamed:_7,Unnamed:_8,Unnamed:_9,Unnamed:_10
2014,547.0631853439955,346.8194304010152,167.29198987589746,167.29198987589746,167.29198987589746,167.29198987589746,167.29198987589746,167.29198987589746,167.29198987589746,167.29198987589746
2015,557.6799080106327,356.2635210258727,180.12406956640973,180.12406956640973,180.12406956640973,180.12406956640973,180.12406956640973,180.12406956640973,180.12406956640973,180.12406956640973
2076,574.5298572057114,361.8720467489677,216.66166720264695,216.66166720264695,216.66166720264695,216.66166720264695,216.66166720264695,216.66166720264695,216.66166720264695,216.66166720264695
2017,607.6322016200113,383.3591553867524,300.7425201264316,300.7425201264316,300.7425201264316,300.7425201264316,300.7425201264316,300.7425201264316,300.7425201264316,300.7425201264316
2018,627.5177398113977,385.4015958936605,191.6207287316644,191.6207287316644,191.6207287316644,191.6207287316644,191.6207287316644,191.6207287316644,191.6207287316644,191.6207287316644
