index,Under_I_I_years,12_years_to,13_14_years_to,15_years,16_old_years,17_old_years_and_over
Men,6.9191188972244575,6.924503182214437,35.66011948860923,31.658842627540608,15.772271437554997,1.9363559020004857
Women,9.783722480910363,4.942399923964132,24.77410383900569,28.780419887478164,19.77936919879161,10.792070934904151
