index,California,Texas,Florida,Jersey_New,Georgia
2017,275.37123861294884,271.95959812408734,261.8566651904129,103.40162570194911,95.14432261729942
2078,277.4947867470351,275.2730778047205,265.0027389647381,102.50668526767618,95.14451337514532
