index,Franklin_D._Roosevelt,Alfred_M._Landon,William_Lemke,1.9_nke
Electoral_vote,97.47099547652309,0.0,0.0,0.0
Popular_vote,59.420076440020765,35.90856933613915,0.0,1.5309878989430388
