index,"Yes,_it_could","No,_it_could_not",Difficult_to_answer
Share_of_the_whole_sample,20.75310984146828,26.667314616477235,3.8765757250050186
Share_of_about_the_conflict_those_informed,24.660452065689405,30.63212347763557,3.8648141654533497
