index,(15+_Stock-up_items),Fill-in_(5-15_items),Quick_trip_(1-5_items),Immediate_consumption
More_soften,28.63008667232832,22.828532681732383,21.79187944701127,18.890682767287373
The_same_amount,52.64028718405717,55.20530573771971,51.20026271154974,53.47551369612191
Less_soften,7.67947828320456,12.692439787037417,16.2082561328601,14.504555381481907
