Unnamed:_0,index,2020,2021
0,Scenario_B_(more_impact)_severe,1.2993278179558083,-6.825591001525166
1,Scenario_A_(best_case),1.2993278179558083,-4.817506744227734
