index,Prevent_from_developing_Iran_taking_nuclear_weapons_even_if_it_means_military_action,"Avoid_military_conflict,_if_even_Iran_may_develop_nuclear_weapons",Other)_Don't_know
Total,57.9294596007944,30.004808687666497,12.936240031958576
Republicans,73.98768923369201,15.902503528885587,9.935168172284875
Democrats,50.04052732666202,37.89026012552421,12.000270703885832
Independents,54.99165882695943,33.94094836385983,11.00535253703194
