index,18_24_to,25_34_to,All
School_loans,53.41029166549552,36.474367477113645,41.462235987569805
Credit_card,31.805794898574405,36.50785965760962,34.52028127388161
Medical_bills,27.571629757460723,25.614535437554053,26.77912032187665
Car_loans,18.655708047712544,23.670132375509056,21.79592051739062
Mortgage,8.836561875088428,24.712966119418557,19.73341961138264
Other_loans,8.81971642171046,11.852605821903566,10.80006443630922
Taxes,5.804908388895584,11.899477996477238,9.77094008205897
