index,"(films_Entertainment_books,_music)",Food,Electricals_and_technology,Clothing,Furniture_homewares_and_DIY
More_than_do_now,12.142487545673603,12.136907177551748,10.97053869690177,10.905696727143903,7.813600442184551
About_the_do_same_as_now,79.0102919039292,78.3994264144698,78.2891962582678,78.30702243421263,81.44659358173007
Les_than_do_now,7.669613828390695,8.282840242824705,9.63464268682324,9.618283146089937,9.668673393275782
