index,August_to_October_2012,November_2012_to_January_2013,November_2012_to_anuary_2013,March_May_to_2013,March_May_to_2015,March_May_to_2016,March_May_to_2017,March_May_to_2018
100_legal_infringers)_(non,5.909690553790234,5.894818987503754,0.0,5.902931470443427,5.891577951636641,5.909702425716489,6.9405457395886,6.948187302786899
Any_illegal_(infringers),34.66893427053617,0.0,34.68451122710752,31.685316391039287,25.71890968822887,22.733686130706246,23.7823234833775,18.7228112483929
