index,Tech,Non-tech,Leadership
Male,79.47566687046529,47.56333391765109,64.36513874696618
Female,19.833466586287344,51.4549882922672,34.708945049902155
