index,Girls,Girls_Overweight,Girls.1,Boys_Obese,Boys,Boys_Not_overweight_obese_or
Meets_recommendations,24.160661826200894,0.0,24.160661826200894,24.01917889609343,0.0,0.0
Some_activity,10.89967462783217,54.67178875324194,10.89967462783217,0.0,67.8481265231538,64.9309775592229
Low_activity,10.173070696588688,100.0953678322529,10.173070696588688,100.79547616601585,24.078282177371413,136.08708536188703
