index,Ibiza_and_Formentera,Minorca,Mallorca
Hotels_and_similar,6.3639173180442565,7.472321598473289,7.358024615120012
Other_accommodation,9.264097133023748,10.94964014132698,10.348974743565815
