index,Under_40_years,40_to_49_years,50_to_59_years,60_to_69_years,7_79_years_to,80_years_and_older
DCIS_cases,0.0,7981.335635195282,12298.252769358049,14223.082211935323,8525.773400082238,2689.9423921974667
Invasive_cases,11672.683439170782,36728.06582739711,61138.61503100903,74271.06524676086,52415.49212919287,30169.88800856085
