index,currently_do,"don't_currently,_but_would_in_the_future","don't_currently,_but_have_in_the_past",would_not,Don't_know_no_opinion
White,9.875307083016004,8.995836738074416,20.03557331633736,53.336055714761045,7.867287123477411
Hispanic,32.0396087866752,12.06822089127391,14.989003063864716,36.319863106331496,4.953218878704604
African_American,20.05491566136296,16.09856262833675,16.05781159319526,37.18871379248933,10.96699445618244
Other,14.961036268675336,9.839027483151874,12.936824293511116,55.35825554405046,6.994903325960273
