index,200-999_workers,000-4_999_workers_I,"5,000_or_more_workers",All_firms
HMO,25.52968874999202,44.61508569614607,61.41186555707284,42.74183654015437
PPO,66.25832263784861,89.44936041457431,96.10895871132408,71.51698917315922
HDHP/SO,55.396624605361694,91.30552872182344,97.31554735796442,74.61867404267429
