Unnamed:_0,index,Unnamed:_2,antersit,Pressers,State
0,Male,1.576036480700321,1.6740607743576827,1.474901041126508,1.9696091383773329
1,Female,1.8798444342380132,2.274561209306854,2.1773044580702647,2.8706951355538672
