index,Office_space_cost,Finance_Team_salary,Sales_&_Marketing_salary_team,Operations_salary_team,Product_salary_team,Engineering_team_salary
20_people,271.9088529079189,301.1198730580884,301.02440416694924,300.7734839255758,1019.579652550102,1019.5838081261196
30_people,301.7883740105902,0.0,157.83588536734192,157.68048869573963,243.69703007543467,1018.9046995190467
