index,Regal,Cineworld,Cinema_City,Yes_Planet,Picturehouse
Screens,7210.05679482782,1070.153821591437,994.207135888998,126.07192598098118,0.0
Sites,536.907604448862,0.0,0.0,0.0,0.0
