index,Stallions_(3-7_years),Rams,Bulls_(I_5-3_years),Goats,Fillies_and_(I_5-7_years)_mares,Sows,Heifers,Milch_(2-_6_years)_cows,Sheep
France,0.0,0.0,0.0,0.0,0.0,0.0,118744.2893457085,39685.96187889731,99343.8970005626
Belgium,0.0,135448.98776719676,39713.17861424402,59236.80474348816,59233.137553498265,59242.05515807209,39710.233080115584,39710.60863571696,39707.32436516377
