index,.600_.600_.00_of_0_0,.600,and_.00_of_for_a,.60_.00_2_Ok,.60_>,Unnamed:_6,Unnamed:_7,to,Unnamed:_9,Unnamed:_10,1_of,of,Unnamed:_13,Unnamed:_14,Unnamed:_15,Unnamed:_16,the_ot,the_of,the_a,Unnamed:_20,Unnamed:_21,the_of.1,fix_0,Unnamed:_24,the_of.2,the_for,Unnamed:_27,to_to_I_ot
Subscriptions,0.0,58.35969000761156,156.58081540138278,24.92004191885394,139.92672017989298,106.88532246616796,106.88532246616796,17.76154145909595,106.88532246616796,106.88532246616796,36.55523181730314,27.69316034374356,106.88532246616796,106.88532246616796,106.88532246616796,106.88532246616796,74.93848789060553,76.9884016457595,85.63696388873473,106.88532246616796,106.88532246616796,76.9884016457595,123.4273472303621,106.88532246616796,76.9884016457595,142.56425336403686,106.88532246616796,158.7689410486255
Marketing_Solutions,0.0,0.0,0.0,80.46633818098508,17.72089090259942,57.9899575614445,57.9899575614445,24.478264178710788,57.9899575614445,57.9899575614445,41.91910401670657,38.15035965423522,57.9899575614445,57.9899575614445,57.9899575614445,57.9899575614445,70.99013060773655,181.95664386754152,95.89516309034524,57.9899575614445,57.9899575614445,181.95664386754152,149.78641884920023,57.9899575614445,181.95664386754152,137.02064316560018,57.9899575614445,157.6298499162691
Talent_Solutions,0.0,0.0,59.1820820351993,532.4810141575881,322.3719211972077,558.1856743561468,558.1856743561468,27.83049668538501,558.1856743561468,558.1856743561468,43.919611710887466,143.94749799264412,558.1856743561468,558.1856743561468,558.1856743561468,558.1856743561468,217.2672181842322,343.9389175982576,262.1583156560739,558.1856743561468,558.1856743561468,343.9389175982576,368.3757182093417,558.1856743561468,343.9389175982576,503.48309602893465,558.1856743561468,596.4554841071646
