index,Zachodniopomorskie,Wielkopolskie,Warminsko-_mazurskie,Swigtokrzystkie,Slaskie,Pomorskie,Podlaskie,Podkarpackie,Opolskie,Mazowieckie,Matopolskie,Lodzkie,Lubuskie,Lubelskie,Kujawsko-_pomorskie,Dolnoslaskie
2018,136.2231190611879,136.16352817238078,135.90476537350048,179.5226179100768,487.775925403348,487.9046717175581,487.87965088982327,488.00296454724696,487.9006010507829,487.8176420861647,296.75880044489634,296.7878613328893,296.7016121676821,296.8700398313214,239.70451856254655,296.6922006636717
2020,178.02041944395307,177.99192477652656,178.0436191839201,177.91969339615423,209.7005213514124,487.8019256396303,487.88895527102375,177.87871126974812,487.91685311136666,487.9048859631779,239.95166618818476,296.8196921106805,296.8265938802881,609.988467464354,610.0817408252374,609.9813667523853
