index,Jair_Bolsonaro,Flavio_Dino,Joio_Doria,Witzel_Wilzon
February_25_2020,82.56429194403374,12.30098755672148,10.236058927880222,9.710124906936414
March_25_2020,68.47685754445283,19.42272998956412,17.03252449515432,13.255982853961882
