index,10,Unnamed:_2,Unnamed:_3,Unnamed:_4,Unnamed:_5,Unnamed:_6,Unnamed:_7,Unnamed:_8,Unnamed:_9,Unnamed:_10
March_9-11._2020,20.16004154609609,14.60701677097776,14.60701677097776,14.60701677097776,14.60701677097776,14.60701677097776,14.60701677097776,14.60701677097776,14.60701677097776,14.60701677097776
March_23-25_2020,11.6329818478204,18.104231695091343,18.104231695091343,18.104231695091343,18.104231695091343,18.104231695091343,18.104231695091343,18.104231695091343,18.104231695091343,18.104231695091343
