index,Cleaners,Disinfectants
Jan._Mar_2018,25242.98641764112,13368.69307856678
Mar_2019_Jan.,24690.072490233742,12603.076895679797
Jan_2020_--Mar.,27855.644725191083,17109.47915820317
