Unnamed:_0,index,Discounted_flight_change_fee,Airport_lounge_access,In-flight_wireless_Internet_access,Priority_boarding,Preferred_seating/_rextra_legroom,Additional_frequent_flyer_program_miles,In-flight_movies_entertainment,In-flight_meals_,Advance_selection_seat,Checked_bagge
0,Did_not_purchase,60.02449527231498,59.87544446411718,80.17370039423095,100.0823141859789,100.36759964199216,100.11087846738864,100.0034273888982,snacks,100.04353271207172,100.68979044197071
1,Before_leaving_for_the_trip,80.13084178945437,100.0192486058974,100.04130734582029,100.0393093892588,100.07841573415158,100.40842780310868,100.04674893482924,snacks,100.0575346515515,100.07905735434817
