index,Family_dining,Casual_dining,dining_Fine,Quick-_service,Fast_casual
Will_better_in_2012_get,11.802677259616663,24.694059470466232,37.557208324348295,22.747776733597952,20.620345911397777
Will_in_2012_get_worse,28.69595740400886,18.7033544846228,11.811887097500694,21.78479637900201,14.680903786527146
