index,Familiar,Willing,Using
P2P,23.705177986440702,16.839600486508754,6.888837361001762
POS,10.836486573972408,9.875873958785924,0.9357537068868638
m_-commerce,15.82900263726821,10.813256729147527,2.8814449056258558
