index,Today's_high_school_dropout_is_ready_for_the_world_of_work,Today's_high_school_araduate_is_ready_for_the_world_of_work,Today's_college_ready_araduate_is_for
Strongly_disagree,64.56030351337697,17.93206292295821,6.965082058051934
2,18.91357817416676,25.73900420434758,10.028619230916448
Missing0,10.152261081411282,38.128224075425706,28.952392581298184
Missing1,0.0,13.543862331017934,39.774923896884914
Strongly_5-_agree,2.230692631654009,3.547861701898057,13.425604249015564
