index,Undergraduate,MBA,Specialized_Masters,Doctoral
Male,56.92145405270249,62.912418948224015,53.04866949241264,65.10636696897149
Female,43.93776057832166,36.84805583002012,47.02606643398645,34.950883258844705
