index,More_financially_secure_now_than_ten_years_ago,Completely_satisfied_with_their_job,Very_happy_with_life_overall,Rarely_experiencing_never
Upper_class,61.45659651737631,42.62881005979656,41.62788834218711,32.59645014086493
Middle_class,43.66202006767667,30.58329892769985,31.564027093206757,22.589013175757927
Lower_class,28.55266650106121,19.60943660810976,19.598564332422317,12.83892748400318
