index,6_000,000_2,5_000,4_000,000,3_000,Low_income,Lower_middle_income,Upper_middle_income,High_income,World
2000,0.0,0.0,0.0,0.0,0.0,0.0,0.0,0.0,103.78882862490444,2227.077794475875,482.26645494576405
2012,0.0,0.0,0.0,0.0,0.0,0.0,0.0,84.27357601773474,440.83303600419,4609.668963796718,1005.9663288331004
