index,Unnamed:_1,Unnamed:_2,Unnamed:_3,Unnamed:_4,Unnamed:_5,Unnamed:_6,Unnamed:_7,Unnamed:_8,Unnamed:_9,Unnamed:_10,B,Unnamed:_12,Unnamed:_13,(o,Unnamed:_15,Unnamed:_16,"o,",Unnamed:_18,Unnamed:_19,Unnamed:_20,Unnamed:_21,Unnamed:_22,Unnamed:_23,Unnamed:_24,Unnamed:_25
Male,5503.820219050587,5503.820219050587,5503.820219050587,5503.820219050587,5503.820219050587,5503.820219050587,5503.820219050587,5503.820219050587,5503.820219050587,5503.820219050587,5460.109941292255,5503.820219050587,5503.820219050587,5764.50140864566,5503.820219050587,5503.820219050587,5727.332643605786,5503.820219050587,5503.820219050587,5503.820219050587,5503.820219050587,5503.820219050587,5503.820219050587,5503.820219050587,5503.820219050587
Female,2701.18773712255,2701.18773712255,2701.18773712255,2701.18773712255,2701.18773712255,2701.18773712255,2701.18773712255,2701.18773712255,2701.18773712255,2701.18773712255,2949.6397319103253,2701.18773712255,2701.18773712255,2986.7088692451557,2701.18773712255,2701.18773712255,2960.864170713556,2701.18773712255,2701.18773712255,2701.18773712255,2701.18773712255,2701.18773712255,2701.18773712255,2701.18773712255,2701.18773712255
