index,At_school,At_home,To/from_school,Somewhere_else
Text,7.859225204538838,19.724478043342568,6.907505365314989,3.889486161594771
Online,2.959969545321417,29.64378380136513,0.9560109778714504,0.9529954112013784
In_person,24.71033581499944,4.965820794383919,5.864373775671584,13.7982406172496
