index,Unnamed:_1,Unnamed:_2,Unnamed:_3,Unnamed:_4,Unnamed:_5,Unnamed:_6,x_the,Unnamed:_8,Unnamed:_9,Unnamed:_10
Females,7.520026957534558,7.520026957534558,7.520026957534558,7.520026957534558,7.520026957534558,7.520026957534558,9.840988638278237,7.520026957534558,7.520026957534558,7.520026957534558
Males,27.46395235548784,27.46395235548784,27.46395235548784,27.46395235548784,27.46395235548784,27.46395235548784,30.19208415439049,27.46395235548784,27.46395235548784,27.46395235548784
