index,Jul_2015,Aug_2015
Retail,1019.977824733228,1026.2481119298643
Office,1153.7782628522286,1160.7953334255403
Industrial,2035.0003355047563,2066.076292412252
