index,Other,Real_estate,Bonds,Equity
2013,3.0187030872901914,7.935073360313417,7.918526121543955,7.9485047797804995
2015,7.924404254994101,51.273373529889305,78.10804751819842,78.12169033019514
