index,Indonesia,Egyp20_onesia,United_Arab_Emirates,Algeria,Russia,Indiag,China,Venezuela),Saudi_Arabia,Iran
Natural_gas,0.0,0.0,7620.410842293735,7616.853933890325,9695.725471765008,9693.609924936834,0.0,0.0,0.0,0.0
Oil,0.0,0.0,13390.569659416336,13391.094671495488,9924.303332218731,9918.57178891182,12632.6256067183,13392.420762890986,12624.063647737432,13400.014064899242
