index,Kidney,Liver,Heart,Lung,Pancreas,Small_bowel
2015,62.55948276368471,24.961572906482346,6.392403197127791,6.151528737153683,1.903270499055182,0.0
2016,64.44609544834118,25.029572924504365,5.904494855257298,6.412022096583968,1.3315301435550282,0.0
2017,70.08689860730337,26.72083155845978,6.389583550647814,7.587276299633757,1.3222134475807223,0.0
2018,70.93096297485934,26.1362339800137,6.724500977038304,7.907182986672893,1.58244217999507,0.0
2019,73.25981302846627,26.18954263611738,6.362217467173849,8.994672271132288,1.287364807104865,0.0
