index,Kidney,Liver,Heart,Lung,Pancreas,Small_bowel
2015,2522.4894860696813,531.5535128555844,601.5774132630563,93.9376653929321,103.26775203276112,0.0
2016,2689.4575145893346,559.2136513784476,584.7597589922984,102.7519884634703,112.0520888492706,0.0
2017,2687.4155188405675,611.2965033983287,682.4219897378857,147.32273864458057,87.80547644409353,0.0
