index,Other,Microsoft,LG,Sony,Huawei,Apple,Samsung
2017,8.924964748023385,8.933343137259769,3.888356258484407,8.940430731291904,4.915343177930353,3.8946230010033744,8.92848622581402
2018,0.0,0.0,0.0,0.0,55.17620284505647,55.169534356479694,55.16188134206991
