index,Year_March_2018_to_end,Year_2018_to_end_June,Year_June_2019_to_end
Processor,40.41469348878357,37.56792830421489,38.43978952009694
Memory,21.05438195027164,23.34023197906823,21.471650325820026
Network,17.89804929540957,17.32624783740843,17.5399292589738
Peripheral,13.248248137052329,13.951129560668477,15.99437056836068
Other,6.950468179355667,6.976131597221624,5.529341461316605
