Unnamed:_0,index,Poland,Russia,Serbia,Hungary,Turkey,France,Germany,Spain,Great_Britain
0,Neither_good_nor_poor,55.81843587375939,55.83653663876133,55.83234472173131,55.82798463881024,55.790978970090926,55.82568229488347,99.3976358933278,99.3904720263684,99.40635605916994
1,Good,0.0,0.0,0.0,55.81284970861437,0.0,0.0,99.41167315888924,99.4092118217564,99.4320793253796
