index,Once_a_week_or_less,times_2_to_3_a_week,to_5_4_times_a_week,Every_day,do_exercise_not
Millennial,25.891183657744097,35.99477405256202,19.86343516444323,4.965871630375183,11.960710200240712
Generation_X,22.88035781929313,35.98144689613764,22.877546020394345,6.88582221021241,10.990766138622876
Boomer,19.874363212609552,32.97025147029065,24.938877077020408,11.961432867407126,9.944531168070874
