index,Apr_'20,May_20,Jun_'20,Jul_'20,Aug_20,Sep_'20,Oct_'20,Nov_20
Average_employment_paid,2.094148393372289,3.209429002160854,3.298987167090072,2.304649977002467,1.5174054689511485,1.2074508459285358,1.016670243757475,1.2057764126768469
Average_gross_wages,1.8726090854649995,1.158539711916161,3.557052915610992,3.736152872262928,4.0565628791847015,5.523642023308077,4.624683673061449,4.854783984875523
