Unnamed:_0,index,All_Respondents,Other_(Airlines_/Transportation),Energy/Utilities,Education,"Health,_Pharma",Indus)_Mat/_Manu,Retail)_Consumer,Services_CCnnulting,IT/TeICo,Financials_Insurance
0,I'm_not_sure,0.0,97.96093288310352,97.93202772467784,97.93919441229548,97.91773047185993,97.90359938216218,0.0,97.92080810182478,97.93382662106572,97.91058545769272
1,U-shaped:_Decline_for_2-3_followed_by_in_2021_in_revenue_quarters_growth,0.0,97.96292684054552,97.92683332105172,97.96238500428412,97.89296494247144,97.90648195107292,97.88209931930916,57.51430808954315,97.94383975517673,97.9153897392106
