index,individuals_Private,Companies,Total
2010,4627281.577104555,153967.51552791055,4789952.907682595
2011,4246493.609228984,138020.52247593738,4390483.331122621
