index,Poorest_20,Second_20,Middle_20,Fourth_20,Next_1_5,Next_4,Richest_1
GOP_approach,0.0,1439.8303276200604,573.2862077848986,79466.03066448212,79457.05433580269,88987.20952872468,70435.98430130877
Obama_Approach,0.0,0.0,0.0,1475.2297540532743,88986.92257528595,88974.9236703853,88981.38331112808
