index,Middle_East_and_Africa,Asia-_-Pacific,Europe,Americas
2015,5031.430952679366,34491.350106529644,60412.615275813296,0.0
2076,5106.821441999535,35209.66525522353,60435.395932179104,100579.8001271194
2017,5640.358199201481,36489.37667627521,100569.55185039298,100573.76285069736
2018,5751.871725780176,39066.10889298695,63649.31739566362,0.0
2019,5595.259744328854,43058.84656150968,64146.62546326965,64140.3089628131
