index,Electronics,Healthcare,Large_industries,Industrial_merchant
2015,1491.3251901689057,2756.445977266057,0.0,5620.820138942221
2016,1493.1496328789035,1493.8956034175317,3065.8347279350783,12192.966742097204
2017,12195.728559598165,3063.894192443729,12193.55464784892,12193.892805283827
2018,1723.4928924427168,3440.2759197971527,3439.232275460189,0.0
2019,1721.8434819261402,1723.103535114495,5621.685476673983,5620.522167470088
