index,Music,Audio_books,Movies,TV_shows
Mostly_via_streaming,51.53469762200205,26.660330294786107,71.52647690920354,80.4620701898369
Both_streaming_downloading_and,25.86214810988025,32.63887959323776,17.76514962780466,12.708715745652285
Mostly_downloads_via,21.59885224711076,38.55108853753292,9.639309099827386,5.807677051178999
