index,BBC_Radio_2,BBC_Radio_5_live_sports_extra,BBC_Radio,BBC_6_Music,BBC_Radio_4_sextra,BBC_Radio.1,BBC_Radio_5,BBC_IXtra,BBC_Asian_Network,BBC_Radio_3
2015/16,0.0,98.85303770154582,0.0,0.0,99.21086495944832,0.0,0.0,0.0,0.0,0.0
2076/17,0.0,98.32137592178508,0.0,98.7166511864919,0.0,0.0,297.6923784667508,297.5599053620799,297.6320536620153,0.0
2017/18,98.29662568271311,98.28174223364972,0.0,98.59523138455204,99.05428691209858,0.0,197.35455539703003,0.0,0.0,0.0
2018/19,98.61787920634367,98.288986206061,98.37751670797256,99.03378313961258,99.00482806598012,98.37751670797256,297.2903588139369,297.64248248436616,297.7546391606651,197.5310960005362
2019/20,98.86854563098956,0.0,98.42545598516568,98.41896138921078,98.7708144514752,98.42545598516568,297.4086978460007,297.7648390068763,297.68950585700145,0.0
