index,Stay_in_the_same_countries_as_those_where_currently_operate,Operate_lin_new_countries
Americas,62.43463226542124,36.69898665418892
Europe,55.503511965979015,43.57270068443135
Middle_East_Africa,43.53026103264048,55.494774671615495
Asia_Pacific,77.45475306245692,21.71156980314157
