index,Democrat,Republican,Indepedent,Other,Not_sure
Mostly_trust,41.59887432012533,4.916859379263087,18.651911729921544,10.724874561992998,5.951664520137477
Somewhat_trust,23.636869837373048,10.730262845199825,22.62997422015389,19.71816763022301,12.813751459227184
Somewhat_distrust,7.780464400270468,19.7733752411412,12.803669127883914,22.58563234345656,14.701695072053552
Mostly_distrust,3.856807010691455,45.5844778591956,21.8018727946393,35.57910470267035,7.776502801978921
Not_sure,21.805929929867133,17.786187858895445,22.67868531940425,9.924147653290404,57.47234583861407
