index,Apollo_11_(I_969),Apollo_12_(1969),Apollo_14_(1971),Apollo_15_(1971),Apollo_16_(1972),Apollo_17_(1972)
First_walk_moon,2.464899717390349,3.9001340935313777,4.7903681775694125,6.497869930187385,7.19830552877945,7.175726880047904
Second_walk_moon,0.0,3.746410328031665,4.508187555682133,7.1761958422789895,7.352605513078911,7.511986492062102
Third_moon_walk,0.0,0.0,0.0,4.742599068556572,5.625496346886912,7.219327816238007
