Unnamed:_0,index,Vote_political_election_in_a,Invest_in_the_stock_market,Go_the_grocery_to_store,Go_religious_gathering_meeting_to_a_or,Go_work_conference_to_a,Take_vacation_a,Go_in_cafe_out_to_eat_a_restaurant_or,Use_ride-_hailing_service_a,Go_to_political_Arally_a,Go_the_gym_to,Go_to_party_social_a_or_event,Go_shopping_mall_to_a,Go_to_museum_a,Go_sporting_to_events,Go_theater_performance_to_a,Go_park_to_an_amusement,Go_movie_theater_to_a,Use_public_transport,Go_to_a_concert
0,Less_likely,73.2036677362443,73.21754827698949,73.2129479146017,73.18052290785808,73.19871777809648,73.20460528850987,73.17245042394445,73.17588281867938,73.18053085321627,73.15062452501655,73.15349279932052,73.16559357983277,73.18503587130586,73.17975220811435,73.16577632307097,73.16599084774191,73.17921986911611,73.14597649047967,101.02393419972168
1,Neither_less_likely_more_nor,73.16306695593067,73.18507559809677,73.18586218855685,73.16476726258178,73.14731925601255,0.0,0.0,0.0,0.0,0.0,0.0,0.0,0.0,0.0,0.0,0.0,0.0,0.0,0.0
