Unnamed:_0,index,Unnamed:_2
0,Chapter,-959645.8486707612
1,Chapter_13,-485337.48549859633
2,Other_Chapters,-959645.8486707612
