index,First_generation,Second_generation,Third_aland_higher_generation
Spanish_dominant,60.82677572556901,7.774863201014483,0.0
Bilingual,32.70853585893431,52.98767799054867,28.22551586935475
English_dominant,5.922894739076554,39.28009567708767,68.57131671619979
