index,Pakistan,India,Tunisia,Turkey,China,Lebanon,Egypt,Jordan,Russia,Mexico,Greece,Poland,Brazil,Italy,Britain,United_States,Japan,Czech_Republik,Spain,France,Germany
In_favor,49.64484285265343,0.0,0.0,0.0,59.49759239881801,59.49351162129464,0.0,0.0,0.0,0.0,0.0,0.0,0.0,0.0,0.0,0.0,0.0,0.0,0.0,0.0,0.0
Opposed,49.70500985948082,49.71056984691041,49.72483242336023,49.70137226936124,59.48788256569821,59.515944386312064,59.443889021269534,59.45811418579567,59.47962891976236,59.46552750236845,59.49552898733405,59.465090070645225,59.47570642345462,59.50269480964237,0.0,0.0,0.0,0.0,0.0,0.0,121.9019070871997
Don't_know,49.7174996863154,49.71364338033421,49.73888203962901,49.7233014123289,49.71707088811302,0.0,0.0,0.0,0.0,0.0,0.0,0.0,0.0,0.0,0.0,0.0,0.0,0.0,0.0,0.0,0.0
