index,--5,--10_-15,Argentina,Peru,Ecuador,Mexico,Colombia,Chile,Brazil
2022,0.0,0.0,1.8186135090432665,4.429691496856369,1.244143299197253,2.714607692890385,4.143510751625386,3.0143586274261365,2.4342264946600727
2021,0.0,0.0,5.393414926594045,7.487225983062457,4.727350772844518,3.594205275529097,4.420347845432461,4.127838667271151,2.9305012041538365
2020,0.0,0.0,12.24495016302198,11.949910294121995,10.98161456021827,9.903847400599586,7.181108513061663,6.2825904628104485,5.401299307807744
2019,0.0,0.0,2.2997620809488915,2.107919799510149,0.0,0.3603476134050858,3.231912726769795,0.96714469613854,0.9755704745619518
