index,Domestic_retail_banks,banks_International_retail,SFS_specialists,Universal_banks
2012,26.75916960047876,25.767973218866697,14.757969026472637,13.786441028399445
2013,19.77263831422662,22.743579595342595,16.82190480892421,16.828157940604385
