index,"Under_30,_LOOO","30,_000_49_to_.999","50,000_or_more","000_100,_or_more"
Barack_Obama,62.99197098606892,56.756325929169805,44.73364009458954,43.89502612308975
Mitt_Romney,34.93393817002883,41.933298375397214,52.886808366026926,53.88987556576497
