Unnamed:_0,index,Sikkim,Nagaland,Mizoram,Manipur,Arunachal_Pradesh,Tripura,Chandigarh,Goa,Andaman_&_Nicobar_islands,Himachal_Pradesh,Uttarakhand,Jharkhand,West_Bengal,Assam,Jammu_&_Kashmir,Odissa,Haryana,Chhattisgarh,Punjab,Bihar,Andhra_Pradesh,Karnataka,Madhya_Pradesh,Tamil_Nadu,Gujarat,Uttar_Pradesh,Delhi,Kerala,Rajasthan,Maharashtra
0,Tests,0.0,0.0,0.0,0.0,0.0,0.0,0.0,0.0,1690.830009423742,1686.3221320380037,1700.253753097917,1694.083254268815,1696.0032020462386,1695.8525394775934,1692.568628799963,1696.3845250075829,1695.6245456790202,1691.4606589367395,1678.407680644421,1685.512820717944,1675.6597553879838,1672.0251875815666,1685.0381669618582,1672.0385205522398,0.0,0.0,0.0,0.0,0.0,0.0
