Unnamed:_0,index,azas,asas,and,CATS,cans,on,0416,of,ano,cant,any,04117
0,Mobile_web_unique_visitors,73.8766088988452,70.78327911260041,56.34317890619146,70.25045524490844,76.44912097120303,78.18660626197153,66.67146837570579,82.19911704237413,45.997663367000285,73.81991915381795,74.78914257498658,65.46602552809755
1,App_unique_devices,31.384753730151708,34.38742437872625,33.25574800691161,37.12691124502026,35.47433380736861,38.117785335214194,25.43630013891124,39.08978020872196,29.570313751500223,26.385762201922358,27.232215146664267,30.209449558482117
