index,Nickel,Iron_ore,Thermal_coal,Diamonds,Platinum,Metallurgical_coal,Copper
Minimum,16.9214072456285,0.0,69.78619533972251,0.0,0.0,29.85564765210522,0.0
Maximum,25.97370270075408,21.96336792439733,69.77763079349567,26.880774351411944,29.89113957948861,21.97175782105404,26.871175342346746
