index,Russia,India,Canada,South_Korea,Germany,France,Japan,United_Kingdom,United_States,China
2015,0.0,0.0,0.0,0.0,0.0,0.0,5314.760636698083,5313.640544208193,5303.964655821643,5303.725912086484
2076,0.0,0.0,0.0,0.0,0.0,0.0,0.0,1730.5531828888898,1730.3926669762504,5302.437453833254
