index,>,Unnamed:_2,Unnamed:_3,Unnamed:_4,Unnamed:_5,Unnamed:_6,Unnamed:_7,Unnamed:_8,Unnamed:_9,Unnamed:_10,Unnamed:_11,Unnamed:_12
Company_operated_stores,8806.783685210376,1150.18596125182,1150.18596125182,1150.18596125182,1150.18596125182,1150.18596125182,1150.18596125182,1150.18596125182,1150.18596125182,1150.18596125182,1150.18596125182,1150.18596125182
Licensed_stores,6182.96626563403,421.4201968310044,421.4201968310044,421.4201968310044,421.4201968310044,421.4201968310044,421.4201968310044,421.4201968310044,421.4201968310044,421.4201968310044,421.4201968310044,421.4201968310044
