index,White,Hispanic,African_American,Other
Avid_fan,23.64780583514743,30.59902251524745,28.651835840040647,21.626672741469143
Casual_fan,43.43484859474224,41.498645598271,47.35365736139048,41.45807245564016
Not_all_a_fan_at,30.60438359653505,27.512916616866224,22.73292968586393,35.609219942922735
