index,Deloitte,PwC,EY,KPMG
Americas,23.93149840828783,17.68053743428831,16.569424658071725,11.579888256587786
EMEA,15.067159531833497,16.417423536577772,13.87646864006188,12.734623768887232
Asia_Pacific,6.830083448577554,7.951686389311249,5.599306504760289,4.93554338847845
