index,Unnamed:_1,>_>_>_ot,>_>_>,>,>.1,>.2,Unnamed:_7
2018,14.811886477012326,7.836939703507205,11.887488075250047,12.99415261587606,12.99415261587606,12.99415261587606,14.811886477012326
2019,15.890929340252658,7.851375435257321,6.014487548724979,6.867847124758214,6.867847124758214,6.867847124758214,15.890929340252658
2020,33.719855667959074,10.919813793102964,9.796463905720628,8.943845775831761,8.943845775831761,8.943845775831761,33.719855667959074
