index,The_Twilight_Saga:_Breaking_Dawn_Part_2,The_Twilight_Saga:_Breaking_Dawn_Part,The_Twilight_Saga:_Eclipse,The_Twilight_Saga:_New_Moon,Twilight
North_America,291.9222831047173,294.75479324148523,1003.7850627473237,998.3715194227696,193.84703795054884
Worldwide,705.2387046929136,796.3935528194822,997.747607980903,1003.115445609026,507.57638851371865
