index,9,9_o_to,Unnamed:_3,Unnamed:_4,Unnamed:_5,Unnamed:_6,Unnamed:_7,Unnamed:_8,Unnamed:_9,Unnamed:_10
Deaths,0.0,0.0,0.0472168733564215,0.0472168733564215,0.0472168733564215,0.0472168733564215,0.0472168733564215,0.0472168733564215,0.0472168733564215,0.0472168733564215
Severely_ill,0.0,0.0,0.0701400365000215,0.0701400365000215,0.0701400365000215,0.0701400365000215,0.0701400365000215,0.0701400365000215,0.0701400365000215,0.0701400365000215
Mild_/not_symptoms/no_symptoms_yet_specified,0.2500305364353563,0.2631220451508143,0.3440037218525917,0.3440037218525917,0.3440037218525917,0.3440037218525917,0.3440037218525917,0.3440037218525917,0.3440037218525917,0.3440037218525917
