Unnamed:_0,index,sci,I,5,Lop,of,9,LOS,S,sps,the,154,look,19,spo,7,PS
0,Some_college_degree_no,6.59197947730218,5.238773508278054,20.32872718514617,4.548070676173058,4.271743448016409,3.1083721678972207,4.74433920726519,4.067371006029356,4.537754190174908,4.5417024311644045,20.32872718514617,4.384544001656595,3.2219173381586863,8.021597294843273,4.132085282005374,5.487445320541056
1,Less_than_high_school_diploma_a,11.96323513051578,8.906290485758632,20.32872718514617,9.24067564916608,7.573469283190377,7.174489514335333,8.095683102867103,4.82598996558187,12.887914233993824,4.5417024311644045,20.32872718514617,4.384544001656595,5.910596763240193,11.486296660757898,6.12443115500764,8.52782135902639
2,Associate_degree,5.329442992195798,4.540108597015523,20.32872718514617,3.844365419543156,2.513891532228648,3.1083721678972207,3.842195393961143,3.2123064650540343,4.537754190174908,3.916274110398103,20.32872718514617,3.576611919911519,3.2219173381586863,5.92714498119976,3.365254264858184,4.344384345215612
3,Bachelor's_degree_higher_and,3.789582910977627,3.430174196853411,20.32872718514617,2.7625917108391285,2.513891532228648,3.1083721678972207,2.8931779643475792,2.484142325311833,4.537754190174908,2.883980176178067,20.32872718514617,2.494825800930471,2.6439210961678583,4.2700113279235765,2.653877684132389,3.1377472936066777
4,High_school_graduates._college_no,7.337665155301764,5.758248202526502,20.32872718514617,5.251525954365816,4.821086133261733,4.072448582227793,5.247038752774252,4.82598996558187,4.537754190174908,4.5417024311644045,20.32872718514617,4.384544001656595,3.2219173381586863,8.021597294843273,4.577819883089873,5.919023341337667
