index,Hi_2019,HI_2020
Motorcycles_related_products_and,2.6339890332018894,1.771551159019216
Financial_services,0.3849873863769812,0.3931811051879308
