index,-50_000,to_o
Total_exports,158461.13178514637,184455.12382527543
Total_imports,173740.78668304134,189015.81306557884
Trade_balance,11007.72624109598,21279.18058527354
