Unnamed:_0,index,Unnamed:_2
0,2015,4.828458145499647
1,2016,4.6705926065829
2,2017,4.619357457475334
3,2018,4.36989235411509
4,2019,4.304592785103058
5,2020,4.304592785103058
