index,Unnamed:_1,Unnamed:_2,Unnamed:_3,Unnamed:_4,Unnamed:_5,Unnamed:_6,Unnamed:_7,Unnamed:_8,Unnamed:_9,Unnamed:_10,Unnamed:_11,Unnamed:_12,Unnamed:_13,Unnamed:_14,Unnamed:_15,Unnamed:_16,Unnamed:_17
Morally_acceptable,51.84491319088407,51.84491319088407,51.84491319088407,51.84491319088407,51.84491319088407,51.84491319088407,51.84491319088407,51.84491319088407,51.84491319088407,51.84491319088407,51.84491319088407,51.84491319088407,51.84491319088407,51.84491319088407,51.84491319088407,51.84491319088407,51.84491319088407
Morally_wrong,42.63211213504715,42.63211213504715,42.63211213504715,42.63211213504715,42.63211213504715,42.63211213504715,42.63211213504715,42.63211213504715,42.63211213504715,42.63211213504715,42.63211213504715,42.63211213504715,42.63211213504715,42.63211213504715,42.63211213504715,42.63211213504715,42.63211213504715
Depends_on_situation,4.608074751862773,4.608074751862773,4.608074751862773,4.608074751862773,4.608074751862773,4.608074751862773,4.608074751862773,4.608074751862773,4.608074751862773,4.608074751862773,4.608074751862773,4.608074751862773,4.608074751862773,4.608074751862773,4.608074751862773,4.608074751862773,4.608074751862773
