index,2020
Walmart_US,66.08415891807965
Walmart_International,22.956115355435188
Sam's_Club,10.848690826966845
