index,'13_Mar,Oct_'33,Mar_'14,Jun_'14,Oct_'14
MAU,0.0,80.00594975886314,85.31195726212914,85.27785318527094,91.52801581631928
Registered_users,69.11340657466809,0.0,113.27914574454756,160.32453867684671,0.0
