index,16-24_olds_year,25-34_olds_year,35-44_olds_year,45-54_olds_year,55-64_olds_year,65+_olds_year
2016,15.468900224541922,20.2598287848966,21.29513893000056,19.276489800335924,16.2995678658632,11.19745600207624
2017,13.390152338388344,24.09531187583373,22.005114791167745,18.417221412703,20.360090325339844,11.387028919477125
2018,13.155539125895649,25.832966142618965,20.27067405566958,21.367839115557366,18.82477727979344,11.214140300519212
2019,13.610023356905325,23.165323549915858,24.82780947383033,22.928100733875503,22.5539388922074,12.402520699027283
2020,16.717613004217082,23.290236467111725,29.004457701894435,25.124922850217896,23.267972194213307,14.019842363735028
