index,No_spinal_cord_injury,Motor_functional_at_any_level_AIS_D,Paraplegia_AIS_ABC,Low_tetraplegia_(C5-C8)_AIS_ALC,High_tetraplegia_(CI_-C4)_AIS_ABC,Ventilator_dependent_any_level
20_of_years_age,58.77663591448802,51.839940040410696,44.78924643314908,39.624933506359234,33.364063217375154,16.745023263422922
40_of_years_age,40.40861738757738,34.69011820645798,29.454212864171744,25.007112224718064,21.36873675979516,12.837741247995154
60_of_years_age,22.96174033817736,19.063883488228768,16.137658941290937,13.325987015328424,11.962500881255949,7.656983825169519
