index,19,19.1,Unnamed:_3,Unnamed:_4,Unnamed:_5,Unnamed:_6,Unnamed:_7,Unnamed:_8,>,Poo
Total,9088.63635870038,9088.63635870038,18884.90711029194,18884.90711029194,18884.90711029194,18884.90711029194,18884.90711029194,18884.90711029194,8133.820313401615,3167.618167045628
Number_of_deaths,1036.087565644615,1036.087565644615,0.0,0.0,0.0,0.0,0.0,0.0,0.0,0.0
