Unnamed:_0,index,Unnamed:_2
0,2015,13.13642946127074
1,2016,12.513201834333016
2,2017,12.582503389150284
3,2018,12.083546937304192
4,2019,12.083546937304192
5,2020,12.513201834333016
