index,White,Black,Hispanic,Other,Unknown
2017,452.1920544096509,220.39645558277036,175.49890607348817,42.198748027834085,82.95799363050816
2018,393.1648284751829,206.32604798023647,145.6130925265038,35.30951004485337,200.70907410849924
2019,364.50061727007966,230.6467478753039,155.99494199431683,38.32372189684747,199.21253633654123
2020,364.6199448031852,189.9829425091059,125.77034829285498,21.06865010217473,150.55185238903607
