Unnamed:_0,index,Unnamed:_2
0,AII_fossil_fuels,2.999262540373796
1,Coal,2.5044356077379355
2,Natural_aas,3.364251822627228
3,Petroleum,9.477901301794248
