index,Cambodia,India,Turkey,Bangladesh,China
2015,0.0,4989.266326435718,9388.978355888008,13698.989316729268,29975.818176397133
2016,0.0,5070.207240828284,9523.444770919126,13704.88059143109,13703.368506464696
2017,0.0,4984.34583867828,9520.298143401023,0.0,0.0
2018,9730.76280072211,4883.473621216326,4881.692661986541,13704.522092413235,9735.212980362065
