index,use_it_regularly,it_use_occasionally,have_used_it_once,imagine_using_it_can,won_'t_use_it
18_29_to_years,28.62544138738492,22.72848072849884,11.846188094340334,27.54505431959862,7.751352550616922
30_45_to_years,24.722060015949975,19.747313234222663,16.635255436233024,26.79451888000425,10.78084801809888
46_60_to_years,12.733802607523238,10.78437823190086,5.7818528079262,46.47070756748043,22.757588648782743
61_folder_years_and,11.862918474874093,4.889749257439547,2.9603675617206875,47.30178145729322,31.620002447451466
