Unnamed:_0,index,Jan,Jul,Jun,Nov,Aug,Feb,Oct,Sep,Dec,Apr,Mar,May
0,2019,2.0262958206607395,2.056905493111544,2.047509290240452,2.0478321274998748,2.0483500901286957,2.019202528364823,2.057671333235411,2.067754319911277,2.0763334397898534,2.0863500910270627,2.028229969442037,2.028811177126132
1,2016,1.84188229502291,1.8621892042307704,1.8916897883940824,1.9391046782026,1.873735523373045,1.9001774904200357,1.910011737168283,1.8723915659484665,1.891141928102769,1.8801595679931504,1.9088538495710965,1.930397918303379
2,2020,2.08718327276092,2.056905493111544,2.047509290240452,2.0478321274998748,2.0483500901286957,2.075450955660634,2.057671333235411,2.067754319911277,2.0763334397898534,2.1077367658149693,2.3927514339064464,2.0866489239132333
3,2017,1.901898833964211,1.9592459284872703,1.9389326229045016,1.9391046782026,1.9207149566021229,1.920057639243556,1.960026286226098,1.939374691466993,1.968778611312869,1.902055365476015,1.9088538495710965,1.930397918303379
4,2018,1.9880404678517023,2.009657196528169,1.9974590221002837,2.0193313182955634,2.077288583863257,1.9593640098802427,2.0392474018095808,1.9780033338409104,2.009029201877048,1.9883395163460165,1.9693376113582364,2.0074536094375275
5,2015,1.7434024851533572,1.831189855996219,1.802606325134384,1.8409766689530107,1.873735523373045,1.7621495413161343,1.802672301226136,1.8723915659484665,1.8507636256485644,1.80236081932891,1.802105036201954,1.761952906689736
