index,Yahoo!,Amazon,Microsoft,Facebook,Google
May_'17,0.0,0.0,22.93386008668002,0.0,20.10239321949745
Jun_'17,20.11539642000896,20.111185745810182,22.9263926256128,88.67527400313784,20.1058136439414
Jul_'17,0.0,22.92906869864624,22.94031977975181,22.93551841381709,88.6754077070105
