index,Rebellious,Attractive,Sexy,Spiritual,Respectable,Intelligent,Healthy
More,39.607524920088494,15.694662676762476,14.73556284218779,8.80696917854867,6.759338130017952,3.8109489381399584,3.805231488874625
Less,5.799928258322012,35.66838475105216,32.6735264659427,19.89644988118853,25.852673323573995,22.860486828950584,21.707230806564997
No_difference,53.568405302409865,47.62739191644318,51.5041462335676,70.37226225538556,65.56616710795663,73.23714659615146,73.21718567678653
