index,White,Black,Asian,Mixed,Other
Percentage_of_deaths_in_custody,84.37592136485927,7.854121972735669,2.7476820516088054,1.9577698523690543,0.0
Percentage_of_population,85.18170895097465,2.742448006768697,7.909079443556749,2.0141771718479333,0.0
