Unnamed:_0,index,Unnamed:_2,States
0,Rarely,-18753.57742706462,3960.9143717959455
1,Always,-5583.986293788776,3960.9143717959455
2,Frequently,-16374.247168012807,3960.9143717959455
3,Not_all_at,-16959.205761000354,3960.9143717959455
4,Sometimes,-18132.3596406082,3960.9143717959455
