index,Acura_RIXX,XF_Jaguar,Infiniti_Q70,Lexus_GS,Volvo_90-Series,Audi_A7,Lincoln_Continental,Cadillac_CTS,Genesis_G80,Cadillac_CT6,Cadillac_XTS,Lincoln_MKZ,Audi_A6,BMW_5-Series,Mercedes:_Benz_E_CLS-_Class,Lexus_ES,Tesla_Model_3
2019,0.0,0.0,0.0,0.0,0.0,0.0,0.0,0.0,0.0,0.0,502170.18497609865,0.0,98519.31080134562,502617.2393671378,502719.07095978514,0.0,0.0
2078,0.0,0.0,0.0,0.0,0.0,0.0,0.0,502676.9379480591,502615.35190562985,501847.4595011647,502122.90710961696,98716.24609965214,98488.25901524688,502614.8343758616,502412.5411223066,1137698.4148245854,1137358.032451674
