Unnamed:_0,index,the,SESS,FF,Sp,for,SSS,SIS,MISTIS,SESTING,and,SES,Crip,I,SSIS,Subject
0,Prime_Minister_(May/Johnson),-28.658163422989137,-28.85374878832093,-21.592688396622176,-19.97062065370547,-28.677257495580896,-46.87845321495509,-36.725106290545966,-15.741316107126506,-21.9456459571054,-4.602845166966153,-22.696998964841004,-20.770186820360188,-4.551505134691415,-35.63401142316031,-17.962720011951937
1,Opposition_(Corbyn),-39.79447720842156,-31.830417107888643,-25.90382468288011,-5.698371961292836,-28.677257495580896,-39.692915761231,-46.892902648132655,-7.7560523267679,-16.71407777443694,-41.61690758856753,-24.65646122270383,-7.804590810645983,-41.69930489317517,-42.52775240868723,-40.57562747989898
