index,800_600_400_200,Unnamed:_2,Unnamed:_3,Unnamed:_4,Unnamed:_5,Unnamed:_6,Unnamed:_7,Unnamed:_8,Unnamed:_9,Unnamed:_10,Unnamed:_11,Unnamed:_12,Unnamed:_13,Unnamed:_14,Unnamed:_15,Unnamed:_16,Unnamed:_17,Unnamed:_18,Unnamed:_19,Unnamed:_20,Unnamed:_21
Fatalities,17.988012832369577,18.122539574434768,18.122539574434768,18.122539574434768,18.122539574434768,18.122539574434768,18.122539574434768,18.122539574434768,18.122539574434768,18.122539574434768,18.122539574434768,18.122539574434768,18.122539574434768,18.122539574434768,18.122539574434768,18.122539574434768,18.122539574434768,18.122539574434768,18.122539574434768,18.122539574434768,18.122539574434768
Injuries,0.0,77.94201915055987,77.94201915055987,77.94201915055987,77.94201915055987,77.94201915055987,77.94201915055987,77.94201915055987,77.94201915055987,77.94201915055987,77.94201915055987,77.94201915055987,77.94201915055987,77.94201915055987,77.94201915055987,77.94201915055987,77.94201915055987,77.94201915055987,77.94201915055987,77.94201915055987,77.94201915055987
