index,Samsung_Pay_NFC,Private_(retailer_branded)_closed_loop_payments,Chase_Pay,Google_Pay,PayPal,Mobile_POS_payments,Visa_Checkout,Masterpass_by_Mastercard,Apple_Pay
Already_accept,0.0,43.49851831970333,0.0,0.0,99.34856147506024,99.33502407388131,99.34477413276512,99.33325560413196,99.35014996779977
Accept_within_2_years,99.31896699456392,99.32963258867191,99.3800418016168,99.38658357467206,99.39162293094908,99.4080869148106,99.38798426531427,99.38058173264648,99.38560543874873
Wait_and_see_approach,0.0,0.0,99.33507102440564,0.0,0.0,0.0,0.0,0.0,0.0
