index,Unnamed:_1,0,Unnamed:_3,6,Unnamed:_5,Unnamed:_6,Unnamed:_7,2,Unnamed:_9,Unnamed:_10,Unnamed:_11,Unnamed:_12,Unnamed:_13,Unnamed:_14,Unnamed:_15
Total_attendance,3204698.440310344,3154172.8217751426,3204698.440310344,3196815.155353777,3204698.440310344,3204698.440310344,3204698.440310344,1852777.698246081,3204698.440310344,3204698.440310344,3204698.440310344,3204698.440310344,3204698.440310344,3204698.440310344,3204698.440310344
Average_attendance,73308.3801560076,74548.97144880844,73308.3801560076,73303.42769575678,73308.3801560076,73308.3801560076,73308.3801560076,73669.08434426738,73308.3801560076,73308.3801560076,73308.3801560076,73308.3801560076,73308.3801560076,73308.3801560076,73308.3801560076
