index,Unnamed:_1,a,Unnamed:_3,bo,Unnamed:_5,Unnamed:_6,Unnamed:_7,2,Unnamed:_9,Unnamed:_10,Unnamed:_11,Unnamed:_12,Unnamed:_13,Unnamed:_14,Unnamed:_15
Total_attendance,681953.4364370902,640261.927766939,681953.4364370902,632894.4934188435,681953.4364370902,681953.4364370902,681953.4364370902,543018.988424004,681953.4364370902,681953.4364370902,681953.4364370902,681953.4364370902,681953.4364370902,681953.4364370902,681953.4364370902
Average_attendance,14636.55822711531,14912.618639022112,14636.55822711531,14876.771988520864,14636.55822711531,14636.55822711531,14636.55822711531,14526.216468445607,14636.55822711531,14636.55822711531,14636.55822711531,14636.55822711531,14636.55822711531,14636.55822711531,14636.55822711531
