index,December_2009,December_2010,December_2011,December_2012,December_2013,December_2014,2016_January
With_cold_a,380.8891831974029,439.1878640070046,399.7247956218873,435.1367505085965,391.2458335691113,509.5143175188583,482.55569795825625
With_flu_a,108.71624037287904,120.9245722123519,120.91544922436594,140.08354387767008,120.99565549374222,174.98404125041958,170.71410274851604
