index,Male,Female
Avid_fan,35.709383926949684,13.762734524153188
Casual_fan,43.60162139171163,44.66752986017517
Not_fan_at_all_a,19.768197240855468,40.62662838095986
