Unnamed:_0,index,Unnamed:_2,the
0,White_Hispanicak_non,65.58846555668788,97.4993363964806
1,White,59.761556554384654,97.4993363964806
2,Asian,35.78796583762977,97.4993363964806
3,Hispanic,34.266935694326,97.4993363964806
4,National_average,57.47721921871768,97.4993363964806
5,Black,57.47721921871768,97.4993363964806
