index,Unnamed:_1,or,the,Unnamed:_4,Unnamed:_5,Unnamed:_6,Unnamed:_7,Unnamed:_8,Unnamed:_9,Unnamed:_10,Unnamed:_11,Unnamed:_12,Unnamed:_13,Unnamed:_14,Unnamed:_15,Unnamed:_16,Unnamed:_17
Facebook_fans,7.778512496207561,4.729147648076115,1.2448753389522906,7.778512496207561,7.778512496207561,7.778512496207561,7.778512496207561,7.778512496207561,7.778512496207561,7.778512496207561,7.778512496207561,7.778512496207561,7.778512496207561,7.778512496207561,7.778512496207561,7.778512496207561,7.778512496207561
Twitter_followers,1.7775796480815202,0.0,0.0,1.7775796480815202,1.7775796480815202,1.7775796480815202,1.7775796480815202,1.7775796480815202,1.7775796480815202,1.7775796480815202,1.7775796480815202,1.7775796480815202,1.7775796480815202,1.7775796480815202,1.7775796480815202,1.7775796480815202,1.7775796480815202
