index,Under_18,18_29_to,30_44_to,45_and_over,Unknown
2017,27.63311791301811,295.30852586549,369.12829404830194,255.258798281276,32.01100985120513
2018,13.874459842599435,282.4042143345023,370.4603343227782,246.3289690026327,75.72663584141395
2019,12.383934743370672,268.97337947353043,364.6673895137588,279.1571033950678,71.03835493848686
2020,11.438326902027882,228.3106885229945,357.1231371221055,210.4145620043029,51.627254248697454
