Unnamed:_0,index,Jan,Jul,Jun,Nov,Aug,Feb,Oct,Sep,Apr,Mar,Dec,May
0,2019,4.967544837157445,5.186966372683496,4.88073355154368,5.07870403465116,5.055999885045259,5.001550440748469,5.12736048414954,4.99191230039484,4.87871288254556,5.0196747753885065,5.025999367975216,4.9964612495602925
1,2016,4.799188098201671,4.956447948301142,4.88073355154368,4.691195179685234,4.9515169330256255,4.964077141419562,4.701339709248233,4.859214476694001,4.988320417330966,4.9495017402179,4.729479090965971,4.964817830113865
2,2020,4.988123998601083,5.186966372683496,5.1045834242731685,5.07870403465116,5.055999885045259,5.323452996013582,5.12736048414954,4.99191230039484,5.192772492235747,5.234195754119504,5.025999367975216,5.205612122113163
3,2017,4.799188098201671,4.956447948301142,4.96858078755538,4.8120213014754825,4.9515169330256255,4.809750538030049,4.8560788372282735,4.956219170264377,4.87871288254556,4.927790365095577,4.801006827021741,4.964817830113865
4,2018,4.889821945742494,4.7714624630343,4.653421776071107,4.8364609508589975,4.723204372443855,4.891509789086337,4.800779904553622,4.765174710273888,4.87871288254556,4.820558818075185,4.801006827021741,4.689398898720008
5,2015,4.60443956113086,4.6339178487713815,4.572952190481815,4.730305497880182,4.593411056767841,4.641574558615094,4.701339709248233,4.720557064336525,4.58234507896972,4.621306680126327,4.692144054130106,4.65215519206776
