Unnamed:_0,index,Hi,was,06,I,po,wa,pric,qa,Rv,ga,this,14:1115,por,th,ALTERATION
0,Land_change_emissions_use,6.668387315625871,6.416312619611453,5.948257548121767,6.434526046528816,6.659325783321485,6.85875901284961,7.463662378945003,6.667349956323378,6.8877906153501485,6.8785664308903165,7.019585849660068,7.561318733073442,6.01400877833683,6.890270157097582,5.654540285821405
1,Fossil_fuel_industry_emissions_and,35.185040321017524,29.527512205462926,31.41938448629163,32.467164370214014,36.308629663723,28.18079211780426,35.86329438747954,26.399246794013063,35.73312386747789,26.983173453794723,36.109420532720144,36.12641135760242,26.205228074015043,36.69887646216381,37.40035996729246
