index,Unnamed:_1,Unnamed:_2,Unnamed:_3,Unnamed:_4,Unnamed:_5,Unnamed:_6,Unnamed:_7,Unnamed:_8,Unnamed:_9,Unnamed:_10,Unnamed:_11,Unnamed:_12,Unnamed:_13,Unnamed:_14,Unnamed:_15,Unnamed:_16,Unnamed:_17
Motor,14081.868071108716,14081.868071108716,14081.868071108716,14081.868071108716,14081.868071108716,14081.868071108716,14081.868071108716,14081.868071108716,14081.868071108716,14081.868071108716,14081.868071108716,14081.868071108716,14081.868071108716,14081.868071108716,14081.868071108716,14081.868071108716,14081.868071108716
Property,10650.483609003,10650.483609003,10650.483609003,10650.483609003,10650.483609003,10650.483609003,10650.483609003,10650.483609003,10650.483609003,10650.483609003,10650.483609003,10650.483609003,10650.483609003,10650.483609003,10650.483609003,10650.483609003,10650.483609003
General_liability,4245.526717983419,4245.526717983419,4245.526717983419,4245.526717983419,4245.526717983419,4245.526717983419,4245.526717983419,4245.526717983419,4245.526717983419,4245.526717983419,4245.526717983419,4245.526717983419,4245.526717983419,4245.526717983419,4245.526717983419,4245.526717983419,4245.526717983419
Other_llife_non-,4014.610116929151,4014.610116929151,4014.610116929151,4014.610116929151,4014.610116929151,4014.610116929151,4014.610116929151,4014.610116929151,4014.610116929151,4014.610116929151,4014.610116929151,4014.610116929151,4014.610116929151,4014.610116929151,4014.610116929151,4014.610116929151,4014.610116929151
MAT,2326.507789501964,2326.507789501964,2326.507789501964,2326.507789501964,2326.507789501964,2326.507789501964,2326.507789501964,2326.507789501964,2326.507789501964,2326.507789501964,2326.507789501964,2326.507789501964,2326.507789501964,2326.507789501964,2326.507789501964,2326.507789501964,2326.507789501964
