index,Strongly_prefer_theater,prefer_Somewhat_theater,Somewhat_prefer_streaming,Strongly_prefer_streaming,Don't_know/no_opinion
November_2018,27.7272028384642,24.71978379642921,14.752795756751286,14.746369533802364,16.755679657544754
March_2020,17.74791817548947,18.73922397742561,22.727885006014358,26.72297987156025,12.76261202169098
June_2020,13.732693775676754,15.71784845829896,19.835780118672886,35.5924457426963,13.74706521621713
