index,Two_more_or_races,Hispanic,American_Indian/Alaska_Native,Native_Hawaiian)_Pacific_Islander,Black,Asian,White
Gen_Z_and_(0-21_younger_years),52.24362051109414,52.2629223377114,55.26097524941327,57.12042619844424,73.62287788323792,62.03945922544254,42.20624435406872
Gen_X_(38_53_years),0.0,13.15805373493285,0.0,0.0,0.0,0.0,0.0
Millennial_(22-37_years),21.393362553133308,0.0,0.0,0.0,0.0,51.21961671247114,0.0
Silent_Greatest_(73_and_older)_and,11.485189559960986,24.501441756774938,24.526065183723844,98.55778015763404,98.52239592559462,98.5179784092972,98.6116503355769
Boomer_(54-72_years),0.0,0.0,0.0,0.0,24.6342318556582,23.781438052235472,35.49660306962255
