index,Daily,Sunday
December_2016_January_to,234247.6436531196,316136.28556029644
April_to_September_2013,269819.2540442145,377252.9638317577
April_September_2014_to,271342.6306891404,380557.1899230642
January_December_2017_to,213226.5159620723,287050.16774203064
December_2015_January_to,269610.3800329523,356383.4584664095
