Unnamed:_0,index,Unnamed:_2,the
0,Petroleum,56.29479556856359,2967.937264142563
1,Nuclear_electric_power,891.6576597715036,2967.937264142563
2,Hydroelectric_pumped_storage,56.29479556856359,2967.937264142563
3,Natural_gas,1652.8599932780494,2967.937264142563
4,Coal,1050.6558747397228,2967.937264142563
5,Other_gases,56.29479556856359,2967.937264142563
6,"Renewables""",801.1647563630577,2967.937264142563
