index,Under_40_LOOO_U.S._dollars,"40,000_80,_000_U.S_dollars_to",Over_80_000_U.S_dollars
A_frequent_air_traveler,2.991420491968128,6.164399802395991,19.05084961492159
An_sair_traveler_occasional,64.42786304975814,76.66908368328271,72.2775176543161
Never_flown,31.32104619061268,16.116840434271793,6.779043605936522
