Unnamed:_0,index,2020,2019
0,Global,-540.9895615618348,-263.5701661629625
1,Americas,-597.2643976613825,-310.32599395147673
2,EMEA,-359.5382622223927,-169.58373171957908
3,APAC,-540.9895615618348,-73.14281209147941
