index,Demon_Hunter,Monk,Shaman,Warlock,Rogue,Death_Knight,Priest,Mage,Warrior,Druid,Paladin,Hunter
US_realms,4.576440403102676,6.273839342797838,6.286871648231024,7.167732226319031,7.98123228324619,7.9991366047474335,8.769970850374989,8.767075958346835,8.768855661916898,7.997969597977479,8.764893750565623,11.551401940778236
EU_realms,4.581816735417158,6.283661102401742,6.564723625938933,8.003471826894724,8.000903171280685,8.000312369541927,8.771731943142905,8.771568824935848,8.768416301019142,8.77023760520577,8.771071077207825,7.998248030174314
