index,Strongly_support,Support,Neither_support_nor_oppose,Oppose,Strongly_oppose
2012,8.835164522911406,28.71433723150975,33.70381918134892,16.830938558457333,9.93787428710877
2014,9.935004127048998,31.87984917810328,33.70075799566121,12.86959713112936,6.957201125928933
2016,9.978032649742154,27.81542554629897,35.73717953883906,12.972717540731296,9.952793388650775
2018,8.823831927533952,28.723105307832128,36.64075463719189,13.846898570585076,7.854739814438901
2020,6.9569241387684215,24.76744450511498,40.74337861894321,15.892897661183696,6.978428848833602
