index,EBITDA_(in_million_euros),EBIT_(in_million_euros),Net_profit/loss_(in_million_euros),Revenue_(in_million_euros)
2017,4990.42857918259,0.0,0.0,35540.36420081574
2018,5010.556261544603,5009.358784751312,5011.583069916414,5009.448315726506
2019,5012.279732817187,5019.671633957085,5014.204648783976,35558.36272467379
