index,Unnamed:_1,Unnamed:_2,Unnamed:_3,Unnamed:_4,Unnamed:_5,Unnamed:_6,Unnamed:_7,Unnamed:_8,Unnamed:_9,Unnamed:_10,Unnamed:_11,Unnamed:_12
2016,21013.17762685481,21013.17762685481,21013.17762685481,21013.17762685481,21013.17762685481,21013.17762685481,21013.17762685481,21013.17762685481,21013.17762685481,21013.17762685481,21013.17762685481,21013.17762685481
2017,5832.675238990014,5832.675238990014,5832.675238990014,5832.675238990014,5832.675238990014,5832.675238990014,5832.675238990014,5832.675238990014,5832.675238990014,5832.675238990014,5832.675238990014,5832.675238990014
2018,3841.519665125416,3841.519665125416,3841.519665125416,3841.519665125416,3841.519665125416,3841.519665125416,3841.519665125416,3841.519665125416,3841.519665125416,3841.519665125416,3841.519665125416,3841.519665125416
2019,1179.73926980565,1179.73926980565,1179.73926980565,1179.73926980565,1179.73926980565,1179.73926980565,1179.73926980565,1179.73926980565,1179.73926980565,1179.73926980565,1179.73926980565,1179.73926980565
2020,1085.928938837118,1085.928938837118,1085.928938837118,1085.928938837118,1085.928938837118,1085.928938837118,1085.928938837118,1085.928938837118,1085.928938837118,1085.928938837118,1085.928938837118,1085.928938837118
