Unnamed:_0,index,1950,1993,ISTE,200,jost,2016,reas,joos,IST,joss,ROOTER,201,195,earo,the,1990
0,West_Germany,102346.364829528,68347.00428762188,63932.42159804315,67540.32859426142,17988.333350057976,68383.95998265712,102346.364829528,102346.364829528,63005.48764389104,56834.914273514354,66625.77549000033,102346.364829528,63178.18977303044,102346.364829528,67603.62733295801,63215.73717441877
1,East_Germany,102346.364829528,16217.248966849562,18045.50394868833,17993.599882627605,17988.333350057976,17722.536088032066,102346.364829528,102346.364829528,18040.67341027361,18771.067427880167,18814.230849216263,102346.364829528,63178.18977303044,102346.364829528,17960.928003177913,18028.936170801742
