index,All,More_than_million,500_000_to_million,"200,_000_500,_000_to","100,_000_200,_000_to","75,_000_100_000_to","50,_000_to_75,_LOOO","40,_LOOO_to_50,_LOOO",30_000_40_000_to,"20,_LOOO_to_30,_LOOO","000_to_20,_000_10,","Less_than_10,_LOOO"
Households_that_income_pay_tax,40.00835953120361,29.9848260491148,29.988311310980933,50.044527884006406,9.926634281978709,9.98656230845397,39.98623417136785,59.9768424419516,39.99126773055294,50.0029373047903,30.008069623680925,0.0
Households_that_don't_income_pay_tax,3.290915508841856,70.06694952295875,100.14317290084652,100.11409294626324,100.0784661789424,100.14624082331189,100.13917791146798,100.12454236026775,100.14164371830928,100.10499112436968,100.04391302519456,100.10463112931406
