index,None_of_these,Eyeliner,Nail_varnish,Concealer,Bronzer,Foundation,Fake_tan,Eyebrow_waxing,Manicure,Facials,Lip_balm,Waxing_hair_removal,"Skin_(moisturizer,_eye_care_cream)"
Millennials_(18-34),32.047987134213955,41.02767963621865,20.1193992041837,20.1545116326365,20.1480359250138,20.13381791130778,41.013042396261575,23.971593407622606,32.02138856654058,32.052901893029514,41.03092194988373,41.021658833676895,41.00937193663797
Gen_Xers_(35-47),20.140748524011407,20.114078598678283,20.117298613074688,20.13041504290825,20.105368504334532,20.09307268758814,23.97054088214123,23.9648456489221,25.006841415628934,41.029699949960445,41.022978950382345,20.069698594164905,0.0
(48-67)_Boomers,0.0,0.0,0.0,20.14046309337239,20.112856598754988,0.0,0.0,0.0,27.016500566847405,27.018815230935687,0.0,0.0,0.0
