index,18_34_to,35_to_44,45_to_64,65_older_and
Somewhat_oppose,4.469221004595553,3.6775851356707534,6.843927756531812,8.49725096678128
Strongly_support,50.12347216419748,42.16146586538976,35.10985420616811,28.067120330794523
Neither_support_or_oppose,12.472610095231971,13.5904409165408,14.39597594026845,15.737056914226956
Somewhat_support,23.051882143737075,26.472493599425817,25.73491446261957,26.4409794753136
Don't_know_opinion_no,4.59335598975909,0.0,0.0,0.0
Strongly_oppose,5.123150796456386,11.807847532431367,17.589139377189312,20.278873552506127
