index,In_sexy_attire,Some_nudity,attractive_Referenced
13-20_olds_year,36.90949438432128,32.99492602451401,13.792890720498605
21-39_olds_year,35.25205149791744,32.98748439867925,11.973723935600232
40-64_folds_year,24.959190285548207,22.988627731984693,7.056878527068001
