index,$150_or_more,$50-$150,than_$50_Less
65_older_years_or,15.647141454141291,55.54217631110282,28.542182541890767
18_24_to_years,30.260556512494773,52.52402989317207,17.25392845809268
25_34_to_years,27.73823041754659,51.4196076881048,20.69575556575877
35_44_to_years,31.806711503989757,46.90825508502125,20.95430318627456
45_54_to_years,21.269073999630884,52.13769096022244,26.626451585595888
55_64_to_years,22.12556240918358,48.29087552668959,29.64985335088553
