index,Haircuts,Hair_color,Facial,Tanning,Hair_removal,Manicure,Pedicure
2014,258.8561603346858,275.7617670582911,204.71381169414735,137.61964464298703,191.60392950726015,137.7702245331015,196.70092756332923
2015,326.03847321204466,343.1088074461592,348.53394828019555,321.68455328746217,281.31665592400566,231.79192654992903,299.00060731109613
2076,268.7845912593564,289.7306968563065,245.11580687313497,222.002326839306,201.61150509095057,173.7942488328356,250.07329708983332
2017,275.78343957243203,295.1274809381604,241.12025232429065,210.49231497728948,196.7881507186325,164.92032822251497,227.08564886232685
