Unnamed:_0,index,the,S,illi,I,manuanting,fip
0,Already_discharged_from_hospitalJend_of_medical_treatment,25831.851590378443,207415.30704278097,135417.31767722158,5071.10056742953,207415.30704278097,207415.30704278097
1,Number_of_deaths,6389.275917562918,207415.30704278097,6323.137094251288,5071.10056742953,207415.30704278097,207415.30704278097
2,Patients_with_symptoms,25831.851590378443,207415.30704278097,13348.757139057998,5071.10056742953,207415.30704278097,207415.30704278097
3,Need_inpatient_treatment,25831.851590378443,207415.30704278097,13348.757139057998,6214.771039402782,207415.30704278097,207415.30704278097
