Unnamed:_0,index,04,o,8,Q2
0,2016,164.4855657160421,169.47158085030628,172.46790097470614,172.4686482788939
1,2017,164.4855657160421,177.38953163068547,172.46790097470614,172.4686482788939
