Unnamed:_0,index,Jun,July,Jan,Nov,Oct,Feb,May,Apr,Aug,Mar,Dec,Sep
0,2019,2.3896626237149343,2.724083611466229,2.6311192930871647,2.8376735740659536,2.467734316270003,2.607275148391949,2.034966471147264,2.5596111863954616,2.568041246890268,2.3989250384341902,3.2465860728968297,2.426048295924468
1,2020,1.2326108097331845,1.5630180523694572,2.897043960494236,1.8489388754985137,1.6067345167304778,2.607275148391949,1.088505498781328,1.7906147044527445,1.3851779304905878,0.8527101026100614,1.9991194376770995,1.2846774802619962
2,2015,1.5655945570411072,1.949790904674619,2.032107658751536,1.969029337668832,1.6820628489288765,1.9576114058917784,1.5951475301819462,1.678324951721462,1.8168830670823763,1.852283686001516,2.201142226122852,1.6414091622325868
3,2012,1.2326108097331845,1.5630180523694572,1.7500245163779369,1.8489388754985137,1.6067345167304778,1.9576114058917784,1.088505498781328,1.3837707900431138,1.3851779304905878,1.6319481425175704,1.9991194376770995,1.2846774802619962
4,2013,1.2326108097331845,1.5630180523694572,2.1061734404370904,1.7566044579468352,1.463673222074677,1.9576114058917784,1.278262745063274,1.3837707900431138,1.3851779304905878,1.852283686001516,1.9991194376770995,1.2846774802619962
5,2016,1.6627394762202128,2.2025320487644677,2.1061734404370904,2.17464584571608,1.8783401116737333,2.071007848883177,1.5951475301819462,1.7906147044527445,1.9505413429284968,2.0078214976782114,2.5044161779368816,1.8138227633899109
6,2078,2.182237916827389,2.539559916069116,2.897043960494236,2.3611859659525063,2.067046057185731,2.831463216464945,1.9623366929189483,2.441351876030349,2.438176395184633,2.719622489699857,2.8296300030161845,2.1814227429658954
7,2017,2.075401486183861,2.3629244812406585,2.3889913525735533,2.611438568829035,2.2465842861390826,2.362838304540076,2.034966471147264,2.2841145828501355,2.21641886741962,2.285878525075461,3.088917964935154,2.1814227429658954
8,2014,1.5655945570411072,1.7791074347883244,1.93514581352008,1.969029337668832,1.6067345167304778,1.9576114058917784,1.4106205361551458,1.678324951721462,1.8168830670823763,1.852283686001516,2.1350633890107664,1.558894765260234
