Unnamed:_0,index,Unnamed:_2,the
0,2019,-0.3751661364084886,2.150214567938318
1,2016,-0.2679110194522587,2.150214567938318
2,2020,-0.3751661364084886,2.150214567938318
3,2017,-0.3751661364084886,2.150214567938318
4,2018,-0.2679110194522587,2.150214567938318
5,2015,0.9300042138600468,2.150214567938318
