index,Male,Female
A_frequent_air_traveler,7.750538495486992,6.024890331388065
An_sair_traveler_occasional,73.75814270275767,67.37488053226942
Never_flown,17.87814707616303,24.820335240446667
