index,SAS_Institute,Jack_Henry_&_Associates,Equifax,CA_Technologies,Wincor_Nixdorf_Inc,Total_Systems_Services_(TSYS),Nomura_Research_Institute,Diebold,Sungard,Infosys,NCR,Cognizant,Fiserv,FIS,Tata_Consultancy_Services
from_financial_Revenue_services,0.0,0.0,0.0,0.0,12.488066913001656,12.48877032369604,12.48353923633328,0.0,0.0,17.44794019314132,17.453935604022153,0.0,0.0,0.0,19.851209040098645
Total_revenue,3.049071900437726,3.0447174280593075,3.049488226345698,4.542060569593167,12.48987575902675,12.487072709783764,12.491079714228812,3.041318492497659,12.4896548838313,17.459515748348466,17.45573703457306,17.45283069836817,10.01373451754925,19.857738365121,15.054006368832972
