index,Yes,No,No_opinion
Total,62.22451057656845,27.27767398781812,9.362092615230123
Male,73.8713475185224,18.65012640701795,6.319692343696289
Female,50.83277323974424,35.67692897884162,12.053804988533985
