index,>ob_of_of,ob_of,ob_a,01_>,01,01.1,of,08,.80_>_a,.80,.80.1,to_>_of,to,>to,the_>,Unnamed:_16,Unnamed:_17,a_>,a,Unnamed:_20,the,Unnamed:_22,the_2,the.1,the_>.1,Unnamed:_26,Unnamed:_27,the_>.2,6,the_to,Unnamed:_31,to_>,6_of,to_,6.1,11_>_of,Unnamed:_37,Unnamed:_38,to_the_the_of,to_to_OB
iPod,20.77287653918732,13.936148273855991,8.281785097999077,9.509455869165263,8.955402573343036,8.955402573343036,10.13239053546836,11.065500547802545,10.971283925120858,10.905749416514013,10.905749416514013,21.048783464927357,10.9136612995471,9.296684047379756,10.05460060617574,15.486680474112518,15.486680474112518,6.550276263760267,7.830475539853751,15.486680474112518,5.308319806433246,15.486680474112518,3.659005962335996,5.308319806433246,10.05460060617574,15.486680474112518,15.486680474112518,10.05460060617574,9.00496566021279,5.778775383240287,15.486680474112518,22.23675946989645,12.2091060236623,0.0,9.00496566021279,0.0,15.486680474112518,15.486680474112518,0.0,0.0
iPhone,78.45338928827015,23.24503237104493,45.31696504596522,46.937252246088846,47.79595610492216,47.79595610492216,40.10955558596169,4.051696219128885,6.630194895641893,7.021913085934628,7.021913085934628,8.072040217467276,8.696599096150422,8.154001419463185,36.87433370378501,37.98842035010145,37.98842035010145,15.805001491322272,17.031220315057823,37.98842035010145,35.657084962057425,37.98842035010145,50.55154314941672,35.657084962057425,36.87433370378501,37.98842035010145,37.98842035010145,36.87433370378501,62.31961398870138,37.101477344206046,37.98842035010145,60.70106789503061,42.84611965818696,35.1458395061607,62.31961398870138,46.22790209838397,37.98842035010145,37.98842035010145,51.811119850139335,46.63048528512803
iPad,0.0,0.0,0.0,0.0,0.0,0.0,0.0,0.0,0.0,0.0,0.0,0.0,0.0,3.072136193653364,16.17881027919718,11.388208168902338,11.388208168902338,15.018390513812207,11.34012779106132,11.388208168902338,13.945032223389248,11.388208168902338,0.0,13.945032223389248,16.17881027919718,11.388208168902338,11.388208168902338,16.17881027919718,11.97809872651905,9.580632054864909,11.388208168902338,8.886988779153384,10.04822680304801,9.770215783997472,11.97809872651905,10.405184387479975,11.388208168902338,11.388208168902338,13.198011422642692,9.65285413490018
