index,Demon_Hunter,Monk,Rogue,Shaman,Priest,Warlock,Mage,Death_Knight,Paladin,Druid,Warrior,Hunter
US_realms,8.034569880527116,4.027740270394995,8.021394021228229,8.032627890679748,8.024122241783035,8.024750884509546,6.540278940981421,8.65213632556788,5.423680585229118,9.007171449570137,14.572871622199052,11.056700223904832
EU_realms,5.637950330729657,6.542779496470508,8.02348026731844,8.026122002495427,8.02613533423351,8.655148614695678,8.65516023723657,8.654634488180902,9.0097383219102,14.575295263814589,14.577716170714616,8.022837267335532
