index,Education,Military,Retail,Real_estate,Video_entertainment,Live_events,Engineering,Healthcare,Video_games
2020,0.0,0.0,13.91682118664408,15.658310195467612,13.92108366500711,15.65352184192693,13.92163804916875,13.924873433595064,13.928308766165843
2025,13.911483457276782,13.914639864112312,13.910647450584106,13.916394707653854,13.921166495163297,4.041948658401886,15.65593508889602,15.652507846712588,13.910902105157312
