index,SV,S>>_Su,bett_So_abo,Unnamed:_4,Unnamed:_5,so,Unnamed:_7,,has_a,has_a.1,Unnamed:_11,Unnamed:_12,Unnamed:_13,Unnamed:_14,Unnamed:_15,Unnamed:_16
Female,0.0,37.29113465096843,30.61863548661175,47.253474148525726,47.253474148525726,37.30507917690754,47.253474148525726,41.45255926739905,42.52627985516675,42.52627985516675,47.253474148525726,47.253474148525726,47.253474148525726,47.253474148525726,47.253474148525726,47.253474148525726
Male,0.0,61.02305679511291,67.56436826393578,51.08673969706763,51.08673969706763,60.872419531068445,51.08673969706763,56.8592593155049,55.68903438231287,55.68903438231287,51.08673969706763,51.08673969706763,51.08673969706763,51.08673969706763,51.08673969706763,51.08673969706763
