Unnamed:_0,index,Unnamed:_2,BALLER,I,the
0,Blackberry,-464055047.1295568,3493479323.9483924,3493479323.9483924,3493479323.9483924
1,Apple,568317233.7947121,3493479323.9483924,3493479323.9483924,3493479323.9483924
2,Nokia,-629279675.6421058,3493479323.9483924,3493479323.9483924,3493479323.9483924
3,HTC,-629279675.6421058,3493479323.9483924,3493479323.9483924,3493479323.9483924
4,Sony,-464055047.1295568,3493479323.9483924,3493479323.9483924,3493479323.9483924
5,Samsung,2373444684.8051395,3493479323.9483924,3493479323.9483924,3493479323.9483924
