index,Unnamed:_1,a,Unnamed:_3,bo,Unnamed:_5,Unnamed:_6,Unnamed:_7,2,Unnamed:_9,Unnamed:_10,Unnamed:_11,Unnamed:_12,Unnamed:_13,Unnamed:_14,Unnamed:_15
Total_attendance,589548.8556619482,660795.5463051577,589548.8556619482,685229.9764464875,589548.8556619482,589548.8556619482,589548.8556619482,502777.3613925056,589548.8556619482,589548.8556619482,589548.8556619482,589548.8556619482,589548.8556619482,589548.8556619482,589548.8556619482
Average_attendance,14726.959392157964,15076.236303103506,14726.959392157964,14778.157952633454,14726.959392157964,14726.959392157964,14726.959392157964,14543.539306571123,14726.959392157964,14726.959392157964,14726.959392157964,14726.959392157964,14726.959392157964,14726.959392157964,14726.959392157964
