Unnamed:_0,index,Unnamed:_2,I
0,Imports,-2864.849540234647,27639.632961464187
1,Exports,-643.4002564290458,27639.632961464187
2,Trade_balance,-43664.87903367122,27639.632961464187
