Unnamed:_0,index,>o,of,Unnamed:_4,a_a,1,a,it_of,_of,<,&,6,2_a,OB_a_of,a_of,6_the_of,o_of
0,UK,73.4666223174836,171.26688769095017,182.3289174358172,171.48733288707967,168.49833336429225,162.83945600176617,81.89806307303758,176.70403695610833,68.40156786567593,73.33603366225941,77.42341046197942,84.1667135504706,77.3376698958806,73.4706848380718,77.54336172776863,72.02902457143415
1,Continental_Europe,211.06363337141505,203.10852315483052,91.98204098628912,0.0,0.0,198.668535604318,98.72550443743512,209.8237360516229,87.04110722929545,88.34458834171517,101.32300526564144,102.22130340360376,195.24880199074204,80.95374085314802,0.0,0.0
2,US_&_Canada,0.0,85.75930180238271,98.3191989243942,0.0,0.0,0.0,0.0,0.0,0.0,0.0,0.0,95.87094227358696,80.92428757888342,83.1363300391726,83.14632597798834,85.88363631406975
