index,"&""",,Unnamed:_3,Unnamed:_4,I,Coo,ard_6,Unnamed:_8,Unnamed:_9,is,to
Popular_vote,2.301852822545144,8.286388401887447,27.000017217167603,27.000017217167603,16.348118297783813,18.586834522921777,13.311517938161046,27.000017217167603,27.000017217167603,8.305561649210883,3.1788783192064187
Electoral_vote,0.0,4.8539110236417855,16.29785464272053,16.29785464272053,2.273697843683962,7.0385457031677845,8.294176060660991,16.29785464272053,16.29785464272053,0.0,0.0
