index,United_States,China,Russia,Japan,France,Germany
2014,19.07080065648329,2.57791002901358,4.268428670666999,1.742654762990291,2.3273087985582066,1.9052714384463627
2016,35.6747812568795,4.852174284192536,3.0483356989206385,2.9046908928521877,2.764561086646232,1.906252899446926
2018,40.74805587982444,5.733526262698078,4.137177662814963,2.888622322052278,3.0617839970957874,1.9681579814405692
