index,34_18_to,35_54_to,55_to_64,65_to_74,75_older_and
Male,1193024.163260227,3387463.7092216685,2711633.529276076,4306344.276335625,4060288.3182421383
Female,248383.98823296465,634098.3487407132,391564.1244617789,196409.09543069545,121675.484449361
