index,Total,Liberalized_rental,Social_rental,Other_rental
Rent_increase_ind._harmonization_rent,2.4911168159383106,3.2982817754489178,1.997599301712479,3.2974449895384392
Rent_increase_excl._rent_harmonization,2.099770940773332,2.593190009597931,1.694107214087934,2.996626210601806
