index,No_college_degree,college_Some,College,Postgraduate
Barack_Obama,50.54227225042904,48.47759870548514,46.58325991638107,54.467979599423536
Mitt_Romney,46.56546161014835,47.45540556712686,50.55203712945658,41.56946559248754
