index,Several_times_a_day,Every_day,Several_times_a_week,At_least_once_a_week,At_least_once_month,Less_than_once_month,Never
Male,48.95654377150425,20.794569770957203,15.94610656032708,5.943025783510649,3.8780473057599063,1.9352921699321897,0.8344931834213867
Female,45.95358392237594,23.833557433453777,16.873431898996586,5.938182917524443,2.9352029137814384,1.9317564746699676,0.8853979816592954
