index,Unnamed:_1,the,Unnamed:_3,>In,a_the,Unnamed:_6,Unnamed:_7,Unnamed:_8,Unnamed:_9,call,Unnamed:_11,an,Unnamed:_13,the_a,Unnamed:_15,still_>oo_
Favorable,64.54754128185996,80.40343242950573,64.54754128185996,69.68047952067207,75.74570547475254,64.54754128185996,64.54754128185996,64.54754128185996,64.54754128185996,62.838280935763606,64.54754128185996,60.7463784503511,64.54754128185996,65.91255198142314,64.54754128185996,60.816534609992246
Unfavorable,8.805867800243647,0.0,8.805867800243647,10.43852548604498,7.4242980591019005,8.805867800243647,8.805867800243647,8.805867800243647,8.805867800243647,8.73849861260237,8.805867800243647,12.529731228457536,8.805867800243647,12.565883725053752,8.805867800243647,10.501701192452856
