Unnamed:_0,index,the,Message-ID:,Newsgroups:,I,VALLES,From:
0,Cases,569447.010176505,701446.4505922624,701446.4505922624,565418.1148477544,701446.4505922624,27547.186718819317
1,Deaths,35289.150699039456,701446.4505922624,701446.4505922624,35504.21408085234,701446.4505922624,27547.186718819317
