index,5-19_years,20-39_years,40-64_years,65-79_years,80_older_years_and
2015,50.02119877232823,24.035333442968884,8.0287867225192,1.956015203617241,0.0
2016,58.244377636565545,24.07905215757215,11.030965267088815,2.8065899587388543,0.0
2017,66.44523057649204,36.17931509810841,17.06109902861673,6.808681657172102,3.011260433085056
2018,73.36159220380387,46.13911642371306,21.95602444256792,8.823678321910918,5.894071734908636
