index,Democrats,Republicans,Independents
Hillary_Clinton,88.19727617511299,6.636684552161057,41.61723826482368
Donald_Trump,8.661769522123876,89.42157294653929,47.52516280069385
