index,Subscribers'_average_usage_daypart_(9_am_to_5_pm),"speak_Subscribers""_average_usage_hours_(6_pm_to_11_pm)",Overall_daily_average_usage
January_2020,4.3724814128664775,4.954171619163418,12.13902538696546
March_11-18_2020,6.245388009855649,5.802334176994449,15.405272091489085
