index,Other,Norway,Austria,Switzerland,Portugal,Netherlands,Kuwait,United_Arab_Emirates,Sweden,Saudi_Arabia,Italy,Russia,United_Kingdom,Turkey,Spain,Germany
2012,295.50028017904884,0.0,0.0,0.0,0.0,0.0,0.0,0.0,0.0,91.36663145048578,91.28000850503986,91.43628861321338,91.4327448465881,550.4912546484252,550.4956843567068,0.0
2013,296.4414160005493,296.58956759402605,296.54019849522814,296.6163008835053,296.60615685154056,296.58750777967515,296.6238756846668,296.64002197135306,296.3723789969811,296.7322263492337,296.5345284686277,91.30685253722618,296.5323136144869,296.64420804567914,550.5758177795202,296.4269751515514
