index,Malaysia,Sri_Lanka,Bangladesh,Kazakhstan,Philippines,Tajikistan,Vietnam,Pakistan,Thailand,Indonesia,South_Korea,Japan,China,Singapore,India
Exports,0.0,0.0,0.0,0.0,0.0,0.0,0.0,0.0,0.0,157615.2904310368,157629.26331741698,0.0,0.0,0.0,0.0
Imports,0.0,0.0,0.0,0.0,0.0,0.0,0.0,0.0,0.0,157628.73367386495,157621.43591347252,157639.8723607797,157666.60116629457,175701.76464275172,0.0
