index,Private_(black)_before_June_1864,Private_(white),Corporal,Private_after_June_1864,Sergeant,First_Sergeant,Quartermaster_Sergeant,Serg_eant_Major,First_Lieutenant,Second_Lieutenant,Captain,Major,Lieutenant_Colonel,Colonel,Brigadier_General,Major_General,Lieutenant_General
Union,790.3026268196662,300.2835979723531,894.9902933657645,894.9584912517976,895.2126751810129,102.8782660508938,399.09148466363433,895.0483060132206,894.967169850664,894.9031579033203,895.1482555142594,895.1111530479646,895.1301993689668,895.0969411142505,313.65166899940414,895.0546547868879,300.5208906688753
Confederacy,0.0,0.0,0.0,0.0,0.0,0.0,0.0,103.0507313612527,103.12767383845107,895.132004983496,895.0806905834872,0.0,0.0,0.0,313.99473575996274,0.0,0.0
