Unnamed:_0,index,the_a_a,the_a,12_of,Unnamed:_5,the_of,in_of,in_Ok,of,to_a,>,to_the_the_L_OB_Or,the_the_>>_Or
0,PCs,1.9209391558605944,1.7861638889883622,2.172676921258448,0.0,1.609071715111904,0.0,0.0,0.0,0.0,0.0,0.0,0.0
1,Smartphones,8.751129106133597,7.352724116454885,8.673390759247653,15.132994741314176,10.630813159260876,15.70491031885932,11.42160691555125,6.583409358352181,7.185635190597623,6.755717152371165,12.093695211588289,5.995337577378358
2,Digital_Cameras,5.009665173546148,5.0148790331971576,10.225738586292756,7.458403692474434,8.092103006033,0.0,2.6463242665098683,0.0,0.0,0.0,0.0,0.0
3,TVs,8.623220507447279,3.5721624971232337,2.004966940072918,2.958482200879846,8.189037722349703,4.647877906532674,5.60234478437485,5.526252985385415,5.5480149644283046,1.9041330981670583,2.3873517073887776,3.381854115605943
