index,use_it_regularly,it_use_occasionally,have_used_it_once,imagine_using_it_can,won_'t_use_it
18_29_to_years,25.718355777940022,22.623310607598853,14.693253505769697,23.618617576873604,11.79860895845016
30_45_to_years,16.778377304903145,26.56109628383001,15.7301504150401,26.56095625036201,12.808466678081516
46_60_to_years,8.835290725392454,9.973584595809308,7.768795833113209,50.52719099864868,21.73731249041248
61_folder_years_and,3.842340137474679,4.876385456124012,5.960951030932755,54.45696612399455,28.58946833747811
