index,Unnamed:_1,Unnamed:_2,Unnamed:_3,Unnamed:_4,Unnamed:_5,Unnamed:_6,Unnamed:_7,Unnamed:_8,Unnamed:_9,Unnamed:_10,Unnamed:_11,Unnamed:_12,Unnamed:_13,Unnamed:_14,Unnamed:_15,Unnamed:_16,Unnamed:_17
Federal,360.88517496285294,360.88517496285294,360.88517496285294,360.88517496285294,360.88517496285294,360.88517496285294,360.88517496285294,360.88517496285294,360.88517496285294,360.88517496285294,360.88517496285294,360.88517496285294,360.88517496285294,360.88517496285294,360.88517496285294,360.88517496285294,360.88517496285294
Nonfederal,5948.093430025146,5948.093430025146,5948.093430025146,5948.093430025146,5948.093430025146,5948.093430025146,5948.093430025146,5948.093430025146,5948.093430025146,5948.093430025146,5948.093430025146,5948.093430025146,5948.093430025146,5948.093430025146,5948.093430025146,5948.093430025146,5948.093430025146
