index,2024
Urea_(CH4N20),182.31865276831172
oxide_(K20)_Potassium,43.75350677283632
