index,Unnamed:_1,Unnamed:_2,Unnamed:_3,to,Unnamed:_5,Unnamed:_6,Unnamed:_7,Unnamed:_8,Unnamed:_9,Unnamed:_10,Unnamed:_11,Unnamed:_12,Unnamed:_13,Unnamed:_14,Unnamed:_15
Total_attendance,2300537.583450816,2300537.583450816,2300537.583450816,2547307.382569828,2300537.583450816,2300537.583450816,2300537.583450816,2300537.583450816,2300537.583450816,2300537.583450816,2300537.583450816,2300537.583450816,2300537.583450816,2300537.583450816,2300537.583450816
Average_attendance,74007.45571105089,74007.45571105089,74007.45571105089,58298.05391964223,74007.45571105089,74007.45571105089,74007.45571105089,74007.45571105089,74007.45571105089,74007.45571105089,74007.45571105089,74007.45571105089,74007.45571105089,74007.45571105089,74007.45571105089
