index,White,Hispanic,African_American,Other
SIFFL,33.41369399850487,27.371345943817687,35.2239423826866,27.34449610000816
NNA,5.957878584821273,14.958889790179228,30.045530258397942,17.980167886684868
MLB,19.72115246190057,16.606293062229312,10.273990977203653,12.50522802998811
NHL,5.555622365387983,4.601608793612925,0.0,4.735805978079561
MLS,3.055551540541586,9.95619266439602,0.0,9.0813005638814
don't_follow_of_these_any_leagues,33.07938916027172,27.121366034947584,24.97996957711496,30.07723088148313
