index,Other,Consumer,Tablet_PC,Memory_card,"SSD_(client,_enterprise)",Smartphone
2019,0.0,6.974584527685678,11.998852159392053,14.978446429746835,27.95770031531804,0.0
2020,2.9947515371416173,2.9968941579150936,12.006073501472894,12.023840009233222,6.994313319910297,29.99058306335485
