index,Male,Female
Avid_fan,23.970679247353345,9.002280514377944
Casual_fan,28.5502009700091,28.538248337755192
Not_all_a_fan_at,46.7561564459412,61.688224418247785
