Unnamed:_0,index,10_000_000,6_000,000_LOOO,8_000_LOOO,2_000_LOOO,a,Unnamed:_8,the_>_1,>,no_>_or,no_5_6,o,o_6_61,are,no,5,o_6',6,0_had_of,to,20,o_ind_6,o_BI,0
0,Brazil,0.0,0.0,0.0,0.0,0.0,0.0,142479.97518610422,0.0,0.0,0.0,3628.391767625166,0.0,7831.56794628522,0.0,105685.58166690991,0.0,0.0,0.0,98650.9899284776,91073.36330462708,77285.58984089913,120443.0877244198,134812.61567654356,109617.50109473072
