index,1st_month,2nd_month,3rd_month,6th_month,12th_month
Average,35.9304143848019,29.010083406408164,24.889817873642137,17.915689118561367,10.890556894494663
Messaging_apps,68.01944617556708,67.08905936617012,65.13949294345387,61.96318499603833,61.970575204563545
