Unnamed:_0,index,Unnamed:_2,the
0,65+,69.8996840600062,107.52566919062772
1,25-44,50.72282870548277,107.52566919062772
2,National_average,57.65208458047383,107.52566919062772
3,18-24xk,41.20972457840369,107.52566919062772
4,45-64,63.34651889384734,107.52566919062772
