index,Other,Abraxane_(cancer),Otezla_(psoriasis),Pomalyst/Imnovid_(cancer),Revlimid_(cancer)
2013,0.0,0.0,0.0,0.0,4.272341683804884
2014,0.0,0.8806243644603651,0.0,0.6778497062599413,4.96733943844658
2015,0.0,0.8824206511022901,0.4324442107731467,0.679733005144783,5.793336336976295
2076,0.6793547231056589,0.9871745428723332,0.9931348815121837,0.6802395933726171,5.79379057038
2017,0.0,0.9976477198736706,1.2677410958085904,0.0,8.15245651046986
2018,0.8802062632592271,0.8809650395131445,1.0320750723934484,2.026835903021169,2.0265667549816357
