index,Asians,Foreigners_in_general,Italians,French_people_of_Asian_origin,Your_colleagues,Your_neighbors,Your_friends_and_family
Total_worried,60.50031545661126,57.38893448544557,56.3007773918666,46.3309552975313,37.2136702666996,37.22261237056004,22.11431096776325
Very_worried,27.216977794312115,24.09338363125516,20.97187754097228,18.090154067398814,9.903464768644676,11.004679096518714,5.886426298191879
A_bit_worried,33.15871768264599,33.15672452227073,35.129905837578605,28.2027176301052,27.1213128757567,26.07857136501401,16.11129156707574
