Unnamed:_0,index,Unnamed:_2,the,State
0,Standard_Chartered,-9334763477.809244,10697991495.009266,10697991495.009266
1,Barclays,-5855200632.554956,10697991495.009266,10697991495.009266
2,HSBC,380122015.5264122,10697991495.009266,10697991495.009266
3,NatWest,-9334763477.809244,10697991495.009266,10697991495.009266
4,Halifax,-11011329901.669807,10697991495.009266,10697991495.009266
5,Nationwide_Building_Society,-11417892190.02242,10697991495.009266,10697991495.009266
6,Lloyds_Bank,-8471941693.6036625,10697991495.009266,10697991495.009266
