index,Army_Size,Total_Casualties,Killed,Wounded,Missing_Captured_or
Union,65259.67304509208,12831.597417207216,1551.9881870554673,8257.380788867551,2790.874426705792
Confederacy,45011.03412976195,10449.506842707036,1586.926222490627,7833.447792713749,0.0
