index,March_2015,2016_March,2017_March,2018_March,2019_March
Ever_done,27.005826805140742,28.949368292020907,34.01147541209479,36.044365837203095,0.0
Past_three_months,19.88284112207908,21.97416034438177,25.916093454844894,27.95800585206519,33.991746852023404
