Unnamed:_0,index,2017,QI_2018
0,Western_Digital,32.44447697775888,32.169062849711366
1,Seagate,17.032200291033917,17.044994618236586
2,Samsung,12.762603423422432,13.213469589690035
3,Toshiba,16.96344929592749,17.361486169907636
4,Other,15.050110640169237,15.704398633866615
5,Hitachi,0.0,2.504782919402288
6,Sony,4.306715227385553,0.0
