index,Nonmobile_consumer_electronics_and_appliances,Mobile_electronics
A_lot_less,9.833673077723091,0.0
Somewhat_less,9.425595193709242,20.61489155782941
About_the_same,0.0,77.6213130800151
Somewhat_more,0.0,13.880048383159462
A_lot_more,0.0,3.498752351850115
