index,Other,Peugeot,MV_Augusta,Moto_Guzzi,Aprilia,Mash,Kymco,Husqvarna,Ducati,Piaggio,Triumph,Honda,Harley-_Davidson,Suzuki,KTM,Kawasaki,Yamaha,BMW
2016,0.0,0.0,0.0,0.0,0.0,0.0,0.0,1021.0010778465272,1020.3989410984618,1020.2046535169015,1020.2372927051152,1021.2939864235054,0.0,0.0,0.0,3033.13542191554,3033.656945496165,3035.057476180041
2017,0.0,0.0,0.0,0.0,0.0,0.0,0.0,0.0,0.0,0.0,0.0,0.0,0.0,0.0,3033.9227016450195,3034.837161659603,3034.357281181181,0.0
2018,0.0,0.0,1318.7219654808855,1317.310179904524,1319.146978358433,1318.6469797596897,0.0,0.0,0.0,1022.1994425241004,1020.8957039156152,1021.3639074430826,1019.6673730867948,0.0,0.0,0.0,0.0,0.0
