index,Unnamed:_1,and,to,Unnamed:_4,Unnamed:_5,Unnamed:_6,Unnamed:_7,Unnamed:_8,no,Unnamed:_10,wit.,Unnamed:_12,Unnamed:_13,Unnamed:_14,no.1,Unnamed:_16,>,is,Unnamed:_19,Unnamed:_20,pat,at
Domestic,90.27426342959552,2079.288499326955,0.0,90.27426342959552,90.27426342959552,90.27426342959552,90.27426342959552,90.27426342959552,137.7249372419492,90.27426342959552,0.0,90.27426342959552,90.27426342959552,90.27426342959552,137.7249372419492,90.27426342959552,272.86502871028733,2296.0636973553237,90.27426342959552,90.27426342959552,2551.433878080028,182.8851297692113
International,1371.8424597205185,0.0,1316.9677303777282,1371.8424597205185,1371.8424597205185,1371.8424597205185,1371.8424597205185,1371.8424597205185,0.0,1371.8424597205185,1296.4985462785996,1371.8424597205185,1371.8424597205185,1371.8424597205185,0.0,1371.8424597205185,0.0,0.0,1371.8424597205185,1371.8424597205185,0.0,1439.9796997024391
