Unnamed:_0,index,Oceania,Middle_East_fand_North_Africa,South_America,Europe,North_America,Rest_of_Asia,Sub-_Saharan_Africa,India,China
0,Municipal_domestic_and,440.03230653724887,155.4690557714556,155.63439810610163,304.2830331558013,182.0097620443292,304.19506981180695,440.0902419450196,440.0908708964067,304.16389179304696
1,Industry,0.0,0.0,0.0,0.0,122.19939627854852,0.0,0.0,0.0,0.0
