index,Gooseberries,Blueberries,Hipberries,Plums,Black_currant,Sweet_cherries,Red_currant,Pears,Raspberries,Apples
2017,0.0,0.0,0.0,88041.58428035381,0.0,0.0,0.0,26289.91274137082,0.0,123050.09242248148
2078,0.0,0.0,0.0,88166.98540693252,0.0,88229.42546330125,88213.43096610333,26353.677302805798,0.0,0.0
