index,Dennis_Eagle,LEVC,Alexander_Dennis,Leyland_Trucks,Groupe_PSA
2018,371076.0564969087,11182.772173316276,11039.503772427386,462782.15990590845,370998.17726360494
2019,0.0,0.0,0.0,106153.35797282722,106141.35771360747
