Unnamed:_0,index,3-year-olds,4-year-olds
0,State_-kin_pre_Head_Start,6.270153934691308,33.77386984517162
1,None,47.50283327432725,32.72948048944447
2,Private_wearly_childhood_education,35.321588912027565,19.967881373701037
3,Locally_fun_ducation_,0.0,3.148494509978576
4,Head_Start,7.97300336408361,9.71208506893892
