Unnamed:_0,index,Unnamed:_2,a,S,and
0,Nominal,10439.300406419534,3780.759332355281,3652.511108016277,3908.976014824679
1,2019/20_real_prices,10439.300406419534,5349.260196895034,5228.564724107209,5403.508142698979
