Unnamed:_0,index,Ten_words_or_more,Nine_words,Eight_words,Seven_words,Six_words,Five_words,Four_words,Three_words,Two_words,One_word,Total
0,Ask,0.0,0.0,0.0,101.16850096231124,101.19771398206504,101.18421122202952,101.13250682077746,0.0,101.10720649507212,101.21923049469144,101.2465995251893
1,Google,40.51273806628316,40.36767096886764,60.855862167421,60.80783913540036,101.17544070682288,40.47500237934098,101.15860356478152,60.84516835159257,60.811305703015954,60.838307918446766,40.32451897656614
