index,The_Netherlands,Russia,Switzerland,Sweden,Austria,Canada,Soviet_Union,Germany,United_States,Norway
Gold,129.5929281098372,129.58452776922854,151.80521165747095,157.94690171027108,158.0584634987251,158.0508529337292,158.00119280050123,158.02426382143224,129.59170754752654,158.04637753859012
Silver,0.0,0.0,0.0,157.94801457590725,158.00158768830764,0.0,0.0,0.0,0.0,0.0
Bronze,39.482653894957934,0.0,0.0,0.0,0.0,0.0,0.0,0.0,0.0,0.0
