index,"Yes,_do","No,_but_probably_it_don't_it_will_use_No,_and_want_to_use",Don't_know
18-29_years,25.871684310629192,29.99020696967444,36.90571142385473
30-59_years,6.864658132103045,23.00368982547971,49.9732713774835
60_folder_years_and,3.920397842489237,11.822251786318716,71.20327727390215
