index,--250_Gross_orders,Gross_orders,Net_orders,87,Deliveries
Airbus,1114.9367929484615,0.0,755.5415026640777,0.0,849.4077965815909
Boeing,0.0,241.8749951376749,0.0,90.06089933248404,370.4224880275663
