index,Other,General_cargo_ships,Oil_tankers,Container_ships,Bulk_carriers
Less_than_10_years,29.068155104532096,32.95388441189179,32.95540427434878,50.14975630833568,40.08692223320068
10-14_years,15.821550622297558,0.0,0.0,0.0,0.0
15_years_and_more,39.97044879755615,100.09595378167766,32.98171934818146,19.8001395977048,100.07087454033982
