Unnamed:_0,index,I,of,the,a,and,1993,2019,20,The,200
0,Male,28.840382207805813,33.412466557841256,31.88634816601475,29.8024499765005,32.10628182894588,28.047019192331263,33.61908891005047,31.635027599474878,29.07145808690074,31.204883155101967
1,Female,25.93602897666848,30.656573392479107,28.972269712217457,27.021729282249773,29.160357016810188,25.010552533819677,30.821810286752427,28.5647479993234,26.262438493058724,28.055116130841
