index,Unnamed:_1,Unnamed:_2,Unnamed:_3,to,Unnamed:_5,Unnamed:_6,Unnamed:_7,Unnamed:_8,Unnamed:_9,Unnamed:_10,Unnamed:_11,Unnamed:_12,Unnamed:_13,Unnamed:_14,Unnamed:_15
Total_attendance,3064227.430831424,3064227.430831424,3064227.430831424,3299551.745988096,3064227.430831424,3064227.430831424,3064227.430831424,3064227.430831424,3064227.430831424,3064227.430831424,3064227.430831424,3064227.430831424,3064227.430831424,3064227.430831424,3064227.430831424
Average_attendance,74761.56225415086,74761.56225415086,74761.56225415086,75464.71801064815,74761.56225415086,74761.56225415086,74761.56225415086,74761.56225415086,74761.56225415086,74761.56225415086,74761.56225415086,74761.56225415086,74761.56225415086,74761.56225415086,74761.56225415086
