index,Phone_Call,Email/SMS,Hard_Token,Authenticator_Duo_Push_in,Push_Duo,Key_Security
2010,0.0,89.27480515699308,37.67051112318946,45.4832231863029,0.0,0.0
2017,38.62670627465182,85.17162711138343,18.59880567486411,51.445660831469375,32.639554010427815,8.903038196567863
