Unnamed:_0,index,Unnamed:_2
0,Industry,19.032314000705966
1,Services,73.41416064555538
