index,Netflix,Disneyt,Prime_Video_Amazon,HBO_Max,Apple_TV+
2020_(Jun_'20),187.28824090122,46.00602456247941,100.65783206582024,16.272449371332073,0.0
2025_(May_'20_estimates),260.01875500885427,202.9171428578872,141.44850878228172,24.64837831869568,12.93656216814776
2020_(Sep_'20),200.8265298883097,82.42599747461259,118.16687199224512,15.64743292661592,0.0
2025_(Nov_'20_estimates),275.84833677597766,195.22585249191613,167.89737837140558,28.081592190663685,13.075674697940372
2025_(Nov_19_estimates),237.45869716860844,101.23015594931408,135.98744756903457,0.0,26.39661121182729
2025_(Feb_'20_estimates),238.32638769307405,127.00150757342678,133.8796756507136,29.87122886294958,25.13396962119276
