index,Other,Unix/Linux,macos,Windows
2018,0.0,30.027863435339025,50.26100294123931,62.16128210971606
2019,0.0,49.13827207531852,50.25381720162089,49.13017832598617
2020,1.0122260837363015,50.253103256728174,49.12079555894229,62.18555267524587
