index,Unnamed:_1,Unnamed:_2,Unnamed:_3,Unnamed:_4,Unnamed:_5,Unnamed:_6,Unnamed:_7,Unnamed:_8,Unnamed:_9
TV,12.860959554170291,12.860959554170291,12.860959554170291,12.860959554170291,12.860959554170291,12.860959554170291,12.860959554170291,12.860959554170291,12.860959554170291
Internet,25.04980123056632,25.04980123056632,25.04980123056632,25.04980123056632,25.04980123056632,25.04980123056632,25.04980123056632,25.04980123056632,25.04980123056632
Newspapers_/magazines,6.800244150109464,6.800244150109464,6.800244150109464,6.800244150109464,6.800244150109464,6.800244150109464,6.800244150109464,6.800244150109464,6.800244150109464
Radio,3.0734503346003947,3.0734503346003947,3.0734503346003947,3.0734503346003947,3.0734503346003947,3.0734503346003947,3.0734503346003947,3.0734503346003947,3.0734503346003947
Other_people,8.363848640757169,8.363848640757169,8.363848640757169,8.363848640757169,8.363848640757169,8.363848640757169,8.363848640757169,8.363848640757169,8.363848640757169
Not_interested,36.02875883678925,36.02875883678925,36.02875883678925,36.02875883678925,36.02875883678925,36.02875883678925,36.02875883678925,36.02875883678925,36.02875883678925
