Unnamed:_0,index,Unnamed:_2
0,Germany,-232.88697737836893
1,United_Kingdom,-55.29895960514237
2,United_States,-55.29895960514237
