index,all_hair_Remove,Trim_hair,Do_nothing
Man_under_30,10.78868707078236,44.63785527941782,33.6322764036275
Women_30_under,46.46458702479573,37.564544743248575,6.846439523221072
