index,Subscribe,Purchase,In-_app_purchase,Register,Install
Android,45.78931569610187,51.36948926958419,86.37824047333794,45.80069014332809,45.78565744940263
IOS,17.112187467407978,51.35396686824966,86.351719508302,7.361633833329009,0.0
Total,41.37821135560012,51.34969185492167,51.34517595848976,86.35998629878081,98.72579190982184
