index,1912:_Woodrow_Wilson,1976:_Woodrow_Wilson,1920:_Warren_G._Harding,1924:_Calvin_Coolidge,1928:_Herbert_Hoover,1932:_Franklin_D._Roosevelt,1936:_Franklin_D._Roosevelt,1940:_Franklin_D._Roosevelt,1944:_Franklin_D_Roosevelt,1948:_Harry_Truman_S.,1952:_Dwight_D._Eisenhower,1956:_Dwight_D._Eisenhower,1960:_Richard_Nixon,1964:_Barry_M._Goldwater,1968:_Richard_Nixon,1972:_Richard_Nixon,1976:_Gerald_R._Ford,1980:_Ronald_Reagan,1984:_Ronald_Reagan,1988:_George_H._W._Bush,1992:_George_H._W._Bush,1996:_Bill_Clinton,2000:_George_W._Bush,2004:_George_W._Bush,2008:_John_McCain,2012:_Mitt_Romney,2016:_Donald_Trump,2020:_Joe_Biden
Democrat,2.968476617393314,2.9696524183076285,2.972700428695946,2.973441307789459,2.965966700464272,2.968275610580429,2.968541544372698,2.9765320098902457,3.9756434886244367,3.972273511571233,3.9719186367113153,3.9763434548268304,3.975734208513439,2.9651208709109333,4.96092552074995,3.971186651724567,5.98417204760126,5.983275521639363,10.9696497500756,6.991713360727182,10.977238201967376,7.964814024227547,7.9631401533344,7.963258444954373,9.984598075315295,7.962902680683778,9.9762047067613,10.972261059821763
Republican,2.96749826564918,2.967726844193038,2.968997812049736,2.965897326431506,2.972018250707082,2.9726257181991222,0.0,0.0,3.9703986338652015,3.976088193962681,4.962065745237206,3.978148069089421,3.971368980913248,4.967484035078357,4.9679136204351,5.985273138018748,5.984348150915204,6.992752192397318,6.995150043581123,6.994309550491844,5.982943771457033,7.965650959674121,7.96312770158493,5.985881494921465,9.977915043492184,10.971216891687568,10.977521034562498,9.981440667413771
