index,re_to_is,I,$,is_>,Unnamed:_5,Unnamed:_6,"<,_ao_to_chis","and_<,_th"
Regularly,5.731309133045613,12.059753312489022,4.037381301214751,5.788718974757501,7.950285188624306,7.950285188624306,6.774309398719751,6.932277329170248
With_regularity_some,44.530219782597214,58.20348041756702,29.19377855239621,34.97504653624115,46.41507817482741,46.41507817482741,35.23361582483162,20.78454347752717
Seldom,21.86324099931548,14.044858253768126,20.031811663872908,14.759244723945542,13.836576663427238,13.836576663427238,16.960090900358352,8.436538067121234
Never,26.49956600790445,14.13556822675936,31.70908077618384,37.79938747835448,48.73335750650556,48.73335750650556,41.39986898025272,62.34076211261987
