Unnamed:_0,index,Unnamed:_2,the
0,Euronext,4582.300252452713,6937.75270322759
1,NASDAQ_Nordic_and_Baltic_Exchanges,2009.5409932655048,6937.75270322759
2,Exchange_Moscow,780.6608844823104,6937.75270322759
3,London_Stock_Exchange,3462.0177555985533,6937.75270322759
4,Deutsche_Borse,2277.2029745799373,6937.75270322759
5,BME_Spanish_Exchanges,780.6608844823104,6937.75270322759
6,SIX_Swiss_Exchange,2009.5409932655048,6937.75270322759
