index,Europe,Western_Europe,Eastern_Europe
2015,321.7682669544988,241.0919174845531,79.78972899472626
2020,352.7429900736639,256.07271790581547,95.87995390733369
