index,and_can_City_of_Furry_and_>_,60,20,of_a__not,Lints_go__and,all_of__and,of__all,of__all.1,of_and_,this_go_no,Unnamed:_11
First_of_March_week,68.97766152668203,39.75881463617597,75.28733748184692,15.371790184092674,72.34295499638372,105.60065379779265,95.39874902715484,95.39874902715484,51.47107941969713,33.86285147075847,48.82529592258959
Second_week_of_March,161.53477427126876,159.74366174904665,33.797242449632705,119.50414985082084,68.9108833720561,145.82352273678106,116.02643617161505,116.02643617161505,175.59250424957105,151.23796336944275,93.9039545367538
