Unnamed:_0,index,Yukon,Sas_katchewan,Quebec,Prince_Edward_Island,Ontario,Nunavut,Nova_Scotia,Northwest_Territories,Newfoundland_and_Labrador,New_Brunswick,Manitoba,British_Columbia,Alberta
0,Green_Party,99.67076666246692,59.98303758576058,60.11089102248388,99.63322313789271,59.98477713699933,59.969003058174025,99.70061822076124,60.047980832006594,59.92625161785424,99.54940253931528,60.01307168955525,59.98049984537322,99.52892522936304
1,Conservative,43.32771856781243,43.31226662810543,60.11414462757853,60.11430211781414,0.0,0.0,0.0,0.0,0.0,0.0,0.0,0.0,99.4597691193146
