Unnamed:_0,index,Unnamed:_2,SERESTER
0,United_Kingdom,68.1342578628689,93.616540112661
1,Asia_Pacific,68.93418358289934,93.616540112661
2,Americas,75.51775957246741,93.616540112661
3,EMEA,69.54448172333166,93.616540112661
