index,Puss_in_Boots,Shrek_Forever_After,Shrek,Shrek_the_Third,Shrek_2
North_America,0.0,0.0,0.0,602.4509653323034,441.3954856066956
Worldwide,706.3627226803717,603.1485325807881,705.9807152982896,602.5834214765042,602.9760060390873
