Unnamed:_0,index,the,Invitation,OSSPS,Anthers,Molly,CONTERSING,Constributions,PATTER,SLISIF,agastic,Apress
0,Boris_Johnson,29.657352182983843,29.67454560651589,29.645038063704053,33.679780762333365,33.691636412387275,35.737892150493764,32.63858721963241,26.55482307142934,29.674376783912862,29.709243616809104,46.876167793116174
1,Keir_Starmer,34.64811742108578,33.71821438649949,34.65437544326278,33.679780762333365,31.53863513545945,34.838562558291386,34.88113730160241,36.72735480635468,33.59426383828119,35.675280481376134,22.537646199132883
