Unnamed:_0,index,Unnamed:_2,was,and,to,mackis,Wakis,Heather,Wares,montab,mankis,meates,mostos,way,Meates,meater,Mootok
0,Unemployed,69711.28963669411,20079.84973041789,8356.199787778292,6950.957709222486,69711.28963669411,69711.28963669411,8448.566659195072,69711.28963669411,69711.28963669411,8287.460094339862,5224.682947139059,7734.080310347825,6018.825074228545,15565.0264219908,69711.28963669411,69711.28963669411
1,Temporarily_laid_off,69711.28963669411,29941.643973628285,6024.459575080451,5236.864664963592,69711.28963669411,69711.28963669411,6579.956860472557,69711.28963669411,69711.28963669411,8287.460094339862,5224.682947139059,7734.080310347825,69711.28963669411,15565.0264219908,69711.28963669411,69711.28963669411
