index,adidas,Reebok
2015,1981.9339112645812,256.86986208469216
2016,2092.445707727141,264.24172198230053
