index,Height,Weight,BMI,Waist_circumference
Men,86.52134237832975,86.48334534780865,85.2623540634281,98.63094514232182
Women,86.4869924616296,85.25474194155463,83.42983831552587,98.6659019480096
