Unnamed:_0,index,Unnamed:_2
0,16_17_to,5.569272841648946
1,18_21_to,9.540272012818653
2,22_to_29,13.310843097851448
3,30_to_39,16.479058139216164
4,40_49_to,17.91221323485921
5,50_59_to,16.479058139216164
6,60_and_over,14.093077463767422
