index,Unnamed:_1,Unnamed:_2,Unnamed:_3,Unnamed:_4,Unnamed:_5,Unnamed:_6,in,Unnamed:_8,Unnamed:_9
Facebook,48.26771721258016,48.26771721258016,48.26771721258016,48.26771721258016,48.26771721258016,48.26771721258016,57.270616122175525,48.26771721258016,48.26771721258016
Twitter,24.72836385342872,24.72836385342872,24.72836385342872,24.72836385342872,24.72836385342872,24.72836385342872,13.650465644615965,24.72836385342872,24.72836385342872
MySpace,9.784734676477044,9.784734676477044,9.784734676477044,9.784734676477044,9.784734676477044,9.784734676477044,0.0,9.784734676477044,9.784734676477044
Shaadi,13.628439734893448,13.628439734893448,13.628439734893448,13.628439734893448,13.628439734893448,13.628439734893448,0.0,13.628439734893448,13.628439734893448
Match,17.712602185430825,17.712602185430825,17.712602185430825,17.712602185430825,17.712602185430825,17.712602185430825,16.58537347512491,17.712602185430825,17.712602185430825
Badoo,16.580016673046472,16.580016673046472,16.580016673046472,16.580016673046472,16.580016673046472,16.580016673046472,0.0,16.580016673046472,16.580016673046472
