Unnamed:_0,index,Average_of_retail_industry_costs,Big_box_and_department_store_retailer_segment_costs
0,Purchases,73.79496760453756,67.34960311904514
1,Wages,9.269017529386076,12.651880707840135
2,Marketing,0.0,5.449604959583098
3,Rent_&_utilities,3.180683217946409,4.862479049635098
4,Profit,3.844593180425093,4.835224272399159
5,Other,6.595827038892949,4.23806372671784
