Unnamed:_0,index,Unnamed:_2,the,go,Pli,of,us,XIS,and,Subject,IN,State
0,Other,48.51063865564921,105.5668012319836,105.5668012319836,6.886614233589739,4.913960708576042,105.5668012319836,105.5668012319836,105.5668012319836,72.18622784772565,3.677771252149853,105.5668012319836
1,BlackBerry,55.5578578520408,105.5668012319836,105.5668012319836,6.886614233589739,54.56208274963309,105.5668012319836,105.5668012319836,72.18622784772565,3.5621675690579764,3.677771252149853,105.5668012319836
2,Android,48.51063865564921,105.5668012319836,105.5668012319836,46.466398525180615,54.56208274963309,105.5668012319836,105.5668012319836,105.5668012319836,48.74651875609717,72.18622784772565,105.5668012319836
3,ios,55.5578578520408,105.5668012319836,105.5668012319836,105.5668012319836,46.37545627533919,105.5668012319836,105.5668012319836,105.5668012319836,72.18622784772565,60.58852514351916,105.5668012319836
4,Windows,48.51063865564921,105.5668012319836,105.5668012319836,6.886614233589739,3.101944788242008,105.5668012319836,105.5668012319836,72.18622784772565,3.5621675690579764,3.677771252149853,105.5668012319836
