index,Industrial,Offices,SMES,Retail,Large_companies,All
2003,4.609600066856739,5.217534704050725,4.941345598024132,8.681579947769535,9.396507143748655,6.727580160371783
mid-2013,3.147921214124901,4.428760211747485,4.043274493868494,5.224049424987133,5.1110321376475705,4.439693575097389
