index,Other,Infectious_diseases,Haemophilia_a,Ophthalmology,Neuroscience,Immunology,Oncology
2018,7.971455558718446,69.72363770183111,69.70116741231467,59.77448270193005,59.74735242943237,18.4954077570735,59.67616828760752
2019,7.912472237994407,69.70441360707419,69.70377997116861,59.76523123714652,59.7731526373715,18.52592883793077,69.69955382898756
