index,Vermont,Maine,New_Hampshire,Massachusetts,Nevada,Washington,Alaska,Hawaii,Oregon,Connecticut,California,Colorado,New_York,Arizona,Montana,Rhode_Island,New_Jersey,Florida,Illinois,Wisconsin,Delaware,Wyoming,Pennsylvania,Maryland,Michigan,South_Dakota,Minnesota,Iowa,National_average,Ohio,New_Mexico,West_Virginia,Virginia,Idaho,Missouri,North_Dakota,Indiana,Texas,Kansas,Georgia,Kentucky,Oklahoma,Nebraska,North_Carolina,Tennessee,Arkansas,South_Carolina,Louisiana,Utah,Alabama,Mississippi
Very_religious,115.84495756350982,115.86477993496872,115.83792023524092,115.87749735798316,115.83430255584943,115.84197744577344,115.84856558287623,115.85813866772796,115.84590907597996,115.89438308181846,115.9034055452408,115.8276757786463,115.90672376385488,115.8106548144599,115.78981814036788,115.81399718313668,115.90565633108385,130.2254408352444,115.8784054003404,115.88053543587,115.86875503528806,115.87005913867353,115.87013641887414,115.880974967011,115.901560480451,115.8883842062454,115.91056845383572,115.92423255930773,115.89408845105362,115.91121084550336,115.8198656483712,115.85605210231124,115.8311678777118,115.83671756211876,115.8536757361422,115.86356760182149,115.83485317727884,115.88549102873472,115.8526421134589,130.26125537821895,145.57830706128513,145.6260517352303,130.25894180221292,130.23320266539412,145.61213163909372,145.60423456859294,115.73097409760877,144.40177396700523,144.4007113642467,144.353589761919,144.3820337057595
Moderately_religious,60.48834807775162,60.5303063966754,101.10441134705188,101.07160590188892,101.0577534259279,0.0,0.0,0.0,0.0,0.0,115.89276019760548,0.0,0.0,0.0,0.0,0.0,0.0,0.0,0.0,0.0,0.0,0.0,0.0,0.0,0.0,0.0,0.0,0.0,0.0,0.0,0.0,0.0,0.0,0.0,0.0,0.0,0.0,0.0,0.0,0.0,0.0,0.0,0.0,0.0,0.0,0.0,0.0,0.0,144.48470528229493,78.15355865663825,144.4064156090549
Nonreligious,0.0,101.08225607953676,101.03817738510848,0.0,0.0,0.0,0.0,0.0,0.0,0.0,0.0,0.0,0.0,0.0,0.0,14.349986572565143,14.353502821693326,0.0,0.0,0.0,14.704470852806324,0.0,0.0,0.0,0.0,0.0,0.0,0.0,0.0,0.0,0.0,0.0,0.0,0.0,0.0,0.0,0.0,0.0,0.0,0.0,0.0,0.0,0.0,0.0,0.0,0.0,28.468905345278277,0.0,0.0,0.0,0.0
