index,12_17_to_years,18_to_24_years,25_years_and_older
Male,47.29776175691937,30.66636697808532,34.65057705051527
Female,51.84113102744007,68.57253149093967,64.18471585956758
