index,will_buy_more_fresh_meat,will_buy_locally_sourced_more_meat,will_buy_less_(any_meat)_meat,will_buy_less_ready_meals_with_meat_in_them,won't_buy_economy_ranges_of_meat,will_not_buy_from_brands_linked_to_horsemeat_stories_in_the_news,It_will_not_change_shopping_habits_my
Reaction_in_January_2014,11.93761088939199,39.44701903538581,91.5418780635544,91.53148721737972,29.819338895165764,29.830964828999434,19.936403725453975
Reaction_in_February_2013,19.83483119036675,19.9289502399292,39.45374757815421,12.8523490293285,29.83175958105827,18.9709894018739,29.838740511304813
