index,High_school_graduate_less_or,college_Some,Bachelor's_degree,degree_Advanced
Male,34.99685380083768,36.61816129077479,16.171032879918222,11.110039013781387
Female,20.67280223941453,41.98129057192213,21.068572553313004,15.276593702883224
