index,Tech,level_Senior,technical_Non-
Male,75.35338778874551,65.2090069885933,40.97233186946081
Female,23.64559227594817,33.730785498291525,58.01137280557971
