index,Gas_(various_types),Petroleum_petroleum_and_gas,Onshore_wind,Solar_photovoltaic_(PV),Concentrated_solar_(CSP)_power,Coal,Offshore_wind
Minimum,0.0,0.0,0.0,88.34431949374675,295.6040266879769,685.8356906630947,0.0
Maximum,99.40831485696492,100.65340354566882,219.41430303692985,686.0872198486384,175.18125776552046,685.7290822665731,686.0141828462135
