Unnamed:_0,index,Ind,1993,the,1990,joss,rest,POSSS,SPES,ASPE,2000,195,Prosenson,SPOSTER,Ansters,and,CONTERTION,PARTING
0,Not_in_favor,37.21749395743735,20.152161533254933,39.10927459032879,38.04864727234517,27.016043126547693,27.74707436812183,43.24517995087429,37.19844104866441,43.22913316770775,30.580946282921843,42.27595270798608,30.53089294439996,44.22748634204744,13.782716394373663,45.21836461763218,29.513336747460627,32.20537803954037
1,No_opinion,12.873057397176368,8.66011670002851,5.735960941152115,13.59037054443398,9.520807797143108,11.71609549317877,5.721218993556079,11.918810744377907,11.814231445113094,8.715889760254754,13.580432239292222,12.869331495016326,9.7750005436815,8.756574456361818,4.7659176948982775,11.841128763599016,7.669865823257908
2,In_favor,61.927103571034735,77.25069220757202,62.10513087135111,54.99624041845577,70.29654986463774,67.98910404562537,56.9772194569844,62.94914393741254,58.07470164395811,67.95602896581003,50.74835784134008,69.09181712209855,58.100632845251695,65.9344075709716,57.1550735490392,71.08985909892829,65.90977350710357
