index,LCL,BNP_Paribas,Societe_Generale,Banque_Populaire,Caisse_diEpargne
2016,1898.3154330158875,1896.9527937379808,1965.603750111604,1897.832661748423,1965.3018175830323
2020,0.0,3299.322730186462,2996.381487673294,2996.76281281894,3299.662621474714
