index,At-risk_population,New_cases_per_year,Deaths_per_year
Malaria,10218331.832190286,621828.4328781944,0.0
Dengue,7510446.980298129,276898.0326082278,0.0
Elephantiasis,3597030.009421155,324178.2637013495,0.0
