index,Do_celebrate_Christmas_not,Don't_know,Spend_less_than_Christmas_last,Spend_the_last_Christmas_same_as,Spend_than_last_Christmas_more
2011,41.92343789358041,38.887830911027685,38.89251214693466,38.899810929661584,68.25796568813409
2012,3.9820891513685552,7.962744342305321,7.9479836543684925,46.91151098459213,7.956651907243241
2013,3.963986349303653,3.968807946416917,46.8979945797813,46.90854063798341,68.27059440315381
