index,Total,Millennials,Gen_X,Baby_Boomers,Matures,Male,Female
Excessive_media_complainers_on_social,54.73922808362376,59.61559141084304,53.59956486123696,52.44345598669791,47.78072691261031,55.46255244823841,53.64328345520195
Excessive_braggers_media_on_social,44.38431305424818,39.45390995095591,45.42808879856038,46.554507925558966,51.33569459991772,43.59484782511653,45.19198109546126
