index,Unnamed:_1,Unnamed:_2,Unnamed:_3,Unnamed:_4,Unnamed:_5,Unnamed:_6,Unnamed:_7,Unnamed:_8,Unnamed:_9,Unnamed:_10,Unnamed:_11,Unnamed:_12,Unnamed:_13,Unnamed:_14,Unnamed:_15,Unnamed:_16
Tea,1218.9707798490222,1218.9707798490222,1218.9707798490222,1218.9707798490222,1218.9707798490222,1218.9707798490222,1218.9707798490222,1218.9707798490222,1218.9707798490222,1218.9707798490222,1218.9707798490222,1218.9707798490222,1218.9707798490222,1218.9707798490222,1218.9707798490222,1218.9707798490222
Coffee,280.3658446154932,280.3658446154932,280.3658446154932,280.3658446154932,280.3658446154932,280.3658446154932,280.3658446154932,280.3658446154932,280.3658446154932,280.3658446154932,280.3658446154932,280.3658446154932,280.3658446154932,280.3658446154932,280.3658446154932,280.3658446154932
