index,United_States,Britain,France,Germany,Spain
Yes_it_should_be_accepted,59.39195460225211,80.26589737353204,85.13274502649642,85.96941090330118,90.0264402021809
No_it_should_not_be_accepted,32.322856881139884,14.633767536208978,13.508457000374818,11.864872547683078,7.827103428146046
Don't_know_refused,6.563058165065826,2.5608604772334616,0.0,0.0,0.0
