Unnamed:_0,index,Besiktas,Al-Hilal,Deportivo_Guadalajara_(Chivas),Leicester_City,FC_Internazionale,Sao_Paolo_FC,AS_Roma,Tottenham_Hotspur,River_Plate,Boca_Junior,Persib_Bandung,Club_America,Al-Ahli,Flamengo,Fenerbance,Corinthians,Atletico_Madrid,Borussia_Dortmund,Galatasaray,AC_Milan,Manchester_City,Paris_St._Germain,Juventus,Liverpool_FC,FC_Bayern_Munich,Arsenal,Chelsea_FC,Manchester_United,Real_Madrid,Barcelona_FC
0,Facebook,0.0,5.357053553865569,5.4355504730745,5.384077387071301,5.3872446766382325,5.312767066411936,5.477540212538088,5.411971761853891,0.0,5.349477989930591,5.413120135848914,5.379428324607517,0.0,0.0,0.0,0.0,0.0,0.0,46.168320510441134,46.141889386394126,46.178192822366185,46.20447576912349,46.245928365911965,46.25461525951954,46.114828508866,90.51867237593764,90.59635432005332,99.25461266641702,99.2513712882052,201.287067938176
