index,5-19_years,20-39_years,40-64_years,65-79_years,80_older_years_and
2017,86.42469957591132,72.53906362902542,51.27323487335724,38.337330047172095,26.177932266510176
2018,86.40425933851786,74.2753831793032,54.37354718816094,38.33579471712354,21.004813398436877
