index,"No,_and_have_heard_of_the_series_not",No_have_heard_of_but_have_not_watched_the_series,Yes_have_watched_of_the_series_some,Yes_have_watched_all_of_the_series
Male,4.905288103154049,12.913136780974249,36.65709163567514,36.68761974778268
Female,5.939046453412082,26.70488601756609,47.52942022051047,47.53271001168471
