Unnamed:_0,index,Jan,Nov,Feb,Sep,Jul,Apr,May,Oct,Jun,Mar,Aug,Dec
0,2018,170.0932153726806,60.86410859870824,50.3832016608088,59.4674520390747,64.95294147141803,55.07019464134467,63.81913804661238,56.30976152510884,72.80915741074962,44.86791248219066,65.21556669231647,86.48367409789529
1,2019,170.0932153726806,60.86410859870824,50.3832016608088,59.4674520390747,64.95294147141803,55.07019464134467,63.81913804661238,56.30976152510884,54.93423258673478,56.19422055857716,65.21556669231647,86.48367409789529
2,2016,170.0932153726806,44.94597300302527,39.97560323831506,49.42803717390146,50.67072647849902,43.21377016076764,52.40748759934554,43.36672319881758,54.93423258673478,47.32483603729469,48.64100479274504,59.55159786182547
3,2015,170.0932153726806,49.456161752794856,39.97560323831506,49.42803717390146,50.67072647849902,47.41826935267031,52.40748759934554,49.55146396239192,54.93423258673478,44.86791248219066,48.64100479274504,64.06555858712736
4,2017,170.0932153726806,65.58055945462475,50.3832016608088,59.4674520390747,71.79674094476592,50.05097152585812,63.81913804661238,56.30976152510884,72.80915741074962,59.71653917256417,62.706758531174486,91.92497671716764
