index,Europe,Spain,United_Kingdom,Portugal,Poland
2018,6769.42322275126,4376.095362391679,732.0289085028353,561.2411761194599,589.3921093376357
2019,5341.598678232622,3242.031701488094,607.2443699975902,538.5104029489212,492.2455969950725
