index,easyJet,Wizz_Air,Ryanair
2013,72.41891426076782,60.12654236723501,58.04756448026608
2014,86.764912487048,70.0076764697653,65.2183297754654
