index,Snapchat,WhatsApp,Twitter,Instagram,Facebook_Messenger,YouTube,Facebook
Favorite_now,40.116360569962985,40.09540742146751,40.09999128734869,59.84853989188534,59.843642915097554,16.984168256855185,55.10340050113304
Favorite_months_six_ago,59.860757051607685,40.10714616328287,40.10736981393045,40.106926402211776,78.65020610865767,78.63671122306178,78.64049967055288
