index,Sunscreen,Hand_body_or_moisturizer,Lip_balm,Facial_moisturizer,Acne_products
Never,21.846219249508067,5.3984628992436825,6.950842773879842,16.41291948375411,42.092695741207976
Monthly,54.90821117338564,11.565446381170034,9.303493286752284,11.550441381191774,17.88678232911566
Weekly,14.397315356413742,29.01717905642863,17.396742151112747,12.623137984084806,13.193554428849694
Daily,7.864228944120555,53.10778398973653,66.04462062706003,58.63554732167603,26.067796737431507
