index,Unnamed:_1,Unnamed:_2,Unnamed:_3,Unnamed:_4,Unnamed:_5,Unnamed:_6,Unnamed:_7,Unnamed:_8,Unnamed:_9,Unnamed:_10,Unnamed:_11,Unnamed:_12,Unnamed:_13,Unnamed:_14,Unnamed:_15,Unnamed:_16,Unnamed:_17,Unnamed:_18,Unnamed:_19,Unnamed:_20,Unnamed:_21,Unnamed:_22,Unnamed:_23
Cars,49.64338019077023,49.64338019077023,49.64338019077023,49.64338019077023,49.64338019077023,49.64338019077023,49.64338019077023,49.64338019077023,49.64338019077023,49.64338019077023,49.64338019077023,49.64338019077023,49.64338019077023,49.64338019077023,49.64338019077023,49.64338019077023,49.64338019077023,49.64338019077023,49.64338019077023,49.64338019077023,49.64338019077023,49.64338019077023,49.64338019077023
Trucks,39.19437323921954,39.19437323921954,39.19437323921954,39.19437323921954,39.19437323921954,39.19437323921954,39.19437323921954,39.19437323921954,39.19437323921954,39.19437323921954,39.19437323921954,39.19437323921954,39.19437323921954,39.19437323921954,39.19437323921954,39.19437323921954,39.19437323921954,39.19437323921954,39.19437323921954,39.19437323921954,39.19437323921954,39.19437323921954,39.19437323921954
