index,registered_All_voters,Democrats,Republicans
Do_know/no_opinion_not,7.806677098213299,2.4910319755505554,7.807321551258639
Strongly_support,43.9418283537981,74.01518061318296,20.02513244123847
Son_lion,22.01501317814413,14.684500953360867,26.889134312975614
Somewhat_oppose,11.191504071163322,4.351617018617816,17.296039510741082
Strongly_oppose,14.757324147483756,3.808588607322236,27.57535405329665
