index,Toy_Story_4,Toy_Story_3,Toy_Story_2,Toy_Story
North_America,429.94454060065823,409.676049488801,409.84627544608406,191.1741738761168
Worldwide,305.43540183251235,274.70680663627434,738.0081568870584,738.0866983098412
