index,Global,North_Korea,Somalia,India,United_Germany,Germany,United_States
Grain,44.50906327577508,62.54142383455185,37.91835167791186,56.57888260141145,25.76907248391882,24.990337169900982,21.91236674203455
Sugar_&_Fat,19.800429037999265,10.08863225694035,24.53788550461068,18.651544461711524,24.790155986622334,25.45081586704042,36.4890275182384
Fruit_&_Veg,11.36124754019444,13.253726074290384,3.93658275369264,7.666238518573422,11.499959656269027,9.39170473299304,8.312989644473404
Meat,8.884076907427186,5.025440387280739,6.996741156171481,0.0,13.306721170232784,11.632414620568111,12.908694807004991
Dairy_&_Eggs,8.013611748380512,0.0,23.62707661459245,8.131085303571382,15.289928405073482,19.046406493898573,13.694694376274596
Other,6.432703617551454,8.071916484543834,0.0,7.689634307021635,8.440897745148959,9.5321033004509,5.498254612206168
