index,Unnamed:_1,Unnamed:_2,Unnamed:_3,Unnamed:_4,Unnamed:_5,Unnamed:_6,Unnamed:_7,Unnamed:_8,Unnamed:_9,Unnamed:_10,>,Unnamed:_12,Unnamed:_13,Unnamed:_14,o,Unnamed:_16,Unnamed:_17,Unnamed:_18,Unnamed:_19,Unnamed:_20
Male,0.9114694136337428,0.9114694136337428,0.9114694136337428,0.9114694136337428,0.9114694136337428,0.9114694136337428,0.9114694136337428,0.9114694136337428,0.9114694136337428,0.9114694136337428,4.65087750594067,0.9114694136337428,0.9114694136337428,0.9114694136337428,3.168110830465439,0.9114694136337428,0.9114694136337428,0.9114694136337428,0.9114694136337428,0.9114694136337428
Female,2.114101876691264,2.114101876691264,2.114101876691264,2.114101876691264,2.114101876691264,2.114101876691264,2.114101876691264,2.114101876691264,2.114101876691264,2.114101876691264,5.096769209391423,2.114101876691264,2.114101876691264,2.114101876691264,5.037361426686385,2.114101876691264,2.114101876691264,2.114101876691264,2.114101876691264,2.114101876691264
