index,Ports_and_inland_waterways,Airports,Electricity,Water_wastewater,Surface_transportation,Total
Total_needs,217310.3239389989,55007.48287706665,40395.796863037205,40432.300784240695,217471.79475241585,217429.72561921907
Expected_funding,0.0,0.0,0.0,54989.273594471015,0.0,217414.5436298549
