index,English_Premier_League,Football_League_Championship,League_Football,Football_League_2,All_Leagues
Very_healthy,50.0226017115789,19.873818094602058,23.01756239571424,11.029506024021655,25.80793688371891
A_for_the_of_administration_couse_grave_concern_on_verge,0.0,6.846522360316513,5.740401832328132,10.740432846683632,5.69689127607532
Could_be_better_but_bad_not,41.76284562914688,53.190291679675454,59.10870298999065,21.8661544473552,47.22039653921145
In_need_nistration,8.051113467053455,20.33310193178083,12.161801375796813,56.26135254638197,21.29402358538356
