index,Ingelvac_Ciroflex,Heartgard,Frontline,Nexgard
2017,300.2680490924429,282.17200210638987,380.3264044946502,543.7747394583828
2018,301.18159782944446,299.04653870777844,396.5356522718885,544.1215872020105
2019,299.6707214194356,317.95885951305735,318.0324542545304,399.0090132671052
