index,Not_personalized,Subject_line_only_personalized,Message_personalized_only,Both_subject_line_and_message_personalized
Open_rate,12.999521925777488,7.298431926097315,18.626386307839702,5.8042554572781135
Click_rate,1.8385617579765352,0.3545506317119553,2.0554494494389357,0.0
