index,(x,Unnamed:_2,Unnamed:_3,>>,Unnamed:_5,Unnamed:_6,Unnamed:_7,Unnamed:_8,Unnamed:_9
Women,18387.47060134585,13010.25407703816,13010.25407703816,43719.77813704625,13010.25407703816,13010.25407703816,13010.25407703816,13010.25407703816,13010.25407703816
Men,19187.189914356844,3289.187934394926,3289.187934394926,38825.68533851282,3289.187934394926,3289.187934394926,3289.187934394926,3289.187934394926,3289.187934394926
Total,37864.66861822317,12465.663061423373,12465.663061423373,82943.98446150543,12465.663061423373,12465.663061423373,12465.663061423373,12465.663061423373,12465.663061423373
