index,Unnamed:_1,Unnamed:_2,Unnamed:_3,Unnamed:_4,Unnamed:_5,Unnamed:_6,Unnamed:_7,Unnamed:_8,Unnamed:_9
Cottonseed_mea,15627.280439339607,15627.280439339607,15627.280439339607,15627.280439339607,15627.280439339607,15627.280439339607,15627.280439339607,15627.280439339607,15627.280439339607
Cottonseed_oil,4254.235706523961,4254.235706523961,4254.235706523961,4254.235706523961,4254.235706523961,4254.235706523961,4254.235706523961,4254.235706523961,4254.235706523961
