Unnamed:_0,index,Maril,Mar20,Mar12,Mar16,Mar21,Maris,Marts,Mar14,Mar22,Mar17,Mar2s
0,Local_cases,5.863249874679383,11.809784734214873,6.729112267544714,7.737749697496099,9.733770725512828,9.760596478507765,15.886814911146494,4.8660664427106255,6.900851500004421,7.899373498958326,7.712545460605114
1,Imported_cases,9.810770975133806,31.55336209529264,6.729112267544714,12.708855559236008,40.67023572518295,25.487947795887575,34.720912184428414,10.83148271459752,19.481765085575105,18.737124624803343,49.45901080715997
