index,18-29_years,30-44_years,45-64_years,65+_years
Very_closely,16.744448928040867,31.72156558524865,29.809293034609183,30.857736562123023
Somewhat_closely,23.0775082877358,17.12884782849156,23.654773384214195,23.803976278210115
Not_closely_very,17.199579870362953,16.15387171024345,12.365211209968678,11.202765547614575
Not_closely_all_at,42.389709274325824,33.532139455640234,32.50403452443956,33.40085891675919
