index,Liver_transplants,Kidney_Heart_transplants,Heart_transplants,Lung_transplants,Pancreas_transplants,Heart-lung_transplants
2008,20.727125802654417,19.550994369052138,6.994325379931379,4.866893617568614,4.143672887986995,0.0
2019,26.882106502006494,20.820680046564743,10.81046568557252,8.371776716267274,3.097158173182585,0.0
