index,Domestic_retail_banks,Interna_tional_retail_banks,SFS_specialists,Universal_banks
2012,64.35112122673827,51.46713379415692,58.348567914438746,72.37085049725336
2013,61.25541576313756,51.46871508876327,60.47141718858124,72.36858564590075
