index,"as_of_March_26,_2020","as_of_April_1,_2020"
Controls,3657.572647416846,5746.965389287415
Fines,212.34500314609613,340.40538015366656
