index,"Week_of_13,_2020_Jan.","Week_Feb._3,_2020_of",2020
Loyalty_app,35.882670932236124,0.0,0.0
Grocery_delivery,32.658313652350344,51.79923796175997,0.0
Food_delivery,15.322334015764426,26.726166133498964,0.0
Misc_service,10.545711439400051,5.046310971706163,0.0
Recipes,4.8878279414363135,15.6439497779796,0.0
