index,Jun_'19,Aug_19,Oct_'19,Dec_'19,Mar_'20,Jun_'20,Sep_20
Free_apps,89.46532695317147,89.44833812106927,89.6920531199686,90.1923398384816,89.63551083099146,91.17637914617166,91.67745591074092
Paid_apps,9.665372298404831,9.624085287233754,9.376312066146056,8.892298022878492,9.357140660766106,7.887160506836707,7.063443710724698
