index,TV_Smart,Roku_Streaming_Player,"Gaming_consoles_(i.e._Xbox_Sony_PlayStation,_etc.)",Fire_TV_Amazon_Stick,Google_Chromecast,Apple_TV
Q3_'17,24.90701233605582,8.793268063114205,23.42163583598611,9.01940352552069,8.555047042092454,8.79520896154396
Q4_'18,26.82340172429764,17.524512290782628,19.251894563812108,15.482182855680254,0.0,13.125332562981502
Q2_'19,27.36128359931296,21.06107010915041,19.914704445792484,17.488194961860916,10.593745957364185,10.174345533815089
