index,Total_victims_of_cyber_bullying,Blackmail,Slander,Stalking,Threats_of_violence,Other
Men,4.379029255594949,1.38590678979808,0.995881918977104,0.588401869097992,0.5892286052873228,1.3866029886943587
Women,3.972189340518304,0.6942073657819314,1.0888072579213095,0.9961630762236782,0.4938856965494462,1.2914279136189788
