index,Mobile,RPG,PC_(all_including_social),Digital_console,FPS,MMO
Female,57.44557531937015,53.081919011019664,49.9831282893874,36.72278646733804,33.55067832623091,33.51800801734149
Male,41.51916340162302,46.29893690337936,49.366708716772266,62.23692651088254,65.29349026210171,65.26800980586206
