Unnamed:_0,index,8,of,Q4,Q2
0,2013,140.99099164041857,146.18581595936246,150.26146666663038,157.94581645988734
1,2016,140.99099164041857,161.01334297750458,158.03615213163295,153.21552455867896
2,2011,146.08122802326318,157.08172011537823,162.1927409748429,164.06424155112657
3,2010,140.0481877599363,142.24667434319483,158.03615213163295,156.23710434393024
4,2017,140.99099164041857,146.18581595936246,150.26146666663038,157.94581645988734
5,2015,150.88133770349577,163.16658102432234,164.23648013863814,168.0427868064183
6,2014,149.11838755187392,163.16658102432234,162.1927409748429,168.0427868064183
7,2012,152.1913708786832,161.01334297750458,167.04687107123112,171.92773209732707
