index,check-ups_a,Up_check-ups_to_three,Up_check-ups_to_five,More_five_than_check-_ups
18_30_to_years,19.904925379488,60.99522640927764,8.832416247475365,8.848737976033945
31_45_to_years,20.809284481789252,60.11939907132012,10.94072901085194,8.867229560349529
46_60_to_years,24.01079264187201,62.92628402363709,7.764244068685485,4.925587279275788
61_and_folder_years,10.920170546984778,63.921541693548505,16.032461042124723,8.810121899002596
Total,18.901275148835097,62.19428502287404,10.8805320633425,7.8340030924122175
