index,Non-Hispanic_White,Hispanics_(may_be_of_any_race),Black_Asian_or_Nfri,Asian,Two_or_more_races,American_Indian_and_Alaska_Native,Native_Hawaiian_and_Other_Pacific
2016,60.770436853221966,17.422934205257242,13.109563956768028,5.550142306148942,2.459724694321764,1.1767749422159,0.0
2060,43.99539132227972,27.196975927180247,14.702111718282184,8.795598613594692,6.08943033321583,1.1090333306746911,0.0
