index,Private_health_insurance,Out-of-_pocket,Other_payers,Medicare,Medicaid,Other_public_health_insurance
2013,52.25664302280669,46.66068046816925,0.0,0.0,7.378229439925491,2.599290311615732
2015,54.17271950055272,46.51318267716821,0.0,0.0,11.38326946367158,3.406114463261261
2017,57.89233650995456,52.900874915487705,0.0,0.0,12.42341205480514,3.8952287246578976
2018,61.6485547381296,54.50239796641213,0.0,1.1699091590079007,12.611974441435422,3.933266783925845
