index,Gen_Z,Millennials,Gen_X,Baby_boomers
Very_scared,25.785559998086526,28.53396341951226,18.87110831630075,11.0084527113045
Fairly_scared,25.5221972769952,30.834950048443524,28.369600222639903,26.239649445737584
Not_very_scared,27.12825194833762,22.30787461895609,27.138789728090657,31.007643161230348
Not_all_at_scared,9.664921227643164,9.25902862986102,16.447500745835484,20.90855777563988
