index,Real_estate,Engineering,Healthcare,Education,Retail,Video_entertainment,Live_events,Video_games
2020,0.0,0.0,0.0,199.28689710988408,224.44073232107,224.4288340372403,0.0,0.0
2025,95.38311369041534,95.44400693870898,280.46043527140245,280.4594892093684,280.5122615164063,280.51720589900754,280.5118471826687,95.44252914837844
