Unnamed:_0,index,Aughis,Apr,sains,sens,Marto,Novis,Junzo,Juris,cays,sapuls,Overo,Mayzo,Juntis
0,Euro_area,-20.32405273853194,-8.34248721984051,-28.7779247129298,-22.815685694299383,-39.66004589571114,-20.399539753844067,8.607281296423505,-16.481954953339454,-20.39019962428651,-18.59234700045088,-24.587394778166903,-1.8669942462785265,-20.379407744235245
1,EU,-45.641658965819694,-16.591939089499213,-37.47804886223208,-37.26407206846945,-39.66004589571114,-35.13230881036093,4.724706942907936,-43.49829774520346,-35.17118524485255,-45.92683569954149,-39.31327804573988,-8.149219927595805,-47.724487805353135
