index,Unnamed:_1,st,Unnamed:_3,Unnamed:_4,a,5,Unnamed:_7,Unnamed:_8,Unnamed:_9,it,Unnamed:_11,of,Unnamed:_13,it.1,Unnamed:_15,Unnamed:_16,or,Unnamed:_18,5.1,Unnamed:_20,Unnamed:_21,it.2,Unnamed:_23,Unnamed:_24,it.3,Unnamed:_26,Unnamed:_27
Facebook_fans,135.8932587033163,0.0,135.8932587033163,135.8932587033163,0.0,0.0,135.8932587033163,135.8932587033163,135.8932587033163,194.3864032521657,135.8932587033163,0.0,135.8932587033163,194.3864032521657,135.8932587033163,135.8932587033163,195.89280252513856,135.8932587033163,0.0,135.8932587033163,135.8932587033163,194.3864032521657,135.8932587033163,135.8932587033163,194.3864032521657,135.8932587033163,135.8932587033163
Twitter_followers,21.539392497078097,0.0,21.539392497078097,21.539392497078097,19.96895240330329,0.0,21.539392497078097,21.539392497078097,21.539392497078097,88.91807452137704,21.539392497078097,0.0,21.539392497078097,88.91807452137704,21.539392497078097,21.539392497078097,54.141424578495474,21.539392497078097,0.0,21.539392497078097,21.539392497078097,88.91807452137704,21.539392497078097,21.539392497078097,88.91807452137704,21.539392497078097,21.539392497078097
