index,None,1_or_less,2_Between_and_5,6_Between_and_0,Between_1_I_and_25,More_25_than
2014,0.0,15.980685824725269,34.100437226467896,17.990886584649726,22.047954599597915,9.907879897287458
2015,1.934534710675088,22.062530424644752,35.11582392472872,24.090252303533685,12.95294685347491,4.007469265375136
