index,Argentina,(including_Monaco,France,United_Kingdom,Turkey,South_Africa,Mexico,Canada,Indonesia,South_Korea,Germany,Japan,Russia,India,United_States,China_(Mainland)
2008,0.0,0.0,0.0,614.6288588453115,614.3528394310727,614.572518632076,614.2105940014003,614.9920422850992,614.5769754967703,0.0,412.8344774887506,413.21137174130047,413.22365363561073,517.4956094779479,615.0914201612229,615.6358380912916
2018,0.0,0.0,0.0,0.0,0.0,0.0,0.0,0.0,614.6089900744603,614.8741565128403,614.4341176734758,412.8319938923943,517.4310019508139,517.9634782052512,616.1334079092678,0.0
