Unnamed:_0,index,Unnamed:_2,the
0,Lloyds_Banking_Group_(UK),-9995084577185932.0,1.4399361595982322e+16
1,HSBC_Holdings_(UK),-1514418260650773.0,1.4399361595982322e+16
2,SUBS_(Switzerland),-7482461920768318.0,1.4399361595982322e+16
3,ING_Group_(Netherlands),-9995084577185932.0,1.4399361595982322e+16
4,Banco_Santander_(Spain),-8776659486713648.0,1.4399361595982322e+16
5,BNP_Paribas_(France),-7482461920768318.0,1.4399361595982322e+16
