index,Unnamed:_1,Unnamed:_2,Unnamed:_3,2,Unnamed:_5,it,Unnamed:_7,6,Unnamed:_9,st,Unnamed:_11,o,Unnamed:_13,5,Unnamed:_15,of,Unnamed:_17,Unnamed:_18,it_<o_to,Unnamed:_20,5.1,Unnamed:_22,Unnamed:_23,5.2,Unnamed:_25
Facebook_fans,5.783269247660389,5.783269247660389,5.783269247660389,0.0,5.783269247660389,0.0,5.783269247660389,0.0,5.783269247660389,0.0,5.783269247660389,0.0,5.783269247660389,6.433133336608655,5.783269247660389,0.0,5.783269247660389,5.783269247660389,6.380734108430519,5.783269247660389,6.433133336608655,5.783269247660389,5.783269247660389,6.433133336608655,5.783269247660389
Twitter_followers,1.392201252067489,1.392201252067489,1.392201252067489,0.0,1.392201252067489,0.0,1.392201252067489,0.0,1.392201252067489,0.0,1.392201252067489,0.0,1.392201252067489,3.35696856652766,1.392201252067489,0.0,1.392201252067489,1.392201252067489,2.4347311117163573,1.392201252067489,3.35696856652766,1.392201252067489,1.392201252067489,3.35696856652766,1.392201252067489
