index,South_Korea,Hong_Kong,Denmark,Japan,Netherlands,Singapore,Sweden,Norway,Germany,Italy,China,Belgium,Spain,Israel,Canada,France,Australia,Montenegro,Poland,Great_Britain,Malaysia,Hungary,Serbia,LUSA,Russia,New_Zealand,India,Turkey,South_Africa,Chile,Peru,Colombia,Indonesia,Mexico,Philippines,Argentina,Brazil
Average_guess,34.46461468290521,9.787938653265163,24.52814947572164,53.86446540496156,53.84971955524395,53.84904872116524,53.87514736127485,53.87064874516527,14.673430192700216,14.669007965564404,34.46151190167989,14.668077408974897,14.682869092076771,14.705408006008897,14.662117680130756,53.86070984523316,53.86840429822699,39.36597290663656,14.669505188339102,14.662638514042795,14.662563513959462,34.41550768389743,14.676902418780465,14.70828856476507,19.63854126504585,19.66510379455977,34.45852578725088,25.51195890217656,34.42282574758416,34.447146607940674,34.46727996364441,29.54770366411518,44.25737278596976,44.25741167490186,44.2143755159728,39.36665346294829,39.34163537959486
Actual_rates,0.0,9.803820615356235,0.0,0.0,0.0,0.0,0.0,0.0,0.0,0.0,0.0,14.710324678138534,14.700078833420925,0.0,19.645487106096784,19.65510517233908,0.0,0.0,0.0,0.0,0.0,0.0,14.705648284053652,0.0,19.668510742789717,0.0,25.53792143102381,0.0,0.0,34.46950913278793,0.0,44.28033253370282,29.549002276669192,29.55059116732352,39.37286735874151,39.36742846380941,0.0
