Unnamed:_0,index,Unnamed:_2,the,and,I,Bo,In,SFIFF,MIS,Subjects,St
0,Agriculture,106.26225639525808,93.88238051612402,99.08173922347213,96.36244842338814,99.18241936906512,93.65424579832369,95.72292488245007,102.77890711960876,106.43318918672226,126.44477807253446
1,Energy,101.7199571887235,87.90922516314532,107.57603487324738,99.92700553436546,88.55458797924358,83.34358497543218,84.07744766854395,95.44159190972256,108.9122838814597,126.44477807253446
2,Metals,98.49091056272589,87.90922516314532,99.08173922347213,92.86257065424716,86.87213926772003,83.34358497543218,84.07744766854395,100.76189897137178,106.43318918672226,126.44477807253446
