index,Dasani,Buxton,SPA,Perrier,SANAYA,Volvic,Dinghu,Aquafina,Aqua,Vittel,Tibet_Spring,Laoshan,Health,Ganten,Evian,Watsons,IceDew,Robust,C'estbon,Wahaha,Master_kong,Nongfu_Spring
2012,0.0,0.0,0.0,0.0,0.0,0.0,0.0,0.0,0.0,0.0,0.0,68.7413121348414,0.0,0.0,0.0,5.848321189866482,0.0,10.93449235000532,11.786032950494644,20.76301546269076,20.752578341155413,0.0
2013,0.0,0.0,0.0,0.0,0.0,0.0,0.0,0.0,0.0,0.0,0.0,68.73927187663081,68.75446455229856,5.87576190554492,20.76958626246332,5.854370566278746,5.871125348444949,11.805386195132629,20.751875176872858,20.7655187275366,11.784072744833152,20.747431178607187
