index,Google_AdWords,Linkedin_ads,Facebook_ads,Display_Native_ads,Native_ads,Twitter_ads,Bing_ads
2017,45.62215224712813,40.7119102584049,25.57807061601354,9.786592274471204,0.0,1.96014818593639,0.0
2018,58.638081833564144,50.5345129632441,26.661359267773364,9.762040429702909,0.0,1.9800023280211576,0.0
2019,55.48528454057565,55.50334530291974,24.742911128461884,13.868149987449812,11.82463344949798,2.6677713938771177,1.9255502404968892
