Unnamed:_0,index,Female,Male
0,Within_the_a_year_ago,9.978644537086176,8.90933229421428
1,Today,9.972866069173214,0.0
2,Within_the_month_previous,8.942279939454352,8.933642588737968
3,have_used_this_application_never,19.9780786349422,67.0129198005048
