index,Aviation_systems,Information_systems,Electronic_systems,Shipbuilding,Technical_service
2009,10347.405898508076,8455.17902257287,7595.505051961353,6167.971660282167,2730.9722448424163
2010,10842.90704124415,8341.119112042841,7555.428084672223,6662.260715237784,3184.0081457769465
