Unnamed:_0,index,Unnamed:_2,XIVE,th,for,of,Marciza,Fr,pray,it,Lines:,is,RIS,Ap,Novel,go,this,the,sp,X,a,I,SENER,Sp,Spe
0,Recovered,13243.284263510888,13243.284263510888,226.4579538254129,13243.284263510888,5391.184915076326,320.6022808328253,13243.284263510888,995.3493783506055,5233.718644434805,1261.7910688702668,13243.284263510888,1279.031725907318,13243.284263510888,13243.284263510888,13243.284263510888,13243.284263510888,3799.221437757132,13243.284263510888,13243.284263510888,13243.284263510888,13243.284263510888,13243.284263510888,13243.284263510888,7156.20168778448
1,Confirmed,13243.284263510888,1241.8563086967297,226.4579538254129,13243.284263510888,5391.184915076326,320.6022808328253,13243.284263510888,1231.9174826967555,5482.141203340603,13243.284263510888,13243.284263510888,1279.031725907318,13243.284263510888,13243.284263510888,13243.284263510888,13243.284263510888,4735.223400975837,13243.284263510888,13243.284263510888,13243.284263510888,13243.284263510888,13243.284263510888,13243.284263510888,8486.904788964948
2,Deaths,13243.284263510888,191.6700590299388,226.4579538254129,13243.284263510888,274.7925085347615,320.6022808328253,13243.284263510888,13243.284263510888,274.5791043071404,189.5690793805497,13243.284263510888,1279.031725907318,13243.284263510888,13243.284263510888,13243.284263510888,13243.284263510888,226.64831440404123,13243.284263510888,13243.284263510888,13243.284263510888,13243.284263510888,13243.284263510888,13243.284263510888,312.8816565227662
