Unnamed:_0,index,and,CALLER,State,I,the,CONTERTION,Ind,In
0,Statutory_minimum_(real_$)_wage,4.396787367957092,7.607481821627379,5.3802268888427,6.914717697988148,8.171202761765937,7.313570832165358,7.807601544383293,10.0127592588877
1,Statutory_minimum_(nominal_$)_wage,0.6158975430862004,7.607481821627379,0.7628751149063806,6.195607815055809,7.596291334723022,5.066720534764241,5.525548678975164,2.983632890213688
