index,White,Hispanic,American_African-,Other
Neither_support_or_oppose,15.131655723733743,13.048246461723664,11.879742474471088,18.17323886885599
Somewhat_oppose,7.924610033384056,5.726261627824925,0.0,5.6428290503424
Somewhat_support,27.170734909827416,25.07320751568119,16.277193970618825,18.649512614590947
Strongly_support,28.944919650586968,47.166022730131374,68.80127179766586,43.06382487871352
Strongly_oppose,17.923806263149473,5.916221371821038,0.0,10.010896915547065
Don't_know_opinion_no,2.566315646093216,0.0,0.0,3.814061561437185
