index,2020
Significant_increase,3.8981686579892383
Increase,32.72826351337643
Stay_the_same,41.69711152796936
Decrease,20.79423577596613
Significant_decrease,0.9282109463814407
