index,0-2_years,2-6_years,6-10_years,than_10_More_years
Minimum,118602.28082699416,162518.6615969499,237568.6008896464,311603.7352926976
Maximum,148115.523093462,237451.00520983507,311399.6409117307,370513.2583605182
