index,Wroclaw,Warszawa,Torun,Szczecin,Sosnowiec,Poznan,Lublin,todz,Krakow,Katowice,Gdynia,Gdansk,Czestochowa,Bydgoszcz,Bialystok
March_2020/March_2019,0.0,0.0,0.0,0.0,0.0,0.0,9.973976255944567,9.996686708478965,10.00611698440052,10.000587028823835,9.987314055018649,0.0,0.0,0.0,0.0
April_2020/March_2020,0.0,0.0,0.0,0.0,0.0,0.0,0.0,0.0,0.0,0.0,0.0,0.0,0.0,0.0,8.000018007019136
April_2020/April_2019,0.0,0.0,0.0,0.0,9.984220449131072,0.0,0.0,10.001516191011255,0.0,0.0,0.0,0.0,0.0,0.0,0.0
