index,Children_in_employment,Children_child_in_labor,Children_in_hazardous_work
2000,352077.4931869139,245052.08341711003,169955.2865590964
2004,323315.64689171663,221936.63203783552,128326.31156186647
2008,304779.80630655616,214766.3228324864,114824.91406290176
