index,Gen_Z,Millennials,Gen_X,Boomers
Male,35.74222367129176,37.68704188995541,26.772165108761797,20.813764864066066
Female,37.68073304330796,36.59457438048715,30.61853078973005,21.84154162411433
