index,Government,"Media_(TV,_radio,_newspapers)",Courts,Police
Very_strong_trust,3.05131818022052,0.0,0.0,18.84826799844182
Strong_trust,18.97890317950208,19.08056012210488,64.72332538762856,47.63712077380201
Little_trust,0.0,33.75880278644193,98.66640004938976,18.853585774729886
No_trust,11.75777820392834,0.0,0.0,0.0
