index,15-24_years,25-54_years,55-74_years
Central_government,0.0,913.1462956848508,244.70636044248204
Municipal_sector,276.41648186161365,3246.890689107151,1187.4404897288728
