index,France,Germany,Italy,Spain,United_Kingdom
TV,63.40787473181453,69.38729558332874,72.36807370732213,62.50602890502874,54.516190907504544
Online_(ind._social_media),65.53209500633986,69.44165938064819,73.28308676292565,78.38684133671521,76.24160361356142
Printed_newspapers,14.71458322987111,32.61738538929663,21.61467585608628,33.565589885016834,21.636271933801183
Social,38.582048921039,36.57805136859447,49.36127549897646,55.33545679577081,38.581912237002825
