index,Brazil/China_/India_total,India,China,Brazil
Western_Europe,19.918797594701097,26.856090341469567,26.858855695969027,19.8936432112836
USA,0.0,0.0,29.938587427759145,29.94583567453117
