index,--100,Unnamed:_2,Unnamed:_3,Unnamed:_4,Unnamed:_5,Unnamed:_6,Unnamed:_7,Unnamed:_8,Unnamed:_9
Italy,0.0,225.72810018895396,225.72810018895396,225.72810018895396,225.72810018895396,225.72810018895396,225.72810018895396,225.72810018895396,225.72810018895396
Spain,0.0,43.21104783093877,43.21104783093877,43.21104783093877,43.21104783093877,43.21104783093877,43.21104783093877,43.21104783093877,43.21104783093877
UK,0.0,16.313300186456253,16.313300186456253,16.313300186456253,16.313300186456253,16.313300186456253,16.313300186456253,16.313300186456253,16.313300186456253
US,0.0,36.48074184173819,36.48074184173819,36.48074184173819,36.48074184173819,36.48074184173819,36.48074184173819,36.48074184173819,36.48074184173819
