index,Unnamed:_1,Unnamed:_2,Unnamed:_3,Unnamed:_4,Unnamed:_5,Unnamed:_6,Unnamed:_7,Unnamed:_8,Unnamed:_9,Unnamed:_10,Unnamed:_11,Unnamed:_12,Unnamed:_13,Unnamed:_14,Unnamed:_15,Unnamed:_16,Unnamed:_17
Two_parents,49624.0728798908,49624.0728798908,49624.0728798908,49624.0728798908,49624.0728798908,49624.0728798908,49624.0728798908,49624.0728798908,49624.0728798908,49624.0728798908,49624.0728798908,49624.0728798908,49624.0728798908,49624.0728798908,49624.0728798908,49624.0728798908,49624.0728798908
One_(mother_father)_parent_or,18636.55671166155,18636.55671166155,18636.55671166155,18636.55671166155,18636.55671166155,18636.55671166155,18636.55671166155,18636.55671166155,18636.55671166155,18636.55671166155,18636.55671166155,18636.55671166155,18636.55671166155,18636.55671166155,18636.55671166155,18636.55671166155,18636.55671166155
No_parents,2936.960852591874,2936.960852591874,2936.960852591874,2936.960852591874,2936.960852591874,2936.960852591874,2936.960852591874,2936.960852591874,2936.960852591874,2936.960852591874,2936.960852591874,2936.960852591874,2936.960852591874,2936.960852591874,2936.960852591874,2936.960852591874,2936.960852591874
