index,Other,Xitsonga,Tshivenda,SiSwati,Setswana,Sesotho,Sepedi,Khoi._Nama_and_San_languages,Isizulu,IsiXhosa,IsiNdebele,English,Afrikaans
Inside,3.5909870658696867,3.592953302981556,3.593238963844982,3.595028981593053,3.5966149558672527,3.591421121986833,10.17457403142418,1.903039283191564,25.473959600876125,9.16917021825974,3.5969618297728374,9.17176713519995,12.283695368287342
Outside,16.71210096516273,9.174256465581204,9.17282630632342,2.64226467480664,2.640400459431703,9.16942620007242,9.170103253417544,10.173665110495104,25.47901802408752,25.27042252580593,10.189721476948282,34.22760270435511,14.986214080928836
