index,o,xo,to,to_-,-,no,o.1,to.1,xo.1
Increase,48.55257108962196,45.24121054913972,43.56842572316128,52.47314567780434,46.83107900492482,48.59435507578032,48.55257108962196,43.56842572316128,45.24121054913972
Decrease,17.75926654578994,20.83072890453397,14.875323060599612,8.7769787883825,19.505526298695628,16.021430107832686,17.75926654578994,14.875323060599612,20.83072890453397
Remain_the_same,32.355249133623715,35.542438744479455,40.08004660584187,37.29666026082955,32.33997042133612,34.09878030263798,32.355249133623715,40.08004660584187,35.542438744479455
