index,Unnamed:_1,Unnamed:_2,Unnamed:_3,Unnamed:_4,Unnamed:_5,Unnamed:_6,Unnamed:_7,Unnamed:_8,Unnamed:_9,Unnamed:_10,Unnamed:_11,Unnamed:_12,Unnamed:_13,Unnamed:_14,Unnamed:_15,Unnamed:_16,Unnamed:_17,Unnamed:_18,Unnamed:_19,Unnamed:_20,Unnamed:_21,of
Health_and_contribution_changes_care_trend_after_plan,3.961019390271842,3.961019390271842,3.961019390271842,3.961019390271842,3.961019390271842,3.961019390271842,3.961019390271842,3.961019390271842,3.961019390271842,3.961019390271842,3.961019390271842,3.961019390271842,3.961019390271842,3.961019390271842,3.961019390271842,3.961019390271842,3.961019390271842,3.961019390271842,3.961019390271842,3.961019390271842,3.961019390271842,4.901213626433671
Health_before_contribution_changes_care_trend_plan_and,7.299839839602965,7.299839839602965,7.299839839602965,7.299839839602965,7.299839839602965,7.299839839602965,7.299839839602965,7.299839839602965,7.299839839602965,7.299839839602965,7.299839839602965,7.299839839602965,7.299839839602965,7.299839839602965,7.299839839602965,7.299839839602965,7.299839839602965,7.299839839602965,7.299839839602965,7.299839839602965,7.299839839602965,4.976520206132562
