index,Number_of_physicians_and_specialists,Infrastructure_hospitals_or_number_of,Available_medication
More_than_enough,29.942838777236343,30.89388391684639,19.849254244160495
Not_enough,67.72801447523838,66.10328969785476,71.60009664002268
Do_not_know,1.578369173431497,1.5578614219010802,7.531181406819812
