index,White,Asian,Black)_African_American,Hispanic,other_Two+_races_or
All_Employees,48.980977082398816,31.928300903147203,5.891420917381566,7.850827532929017,4.94685672715211
Leadership,57.924371562154136,30.966351013069563,1.825219018495801,3.9978210878923335,4.012014996820852
Leadership_VP+,65.15394714543162,20.82890681482754,3.974463650194423,4.920998808088555,5.895590837776638
Technical_Roles,29.0204469968966,69.01400274161234,1.8200047794127272,4.047477706071277,4.989769400000753
