index,16GB3,32GB4,64GB5
Manufacturing_cost,8.03544996131808,8.08432709570593,8.006554388283462
Total_BOM_cost,204.496600953772,214.4951643531126,227.17387393134084
