index,16-24_years,25-34_years,35-44_years,45-54_years,55._64_years,65-74_years,75_and_years_over
Men,12.36593449252647,12.910741999051773,13.479338986389006,17.5335875942299,19.681566319609324,21.113740633741383,11.812756253566937
Women,7.110552522948222,8.381520461392634,9.033702209434075,9.658216126292483,10.04551964980292,9.335368941427566,5.763313596542588
