index,Pubs,Restaurants,Hotels
2014,464.090465480657,494.71718532203226,536.2625336749882
2015,426.88997456679976,478.33473007271806,562.8292188885868
