index,Growing_decorative_plants_/potted,Looking_fafter_pets,Reading_newspapers_magazines,Cycling,Walks,Cooking,Watching_series,Reading_books,Watching_movies,Listening_to_music
Total,35.93305669050699,30.81250028489856,32.83580675926249,36.87510604557262,36.88457733970088,43.1115024562054,47.11790545622516,47.10917363211975,47.11041958845962,43.11386774730588
Men,0.0,0.0,0.0,37.88434081059084,0.0,0.0,0.0,0.0,0.0,0.0
Women,30.83026782489958,30.836239298577222,37.90867747812359,37.9132966333348,43.13449187013488,47.13531845580427,43.13184294669688,47.13626052035392,47.13785088738936,47.15091823436845
