index,to_a,Unnamed:_2,Unnamed:_3,Unnamed:_4,Unnamed:_5,Unnamed:_6,Unnamed:_7,Unnamed:_8,Unnamed:_9,Unnamed:_10,Unnamed:_11,Unnamed:_12,Unnamed:_13,the_>,Unnamed:_15,Unnamed:_16,Unnamed:_17,Unnamed:_18,Unnamed:_19,Unnamed:_20
United_States,0.0,69.17504022956223,69.17504022956223,69.17504022956223,69.17504022956223,69.17504022956223,69.17504022956223,69.17504022956223,69.17504022956223,69.17504022956223,69.17504022956223,69.17504022956223,69.17504022956223,85.22803978316927,69.17504022956223,69.17504022956223,69.17504022956223,69.17504022956223,69.17504022956223,69.17504022956223
International,0.0,111.53575922767124,111.53575922767124,111.53575922767124,111.53575922767124,111.53575922767124,111.53575922767124,111.53575922767124,111.53575922767124,111.53575922767124,111.53575922767124,111.53575922767124,111.53575922767124,204.14475350339623,111.53575922767124,111.53575922767124,111.53575922767124,111.53575922767124,111.53575922767124,111.53575922767124
