index,adults_All,White,Hispanic,Black,Asian
1971,60.35983614677982,62.51457002227673,57.51251851217096,45.60821699879999,55.38211446343294
2001,53.5108505452589,55.36313480937999,48.500483092403016,48.51792729945135,51.43916938051085
2015,49.61898615262536,51.4260862252246,47.49772151769699,44.67087120052524,46.66428279493405
