index,Africa,Europe,South_and_Central_America,North_America_and_Caribbean,South-_East_Asia,Western_Pacific,Middle_East_and_North_Africa
2019,4.631707604829707,6.239393294121709,7.920564808526802,10.9970648833435,0.0,0.0,0.0
2045,5.140404086910147,7.729962073688694,9.801634553037363,12.878853060002992,12.876396098788735,7.7324324635412465,12.877925524772
