index,Japan,The_Americas,Europe,Other
2014,174146.6571041518,215506.51047892263,154996.6371822456,15607.426886604517
2015,132885.55263367598,230790.1506096103,151848.97601402504,17659.096342338016
2016,132415.07689855772,219456.33915052988,124855.27133636142,15874.794804366888
2017,127955.50243047252,201279.46449916327,128130.68770419958,24101.36265837925
2018,258274.8585544665,437098.1910909236,266210.8534544585,82016.22440035059
2019,261522.79862937285,525175.0418360028,300543.4695991712,98428.24129412707
2020,276327.3567614949,0.0,316790.30998485937,113956.5543071162
