index,1.5-3_years,4-10_years,11-18_years,19-64_years,65_years_and_over
Soft_drinks_low_calorie_not,64.00385248981951,126.98319318176038,260.5792482193862,136.1178634245963,52.120649257439766
Soft_drinks_calorie_low,181.84903855455295,183.22108808496503,175.83187730770703,107.18021617573764,35.11996091286136
