Unnamed:_0,index,May,Jung,December,August,Nevamber,saptamber,Caraber,Janny,July,March,Fasturry,April
0,Rural,143.04308696711604,143.3250180171848,142.53386656718678,143.62993882735248,142.04214312075055,143.82983792853778,142.03922399498165,142.14911701927718,143.5301052420301,142.14207835305066,141.632950312558,142.5254912690019
1,Urban,140.86165923727876,140.95553047919455,141.7380264568508,141.34034323398114,141.73376760327648,141.64580323750783,141.64428962629387,139.76596725032414,141.15618522504425,140.07001038785674,140.0570728430879,140.45183358635433
2,All_India,142.2530737568787,142.43936815825867,142.24845526907362,142.74159712942742,141.92240065910585,143.04760999963753,141.92520085275106,141.26182378154877,142.64208319031164,141.35878596874406,141.05224783648666,141.735470319147
