index,Tablets,Mobiles_smartphones,E-readers
2014,6440.472312249232,2779.900938723953,0.0
2019,21499.83244595542,9787.23312193323,385.35039063491786
