index,One_anxiety_disorders_or_more,Generalized_anxiety_disorder,Obsessive_compulsive_disorder,Specific_phobia,Social_phobia,Agoraphobia_without_history_of_panic_disorder,Panic_disorder_with_and_without_agoraphobia,Posttaumatic_disorder_stress
18-25_years,0.0,0.0,0.0,382805.13752077386,0.0,0.0,0.0,0.0
26-49_years,329347.6594015369,329282.9088194536,0.0,382839.1075290443,439446.4306178344,0.0,68736.38794936851,0.0
50_and_years_over,329448.7847242198,329298.90661768534,0.0,124374.80641329454,124318.81411948366,124279.6549519767,124243.25489840526,124169.8472799371
