index,Ontario,British_Columbia,Quebec,Prince_Edward_Island
2015,226.2754180119053,82.38266001355981,0.0,0.0
2016,226.3468578210841,0.0,0.0,0.0
2017,203.13783911439967,81.02416804350506,0.0,0.0
2018,215.78220028563368,73.66639840359218,0.0,0.0
2019,211.04347944683136,67.77700530642736,0.0,4.052900953289765
