Unnamed:_0,index,Unnamed:_2,the
0,Pacific_Islander,-120.10724336530556,160.80112434211077
1,Indigenous,7.647218137760781,160.80112434211077
2,Latino,-131.34585040507352,160.80112434211077
3,Asian,-236.5552777905785,160.80112434211077
4,White,-164.48082737473334,160.80112434211077
5,Black,-20.544168614496428,160.80112434211077
