index,They_totally_are_adequate,They_quite_are_adequate,They_quite_are_inadequate,They_totally_are_inadequate,don't_know
Feb_4_2020,26.59128850492265,57.62375241028066,6.880595716421212,2.8706145211703102,4.8775953222959885
Feb_25_2020,12.843115524150749,59.43875688298606,18.841886831337227,5.919071487937828,1.889417455784581
Mar_10_2020,11.877121932720613,65.38777692263542,11.807170672651536,6.820981290654615,2.828709468584151
