index,Hispanic_Catholic,Jehovah's_Witness,Hispanic_Protestant,Black_Protestant,White_evangelical_Protestant,Muslim,Unaffiliated,White_mainline_Protestant,White_Catholic,Buddhist,Mormon,Orthodox_Chrisitan,Jewish,Hindu,Unitarian)_Universalist
High_school_less_grad_or,69.38143602289561,99.3349645461255,39.7103149087151,79.59041048326719,99.36322053753416,79.56276451200694,79.6054659223948,79.52857855729526,79.63096972987812,79.51481409103984,47.46870720770725,47.4688065133128,39.64246435372089,29.490640269345175,29.489824544728137
Some_college,0.0,0.0,0.0,0.0,0.0,0.0,0.0,0.0,0.0,0.0,0.0,0.0,0.0,0.0,35.54625708306099
College_degree,0.0,0.0,0.0,0.0,0.0,99.40771654207953,0.0,99.41411466038016,0.0,99.43267416873228,100.01111513456442,98.16154468450787,0.0,39.68729374137061,0.0
Post_grad,0.0,0.0,0.0,0.0,0.0,0.0,0.0,0.0,0.0,0.0,0.0,25.60728392430218,12.830440289135367,0.0,0.0
