index,Extremely_downplays_the_issue,Somewhat_downplays_the_issue,Is_appropriate,Somewhat,Extremely_Don't_know,Don't_know
Total,7.896673567557514,10.84953221157278,48.82834758153786,14.784437490799064,13.7706007716695,2.796936135853485
Female,6.963563236616345,8.914971528972842,52.72322560358906,12.807067993333815,2.8028904311130702,13.75402191144822
Male,8.899258639476379,11.846372015648392,44.725390231790506,17.037956094089814,2.791065451560435,14.78829553968341
