index,Packaged_tour,Escorted_tour,Cruise,All-inclusive_resort
Travel_site_search,0.0,4.660692829521366,0.0,0.0
Online_travel_agency,12.807892912102744,9.553522903890688,11.16535293248387,12.562661848600186
Through_noination,22.8263416171757,10.804968769307004,32.43474058601443,24.77075832626465
Directly_with_provider,33.784989175018765,51.89288629606838,44.97791224560834,47.95414767136174
Other,11.40855632815162,17.11624466085874,5.942350945676637,7.96563778909244
Big_retailer_box',15.435578381497107,0.0,4.831643661341374,0.0
Combination,3.970665176433215,4.804399178978869,0.0,6.594319887949851
