index,DNC_Barack_Obama_+,Mitt_RNC_Romney_+
Raised,1076.3701043932622,1125.1769503299563
Spent,880.8211798853615,773.2097086099743
