index,Pacific_Asia,EMEIA,Americas
Stores,91.92429142802472,60.49788310150973,65.03831836154197
Concessions,87.94124946274329,50.43005381848505,8.716646889908418
Outlets,18.865765074958915,19.470931021237533,16.166895848594265
Franchise_stores,0.0,36.60022532653068,0.0
