index,Kidney,Liver,Heart,Lung,Pancreas
2017,23.15277389083071,9.836987989829762,2.967943900933463,3.686313645863727,0.9080744626585115
2018,27.400875307399623,10.534004203857304,3.7896737544732986,4.507837077703876,1.080458811924032
2019,25.49073623077945,9.908362262143651,4.10994178511104,4.281776735083554,0.9527409427517242
