index,Unnamed:_1,st,Unnamed:_3,2,Unnamed:_5,5,Unnamed:_7,Unnamed:_8,Unnamed:_9,it,Unnamed:_11,of,Unnamed:_13,it.1,Unnamed:_15,Unnamed:_16,or,6,Unnamed:_19,5.1,Unnamed:_21,Unnamed:_22,it.2,Unnamed:_24,Unnamed:_25,it.3,Unnamed:_27,Unnamed:_28
Facebook_fans,122.2272950846288,0.0,122.2272950846288,0.0,122.2272950846288,0.0,122.2272950846288,122.2272950846288,122.2272950846288,225.73938906706863,122.2272950846288,0.0,122.2272950846288,225.73938906706863,122.2272950846288,122.2272950846288,0.0,215.2947237412358,122.2272950846288,0.0,122.2272950846288,122.2272950846288,225.73938906706863,122.2272950846288,122.2272950846288,225.73938906706863,122.2272950846288,122.2272950846288
Twitter_followers,23.26181759618817,0.0,23.26181759618817,0.0,23.26181759618817,0.0,23.26181759618817,23.26181759618817,23.26181759618817,97.5635514037022,23.26181759618817,0.0,23.26181759618817,97.5635514037022,23.26181759618817,23.26181759618817,0.0,64.884399393552,23.26181759618817,0.0,23.26181759618817,23.26181759618817,97.5635514037022,23.26181759618817,23.26181759618817,97.5635514037022,23.26181759618817,23.26181759618817
