index,Online_channels,OTC_sales
2018,610.858014153655,184.5412563811824
2028,5120.238099787472,1163.393754507294
