index,Rural,Urban
Male,77.55407338815054,89.48673990196656
Female,59.55527757157634,80.41755362418509
