index,UAE,Jordan,Saudi_Arabia,Turkey,Egypt,Belarus,Denmark,Russia,Poland,Hungary,Ukraine
Women,25.132230513958064,54.16455440248604,89.95277134613,54.18022633847681,54.18502693888731,54.190991251108194,54.17805854927938,54.18640581013776,54.18878875877527,54.18011297490085,54.178199675363736
Men,75.39009563258726,89.93428614262156,89.9467191192992,89.95261633879144,89.99137974114238,54.1831899862483,54.19686764871913,54.18291930179142,89.93821685110227,75.38275244911596,54.22748506839757
