index,Housekeeping_and_occupations_relate,Cooks,Waiting_staff,Conference_and_exhibition_and_managers_organisers,Kitchen_and_catering_assistants,Bar_staff,Catering_and_bar_managers,Hotel_and_accommodation_managers_and_proprietors,Leisure_and_theme_park_attendants,Restaurant_and_catering_establishment_managers_and_propietors,Publicans_and_of_licensed_managers_premises,Chefs
Male,0.0,0.0,76.55627177856263,56.91456498198323,78.59244687108719,57.99686445649088,57.99780007533766,58.80067494730025,51.12357246937476,57.995326787255735,58.80526354755752,78.5318187698158
Female,58.944190742580346,58.95430356194163,58.96829716556305,58.87606955471866,65.63655031636121,57.93339695541493,56.92415710911675,56.91441853729418,51.15436653315793,58.808721269382566,78.56509425749697,58.88744342556908
