index,"Shop_for_food,_medicine_essential_or_household_items",Exercise,Go_to_work,Visit_close_friends_family_or
Not_all_at,40.129583399321504,79.40627839227813,17.962403414158416,70.13450125446982
time,19.95045156746213,40.11210521709413,0.0,0.0
2-3_times,35.94577543739737,40.1342616132232,35.96632206950014,0.0
times_or_more,17.96946762134182,17.969691633811507,17.976708954664048,17.970587683690226
