index,Pollution_of_drinking_water,Loss_of_tropical_rain_forests,Extinction_of_plants_and_animal_species,Pollution_of_rivers_lakes_and_reservoirs,Air_pollution,Global_warming_climate_change_or
Democrats,59.5672542584264,9.811904000617886,59.56427834346034,59.587267854495934,59.56982126904599,59.57813565742448
Republicans,59.583178811031104,9.837216315510588,9.81680517354866,59.599211268949446,9.839930986033067,9.852788756039146
