index,Unnamed:_1,st,Unnamed:_3,Unnamed:_4,Q,5,Unnamed:_7,Unnamed:_8,Unnamed:_9,it,Unnamed:_11,of,Unnamed:_13,it.1,Unnamed:_15,Unnamed:_16,5.1,Unnamed:_18,5.2,Unnamed:_20,Unnamed:_21,it.2,Unnamed:_23,Unnamed:_24,it.3,Unnamed:_26,Unnamed:_27
Facebook_fans,19.74465808309617,0.0,19.74465808309617,19.74465808309617,9.395640121830183,17.500355381930262,19.74465808309617,19.74465808309617,19.74465808309617,119.63353541841616,19.74465808309617,0.0,19.74465808309617,119.63353541841616,19.74465808309617,19.74465808309617,17.500355381930262,19.74465808309617,17.500355381930262,19.74465808309617,19.74465808309617,119.63353541841616,19.74465808309617,19.74465808309617,119.63353541841616,19.74465808309617,19.74465808309617
Twitter_followers,20.1208693431752,0.0,20.1208693431752,20.1208693431752,0.0,85.69739097014,20.1208693431752,20.1208693431752,20.1208693431752,146.96624760117197,20.1208693431752,0.0,20.1208693431752,146.96624760117197,20.1208693431752,20.1208693431752,85.69739097014,20.1208693431752,85.69739097014,20.1208693431752,20.1208693431752,146.96624760117197,20.1208693431752,20.1208693431752,146.96624760117197,20.1208693431752,20.1208693431752
