index,South_Africa,Mexico,Korea,India,Argentina,Italy,Russia,Turkey,Indonesia,Great_Britain,Saudi_Arabia,China,France,Germany,Poland,Brazil,Canada,Australia,United_States,Japan
Financial_crisis_2009,0.0,0.0,0.0,0.0,0.0,19.845438564241935,0.0,0.0,0.0,4.99242669266531,10.051653108901125,10.05640918546372,0.0,4.963052568141734,4.9701180409804415,0.0,0.0,0.0,25.089273581437343,0.0
COVID-19_carisis_2020,6.482387508551165,19.843613733985475,4.953764374101255,19.84148408668904,19.84817784561832,19.847977736721845,19.84281155326387,19.851562245501043,19.845063941772967,19.8494040943211,11.057159012113573,11.060028015245503,4.957122596948107,4.9396456443739165,6.478853026996086,6.485717227514508,8.427512879101654,9.737759618024691,8.42940286109185,8.426853799509503
