index,16_to_24_years,25_34_to_years,35_to_44_years,45_54_to_years,55_years_and_over
Yes,26.615661827026187,37.74382731602519,34.750899585503106,29.65551747198751,23.66994443481204
No,72.34196747513346,61.24191682674007,64.25794865181038,69.33949655098391,75.31900203020626
