index,Zika_virus_health_scares,Refugee_crisis,Industrial_action,Travel_company_failures,Terrorism
Impacted,14.935131322868102,33.67216848390135,33.67350132620968,39.73948144222381,13.755605359921116
Significant_impact,19.88560454505544,19.88326417503062,39.74181707465749,39.735066007278206,0.0
