index,Bethesda_Softworks,Electronic_Arts,Microsoft_Studios,Warner_Brothers_Games,PlayStation,King_com,Nintendo,Activision,Supercell,Machine_Zone
2014,19.413907085501364,19.410615875111446,44.58257774049876,30.14599511498764,37.23458916326327,44.575089538914135,37.24925536752677,41.836039405187385,41.83279472463333,59.4361328370978
2015,41.84493280781502,44.59957043655533,30.777544577133757,30.67342631442133,30.6915915623416,88.31173314953014,41.85231554177169,41.83126544402801,41.82638601524069,44.58569213751242
