index,Agriculture_only,Nonfarm_enterprise_only,Wage_only_work,Diversified,Apprenticeship_working_
Male,59.30874514175324,25.71666696426218,17.697457599016403,47.3326650188378,not
Female,37.95352918519198,19.50970203886937,14.15095574924772,31.686405751926078,not
