index,None_of_these,Eyeliner,Nail_varnish,Concealer,Bronzer,Foundation,Fake_tan,Eyebrow_waxing,Manicure,Facials,Lip_balm,Waxing_Jhair_removal,"Skin_care_(moisturizer,_eye_cream)"
Millennials_(18-34),30.109515084673404,30.109982033584743,30.135793190550736,30.12260744272093,17.849864807172338,17.85235520136616,17.855534901095773,17.860146577486837,17.85806976661449,17.832725558559844,38.990091788814574,30.11441137754376,60.05353902803473
Gen_Xers_(35-47),20.07421374697595,30.11942774299132,0.0,0.0,0.0,0.0,0.0,0.0,0.0,0.0,39.00662622740857,40.015311477159536,60.03042728048955
(48-67)_Boomers,30.090650348655185,0.0,0.0,0.0,0.0,0.0,0.0,0.0,0.0,0.0,0.0,79.72471805180021,0.0
