index,Male,Female
2006,45.08982621653436,53.8768028982838
2014,44.018210022192335,54.86973675692947
