index,100,125,Unnamed:_3,Or_in,Unnamed:_5,for_it,Unnamed:_7,of_o,loss,Unnamed:_10,of,Unnamed:_12,of.1,Unnamed:_14,Unnamed:_15,ob,for,01,of_no,to,of.2,Unnamed:_22,Unnamed:_23,OB_it,(OS_Re:,to.1,the_to,the_to.1
Intensive_(ICU)_care_unit,47647.20806595415,219786.2348127041,176506.85850500618,195314.27172042365,176506.85850500618,153980.4061596202,176506.85850500618,78569.81050845206,26114.03335927805,176506.85850500618,9218.54374676192,176506.85850500618,9218.54374676192,176506.85850500618,176506.85850500618,31290.326750484997,18229.147808595502,36949.90503632661,75400.76808752125,24845.757366049394,9218.54374676192,176506.85850500618,176506.85850500618,102480.90876248536,54511.24099051772,24845.757366049394,23645.754035567574,23645.754035567574
Ventilated_cases,68183.98343723273,151383.73260732318,8264.287316650036,172637.57326963628,8264.287316650036,134922.04321601987,8264.287316650036,39217.12396966154,30247.21758316562,8264.287316650036,125455.49801016902,8264.287316650036,125455.49801016902,8264.287316650036,8264.287316650036,79047.25667409669,68727.505516103,11542.24226646748,44158.5385897081,17398.198397652945,125455.49801016902,8264.287316650036,8264.287316650036,54754.5020953769,97264.9004523055,17398.198397652945,29814.05326312996,29814.05326312996
