Unnamed:_0,index,59:_Don't_read,S8:_Don't_like_reading,57:_No_time_read_to,S6:_Reluctant_readers,55:_Joe_average,S4:_Given_the_chance,S3:_The_magazine_generation,S2:_Love_read_to,S1:_Bookworms
0,Daily,0.0,0.0,0.0,0.0,100.28107700611064,100.20832633032856,100.20986730612128,100.21091728472511,100.2129568115096
1,At_least_weekly,42.53779073171045,42.56607972359124,3.800378672139658,3.80829505758453,42.55687919165244,100.2262061818057,100.22505044996116,42.53874251087653,0.0
