index,-alcoholic_Soap_or_hydro-_hand_gel,Food_products,Face_masks,Pharmaceutical_drugs_or_products
Have_already_stocked,29.12840151011236,18.153359798247067,7.035095269535834,8.034440611738422
Consider_stocking,25.139488393789502,20.153396587251866,28.132358701612603,17.04081790943005
