index,North_Central,North_East,North_West,South_East,South_South,South_West
Male,72.29850816939678,49.92761887591176,58.33118666708553,86.01721248444635,87.84078611236694,88.16772816239451
Female,48.98706036024839,31.352554532834887,28.692573263237733,78.56350922338032,78.31180976029728,79.78091256307397
