index,18_34_years_to,35_to_54_years,55_to_64_years,65_74_years_to,75_years_and_over
Male,3.0532775557771785,8.28100723046343,13.22178888070124,29.23226750202039,43.770206762838335
Female,0.6025903944981437,1.3854512678094792,1.7104041101303693,1.1523468283405691,1.0023468054983908
