index,Investment,Development
2018,389.7371207815244,366.5607354368534
2019,399.9768009636276,381.9291608519229
2020,400.1795641949132,385.9861380049251
