index,Industrial,vehicle_Commercial,Light_vehicle,Refinishing
2016,27.98807565841817,3.1521073582184336,7.694584861442266,7.554687311041718
2020,28.468016961213507,3.6711817220138094,8.587273106852841,8.475148843432116
