Unnamed:_0,index,Unnamed:_2,Sp,I,Spe,the,ing,Spires
0,North_America,-405.4912249086684,-379.44134609908826,-380.0068961912585,-392.3683034199336,-380.5713229219568,-395.6546974062052,-384.75465863463216
1,Oceania,-342.7539830575247,-324.3256125635499,-329.6319352943792,-392.3683034199336,-333.1694629786086,-332.7483896535288,-332.31339912799064
2,Asia,-374.3274926337912,-351.0756576150256,-292.0850759088111,-235.29060347134296,-315.6116976254167,-363.9621739228797,-332.31339912799064
3,Africa,-139.4875287373807,-93.69513373852358,-13.339527423671878,35.04527380765711,-76.86799020491206,-110.37502330584998,-48.83965341178141
4,Latin_America_Caribbean_and,-374.3274926337912,-351.0756576150256,-277.1744494553647,-235.29060347134296,-333.1694629786086,-363.9621739228797,-301.5409710991858
5,World,-342.7539830575247,-324.3256125635499,-292.0850759088111,-235.29060347134296,-315.6116976254167,-332.7483896535288,-301.5409710991858
6,Europe,-420.90792570524087,-424.22128036684,-421.53594717704726,-392.3683034199336,-436.5341334163373,-420.1930933552389,-437.1463030095946
