index,Unnamed:_1,Unnamed:_2,Unnamed:_3,Unnamed:_4,Unnamed:_5,Unnamed:_6,Unnamed:_7,Unnamed:_8,Unnamed:_9
QI_2013,40.89828595197986,40.89828595197986,40.89828595197986,40.89828595197986,40.89828595197986,40.89828595197986,40.89828595197986,40.89828595197986,40.89828595197986
QI_2014,91.69914745836869,91.69914745836869,91.69914745836869,91.69914745836869,91.69914745836869,91.69914745836869,91.69914745836869,91.69914745836869,91.69914745836869
