index,>_0,Unnamed:_2,Unnamed:_3,Unnamed:_4,Unnamed:_5,Unnamed:_6,Unnamed:_7,Unnamed:_8,Unnamed:_9,Unnamed:_10,Unnamed:_11
Q1-Q3_2078,2165.138358595153,72.09655710416564,72.09655710416564,72.09655710416564,72.09655710416564,72.09655710416564,72.09655710416564,72.09655710416564,72.09655710416564,72.09655710416564,72.09655710416564
Q1-Q3_2019,2180.351925813204,99.29545250613,99.29545250613,99.29545250613,99.29545250613,99.29545250613,99.29545250613,99.29545250613,99.29545250613,99.29545250613,99.29545250613
