Unnamed:_0,index,Aug,Jan,Nov,Jul,Jun,Sep,May,Apr,Feb,Oct,Mar
0,Income,9693.817079844384,3849.846985305616,4185.234936521245,9554.41262491317,7637.331383757265,7854.963486897652,6489.21686160724,5827.648754255188,3830.389380352093,6485.657931389413,4833.518036587938
1,Payments,3227.092793484274,1830.280591100381,2321.2503450765544,3301.0140679946453,2415.7675371283067,3175.8069510881032,1664.9309216641304,1919.165270746128,1735.4399838201534,2617.453270871497,1865.1458428935584
