index,Industrial_Gases,Corporate_and_other
2019,8741.554854323267,0.0
2020,8588.918363449264,197.9030304066873
