Unnamed:_0,index,Mobile_message,Social_media,Display_ads,Promotional_e-mails,Search_engines,LUGC
0,Extremely_influential,99.03967971804776,99.03526348164588,1003.9275146251985,1003.4480375301276,303.01385142636343,302.9726442882069
1,Very_influential,129.5486014077486,0.0,0.0,270.00324803169417,270.20719182102414,28.295523927904696
2,a_little_influential,148.75112778878258,0.0,0.0,0.0,0.0,0.0
3,Not_all_influential_at,102.35149176689032,79.51496730837994,69.24353194266774,103.25944340730734,0.0,0.0
