index,New_Zealand,Ireland,Chile,Switzerland,Luxembourg,Australia,Israel,Canada,Korea,Iceland,Mexico,United_States,Czech_Republic,Slovenia,Japan,United_Kingdom,Denmark,Slovak_Republic,Portugal,Poland,Netherlands,Norway,Estonia,Germany,Hungary,Spain,Turkey,Sweden,Finland,Italy,Austria,Belgium,France,Greece
Single_childless,16.870150736338132,20.10509785152056,20.08952214783185,20.109089474508885,20.10841769087309,20.11912342842639,20.108469795975036,20.108836392585147,20.111264862515107,20.111434204096437,20.11943047634857,20.11182313146453,20.107282544009276,20.113211360252077,20.104174846857525,20.120723799414712,20.127882668242727,20.0887126578552,43.17915371637778,43.18243447690385,55.9323184500072,40.05113371397351,49.283709302658814,49.29609356885336,49.138704525737495,55.93053571116207,55.923587123638335,43.16093740055834,43.179725011602685,43.1924219084089,43.1878310767482,55.92685113609592,55.930632477779966,55.920174239460906
Couple_children_2,20.0978943211766,20.09764496104586,20.11143978678592,20.09590316192368,0.0,0.0,0.0,0.0,0.0,0.0,0.0,0.0,0.0,0.0,0.0,0.0,0.0,0.0,0.0,49.14433187674761,49.14476918742465,40.20942901368392,40.21509544352049,49.14390945324255,49.14565497415772,49.14598249194138,49.14063055361298,43.15311791347352,43.19268987750462,43.19019999799023,43.15594275435757,0.0,0.0,0.0
