index,Total,Men,Women,Voters_of_the_Alliance,Voters_of_the_Red-Greens,Sweden_Voters_of_Democrats
Like,9.689876266039292,16.045852112022416,3.754114105118987,4.911649584996724,0.0,42.18386066339937
Neutral,8.794351816240635,11.952734048686564,5.600211615438624,5.611335239617162,2.975496764334025,20.7324724763005
Dislike,80.7128292223181,71.6229076862789,89.43589532936227,89.40730470708638,96.60238108567056,36.331937669898814
