index,1.5-3_years,4-10_years,11-18_years,19-64_years,65_years_and_pover
Tomatoes,16.775777314940626,19.759161796974205,25.65371890966529,43.52367210576317,42.59817566119504
Tomato_puree,4.824756746772515,5.803300018450415,7.935221129058128,5.776942665475112,3.842059238300536
