index,Days_Inn_Columbus,Days_Anderson_Inn,Super_&_Martinsville,Red_Carpet_Inn_Greenwood,Quality_Inn_Noblesville,Days_Inn_Indianapolis_East,Knights_inn_Indianapolis_East,Best_Western_Crossroads,Best_Western_Country_Suites,Knights_Inn_Indianapolis_Airport,Americas_Best_Value_Inn
Regular_Rate,217.0708803237262,0.0,4756.908957872317,795.8918028610447,0.0,0.0,0.0,0.0,0.0,0.0,0.0
Super_Bowl_Rate,2167.3601545165584,218.29848119939925,795.1005572194131,1584.9053082480918,1587.7622056527705,1587.66563280396,2168.401126880727,2167.023630724386,2166.605642105762,2167.049995704582,2167.183301784228
