index,All,Blacks,Whites
lustified,25.812544995580183,4.940273208606342,32.61634148341885
Unjustified,39.579697994222336,86.37448625299591,32.64993210793472
Don't_know_enough_to_say,31.75778480493561,7.831472756600121,31.76902116956613
No_opinion,1.9711663765685896,0.0,1.974538197260628
