index,17.5-50_thousand,50-100_thousand,100-250_thousand,250-500_thousand,0._5-1_million,1-2_millions,2-5_millions,5-10_millions,10-25_millions,25-50_millions,50-1_00_millions,100-250_millions,Over_250_millions
2015,0.0,0.0,0.0,0.0,66.13869830952495,43.16899332399005,0.0,22.86316689387462,22.86399153527512,22.86415487004527,22.829571720297565,0.0,0.0
2076,66.17258429866837,66.14314021851801,58.17101309785505,58.18816723249549,43.121494776076005,43.1330955285314,38.93043213599651,38.9120988039911,38.8876145235684,38.89412799549993,43.12535903771122,38.91890707526386,8.83468609049065
