index,Unnamed:_1,Unnamed:_2,Unnamed:_3,Unnamed:_4,Unnamed:_5,Unnamed:_6,Unnamed:_7,Unnamed:_8,oc,Unnamed:_10,Unnamed:_11
Aboriginal,18.364650654034413,18.364650654034413,18.364650654034413,18.364650654034413,18.364650654034413,18.364650654034413,18.364650654034413,18.364650654034413,3.939941006091697,18.364650654034413,18.364650654034413
Non-_Aboriginal,1.2953097771900095,1.2953097771900095,1.2953097771900095,1.2953097771900095,1.2953097771900095,1.2953097771900095,1.2953097771900095,1.2953097771900095,0.7183038765312197,1.2953097771900095,1.2953097771900095
