index,Kidney,Liver,Heart,Lung,Pancreas
2017,8.125160972431928,2.9718489869477818,1.7727850036355282,0.1658303665304092,0.0
2018,9.442254182143,3.455115419124967,1.966147758061897,0.157553864209067,0.0
2019,10.161596766591616,4.051544293361355,2.259406342520787,0.1631594588414433,0.0
