index,Employed,Unemployed,the_labor_Not_in_force
Deaf_people,52.69258131598628,3.7352800587008232,42.52837537163855
Hearing_people,75.06889802144569,3.046735222388193,20.3998412579374
