index,France,Italy,Spain,Australia,Korea_South,China
Fashion,53.60069651799115,55.56612425818065,58.34606146810012,48.543530152535936,69.40047927201518,76.27973615541165
Beauty,31.849823392216265,39.65340458946652,34.850392999178354,30.6665996674881,55.3908781074145,57.514232482819786
Fresh_FMCG,12.678250004244418,6.735349940241974,10.918031176723218,19.98296534490277,43.80286881822906,53.82324773504605
Packaged_FMCG,13.895182975554306,17.74360667744807,16.9156517943303,18.74297007130741,44.81843051689524,56.74674094004176
