index,15-19_years,20-29_years,30-39_years,40-49_years,50-59_years,60+_years
Yes_I_CU_Not_sure,24.355109790674163,30.970024326245323,34.15601103462118,21.198661123402147,26.11950102709578,22.020560206870115
No_have_monitored_tracked_health_fitness_never_or_my_or,48.19566443351661,44.12100907386375,43.38284230356677,61.22682854996273,63.22489164544315,68.5747746859235
Not_sure,6.425803097934917,2.328784104232952,3.093776112277183,0.0,3.1447446819476,0.0
Not_but_have_monitored_tracked_in_the_currently_or_past,21.13315835442708,22.55532234097997,20.463163899916225,16.47056620717092,8.462420134513025,8.265961263639866
