Unnamed:_0,index,20,FOIS,eads,eors,201,eoos,1993,2001,200,1997,cont,2016,colp,2020,2,2019,coro,200S,ZOIS
0,Male,-96.01264533996584,-64.19249000549317,-109.47606086730956,-60.29333229064942,-75.73412208557129,-121.86822700500488,-183.0247486114502,-170.83703804016113,-132.51496772766114,-193.6076038360596,-77.22429389953614,-44.36952857971192,-35.58958473205566,23.122423934936524,-70.8768466949463,1.5019756317138668,-75.80453071594239,-93.56951942443848,-23.615201187133792
1,Female,-96.01264533996584,-45.72636756896973,-103.3206958770752,-41.139342117309575,-59.03631782531738,-113.93991584777832,-183.0247486114502,-163.8795337677002,-132.51496772766114,-193.6076038360596,-59.04509315490724,-23.985838699340825,-35.58958473205566,33.75212898254395,-70.8768466949463,14.693397140502933,-63.8840763092041,-84.77179145812988,-5.2269855499267575
