index,With_whites,With_U.S_Asian_other_groups,With_Hispanics,With_blacks
Very_well,25.786452754448675,23.81363551573864,16.025245178249946,14.84490547982348
Pretty_well,60.31331626911421,58.647234356692,55.5144053001672,47.55116063440384
Not_/not_all_well_too_at,8.95885802589946,10.93041221927254,18.86989733407472,27.933671531595586
