index,Inpatient,Outpatient,Residential,Prescription_drugs
1986,41.67847816534732,23.76195322300465,21.82241771451599,6.905473860115244
2005,18.866678960824892,32.71244419249009,13.746813194819154,26.74706590807157
