index,Snapchat,Twitter,Facebook,Instagram,Google+,Pinterest
Male,46.50478686833016,35.751374619253525,57.64404793446071,51.88279935427897,43.922402499688566,8.795086464221683
Female,66.73191001797302,34.7390860026774,47.80480204490576,68.03815016284503,40.2783633845454,45.4102801639952
