index,Ginger,Garlic,Fresh_lemons
April_1-6_2019,194.92161028948797,1187.8134786854644,3972.174434673184
April_1-6_2020,2385.1220691909352,2490.1043910205653,1786.961115569335
