index,Safely_managed,Basic,Limited,Unimproved,Surface_water
Urban_regions,85.148809532287,10.901834331530525,0.0,1.9434278526780844,0.0
Rural_regions,52.395183883491136,27.54577368964864,3.757468248886724,10.927493062771203,3.758853729223702
