index,Unnamed:_1,Unnamed:_2,Unnamed:_3,Unnamed:_4,Unnamed:_5,Unnamed:_6,Unnamed:_7,Unnamed:_8,Unnamed:_9,Unnamed:_10,Unnamed:_11,Unnamed:_12
Public_universities,3952762.0903615793,3952762.0903615793,3952762.0903615793,3952762.0903615793,3952762.0903615793,3952762.0903615793,3952762.0903615793,3952762.0903615793,3952762.0903615793,3952762.0903615793,3952762.0903615793,3952762.0903615793
Private_universities,590521.5391081669,590521.5391081669,590521.5391081669,590521.5391081669,590521.5391081669,590521.5391081669,590521.5391081669,590521.5391081669,590521.5391081669,590521.5391081669,590521.5391081669,590521.5391081669
