index,Helmets,Goggles,Outerwear,Baselayers,Accessories
Up,22.72833379756561,26.964672085247287,40.56091256124833,26.86460065365347,40.60991179852543
Level/flat,40.83466248415313,44.644882811581255,26.68690153687554,40.46974801100056,35.63783891495051
Down,35.71763067616499,26.754506133076887,31.810021232433314,31.84710666166956,22.855513128908257
