index,Vegan,Vegetarian,Eats_fish_or_seafood._but_no_chicken_or_red_meat,"Eats_chicken_fish_or_seafood,_but_no_red_meat","Eats_all_chicken,_fish_and_seafood_meat,"
Trailing_millennials_(18-24),151.4830999089377,151.46847225484257,151.39082207416013,346.38241632363787,85.0603236213951
Leading_millennials_(25-34),151.61419253289162,180.9314725309138,151.42036581496632,151.45137232118208,151.8843508823978
