index,Hotel_website_(e_9_Premierinn._com),Travel_website_agency_(e.g_Thomas_Cook),Comparison_website_(e.g._Expedia._com),Accomodation_platform_(e._g._Airbnb)
Millennials,13.906912264076327,18.925697414652145,14.931677199383929,9.95680258138611
Baby_Boomers,23.92116589955293,11.905882786826322,6.917095963674118,0.962389793279069
