index,Foxconn,TPV,TCL_ODM,Boevt
2017,16.026162020099463,16.900808553163998,8.328886480080598,8.727323424310441
2018,16.595138716078733,15.387448294201116,10.413877983587565,9.497184951357728
