index,Education,Financial_services_&_accounting,IT_&_computer_software,Marketing_&_advertising,Medical_&_health_care
Spend_more,24.794192877811312,16.87303035344167,11.996427524817037,16.873145529557824,16.911090301026455
Spend_less,14.77951440165755,21.94003657849479,17.787125599338715,23.83661864806419,20.809663621674098
No_change,37.833252194159,45.933597081840325,48.9303586893793,36.85417458352496,43.863035730006736
Unsure,21.93998474924252,14.756035750378516,19.93197554609496,21.97916190515405,16.899981564622905
