index,Made_profit_a,Broke_even,Made_a_loss,Didn't_know/refused_to_say
2014,71.50910430672945,9.7286095380514,10.93587748237752,6.717611195866681
2015,74.50763341594865,8.807454640885524,10.981760612382956,5.02192316832496
2016,69.50552880546687,10.92741572867223,9.770653876774574,7.919736436432274
2017,74.44991933181323,8.734745563249732,9.770717704658123,5.852880147761553
2018,69.47430329300589,9.757970364485717,10.989055227646134,8.778659147134093
2019,69.50269758291785,13.896862118664018,6.705064457614014,8.745167744807006
