index,Hybrid_electric_(petrol_diesel)_and,Pure_electric,hybrid_Plug-in
2013,88.96091524576185,7.654766854554609,3.0662303248930414
2014,72.08546977328088,12.8144312389001,15.101056806382786
2015,61.95234490361616,13.493410456420904,24.22705282602629
