index,Very_worried,Somewhat_worried,Not_very_worried,Not_all_worried_at
Worried_about_health_personal,27.54533049077101,48.449729187307234,18.607082267582427,3.7624676767718768
Worried_about_health_of_people_live_with_you,36.46133269249247,37.54626682845674,8.760803038609865,2.945414645397342
