Unnamed:_0,index,Debt,Equity
0,Stay_the_same,51.54183134475538,54.93353495758966
1,Increase_somewhat,25.21494910366665,25.82679531855878
2,Decrease_somewhat,19.18638056549736,14.951098710600036
