index,TV_program_(Content),Movie_(Content),Music_(Content),Comics_(Content),eBook_(Content),Education_(App),Life_(App),FUN_(App),Game_(App)
Downloads,0.0,0.0,0.0,59.83786493620175,29.88932780727885,59.86718711619452,19.94669486264509,19.88829390511324,59.84018060908672
Revenues,0.0,0.0,79.12145559133397,0.0,29.873872867995477,0.0,0.0,19.961674162271287,0.0
