Unnamed:_0,index,Passes,DIVE,enoses,Aspring,evisted,EOISTIC,sackes,sorens,any,easses,sassor,sorent,BOISED,EXCOTION,200z/00,exores,evers,BOITHS
0,Scotland,27.70180662688718,18.131264027742944,19.45682096812591,12.079736141576609,12.28640020267423,11.760452936166526,22.471814023478128,12.440651587466276,19.63928379102657,19.711483939467623,24.082699870273217,12.44328431553526,12.76258279789738,16.115005531529718,25.654475446755367,22.7708960059682,12.753436995940149,11.507484433422404
1,Northern_Ireland,24.64575103405869,13.804952151313117,17.434400767921453,12.079736141576609,16.081426790936185,11.760452936166526,19.87195813605908,14.166611075535616,16.154964945760454,15.137606509000031,14.348396620228977,11.678382603625476,11.111409082402606,12.780698716863334,27.14159633964229,17.668057930202153,9.526679923666162,15.054227450900513
2,United_Kingdom,18.0591224409514,11.170311917168366,15.300191471132289,10.06884622092764,12.28640020267423,10.677077697305016,18.063178471719176,10.290909449685994,12.79256636244314,12.35989507280104,15.409620278626145,10.66494015890576,12.76258279789738,12.148856711101375,21.143918436353037,15.644131677141988,12.753436995940149,12.710602968566398
3,England_&_Wales,15.316239909254904,10.018080909284183,13.793662483752325,10.06884622092764,12.28640020267423,10.032028766500698,15.324619317451244,9.470246862814244,11.970768188802758,12.35989507280104,13.770288747124432,10.162425190675457,12.76258279789738,11.411853259783296,18.52543230591587,14.049890069599249,12.753436995940149,12.710602968566398
