index,Men,Women
Obese_(BMI_30_<35)_class_to,18.630459082792378,14.902098072912237
Obese_II_(BMI_35_<40)_class_to,5.887508003242751,5.823221088094108
Obese_class_III_(BMI_40+),2.903030256255736,3.907388587342023
