Unnamed:_0,index,Unnamed:_2
0,Musicals,3628.7268175136433
1,Plays,1123.4513125834835
