index,Female,Male
0-14,23.999838763333884,25.11133614849578
15-64,98.16427594540131,93.17073497153184
65+,25.086720471703288,19.61851914637612
