index,We'll_spend_more,We'll_spend_less,don't_think_it_will,I'm_not_sure
March,39.60459347022508,17.830713857973887,25.77801304924532,14.828244134499364
April,14.836232421536709,30.673848145832288,29.79482196452929,23.80401476396852
May,15.870907092904702,15.86422738941743,43.66318358885764,24.65644979801021
