index,Subscription_video_on_demand,Total,video_Ad-supported,Digital_(IVOD)_rental,Electronic_sell-_through
Western_Europe,102.35425413634628,43.607029317175446,31.458757558852767,20.50079921504353,15.868010138821916
Eastern_Europe,46.7790519700939,35.83517897381374,35.848439988026854,24.928902744856718,17.814392513237564
