index,Current_smoker,"Used_to_smoke,_regularly","Used_unarly_to_smoke,_not_reg",Never_smoked
Men,19.983206743520867,22.931806818462505,10.849987076522003,46.18424827413853
Women,16.9749633242834,18.851345777219255,7.879721408237735,56.07668715964879
