index,Amazon_Prime_Video,Netflix,Hulu,HBO_Max,Disney-,Apple_TV+,Peacock_Premium
Movies,4512.079264748415,1156.2108991033256,405.1862262630521,330.9777378065801,267.46183623644447,0.0,494.9116493013207
TV_shows,714.8177286522496,642.5716187776598,834.0435368032595,83.99518595951577,85.7159176894711,0.0,181.0438829060668
