Unnamed:_0,index,Unnamed:_2,State
0,GMV,2.550841599530642,91.6860013487328
1,Visits,6.551557178734456,91.6860013487328
