index,Jan'18,Feb'18,Mar'18,Apr'18,May'18,Jun'18,Jul'ts,Aug'18,Sep'18,Oct'18,Nov'18,Dec'18
Germany,0.4194526882061242,0.4366414462665469,0.4306184672068291,0.447702333455175,0.4002368730747507,0.4093936546382359,0.3888583917212085,0.419420217349516,0.4322182953666778,0.3763861167933842,0.4015046958468087,0.4081245549223788
Poland,0.2526695992289083,0.2713611377204411,0.3001303166752214,0.2962867158396441,0.3075407863830361,0.3002226214698489,0.2549699222728869,0.3149528978757355,0.3131449278766181,0.3081002701876263,0.3334054654562759,0.3247643867671226
Czechia,0.0681358969196239,0.0900736089692532,0.0940684364347637,0.0687734567165078,0.0854076563269943,0.0884766995380884,0.0976291030085479,0.094353377322527,0.1069259835488594,0.0806981051750199,0.0861081512111241,0.0799302971106181
Slovakia,0.1128858451007885,0.1110441273012636,0.0782087944487603,0.0879765024098893,0.0908815495530582,0.1300828120856346,0.1189513281469653,0.0759174100113762,0.1028488844185721,0.1160455513216254,0.0785116125497125,0.128438290892814
Hungary,0.0623179585499482,0.0757902628930848,0.085245119623411,0.0485964677454257,0.0721139416952022,0.0957192511363089,0.0937626996051279,0.0881647604099993,0.0906569898649427,0.0910696251326254,0.0748449596405951,0.0844425604456169
Ust_Luga,0.519836615040893,0.6787779009369803,0.5126454148254544,0.5329366902665642,0.5151849824112392,0.5061060032092335,0.4613711959331164,0.5323897934794233,0.5050877317396465,0.6534584768659969,0.6731451194181878,0.5191345695821497
