index,United_States,Germany,Spain,Britain,France
Completely_Mostly_agree_agree,48.447440452236016,46.42540917558068,43.58401005307461,31.711120556482115,26.57729999681173
Completely_disagree_Mostly_disagree,45.59215298945481,51.33607270934378,54.18767922135851,62.28616406658565,72.2531761868778
Don't_know_refused,4.707685391496952,0.0,0.0,3.706053966104662,0.0
