index,Army_Size,Total_Casualties,Killed,Wounded,Missing_or_captured
Union_States,92881.70312584868,22641.29019207416,3051.4605838850694,14074.945389159824,5121.944811572001
Confederacy_States,70795.82835391282,27551.45370946011,3752.842506652203,18352.182643533568,5192.240911431683
