index,2-10_years,11-15_years
Overweight,13.058155964432022,16.086507827809573
Overweight_airls,12.066036650942277,16.08800109567952
Obese,15.109219484371827,19.097976055703977
