index,Yes,No
Private_sector,66.08072283985615,29.0068515717644
Public_sector,49.92690192439734,48.97895120615915
