index,All,Blacks,Whites
Receive_equal_treatment,44.51394352449012,7.827146396268347,53.58473565395553
Do_receive_not_equal_treatment,49.31377963382789,85.15727817990215,40.630336430476426
No_opinion,5.781594044060199,5.801528909371683,5.825100725418992
