index,66_Moderate,Moderate,Negative_1,6_Severe_which,Severe_with
2020,2.0077432406356785,0.0,3.968200277814388,5.935797450014999,0.0
2021,0.0,1.9372147198392868,1.4608132552968756,0.0,0.9561998377685614
