Unnamed:_0,index,Unnamed:_2,State
0,China,54.582896980368496,80.13312838409038
1,Japan,8.958138772183155,80.13312838409038
2,United_States,34.76052461062562,80.13312838409038
