index,Capital_One,Bank_of_America,Chase,Citi,I'm_not_sure
Avid_fans,47.94960099194758,8.074840509252475,3.2744140644970443,5.086706116442052,24.8901461677572
Casual_fans,49.38301978237411,5.599694072240666,5.077882745415344,2.0435428997561687,30.44873085650911
