index,Unnamed:_1,-10,Unnamed:_3,20,Unnamed:_5,Unnamed:_6,Unnamed:_7,Unnamed:_8,by_>_is,"28,_not_xo_Re:"
Italy,2.3622897702257006,8.179332562702832,2.3622897702257006,10.782061713895892,2.3622897702257006,2.3622897702257006,2.3622897702257006,2.3622897702257006,4.023500649423163,3.389894814016479
North-_West,9.9474490623149,0.0,9.9474490623149,7.726560911912202,9.9474490623149,9.9474490623149,9.9474490623149,9.9474490623149,3.3474043767382184,3.0065615181570777
North_East,6.779086783703576,0.0,6.779086783703576,7.341125745096178,6.779086783703576,6.779086783703576,6.779086783703576,6.779086783703576,7.295757310184769,2.484677951981574
Center,2.0002882994156863,1.7551188760419905,2.0002882994156863,12.73981627282818,2.0002882994156863,2.0002882994156863,2.0002882994156863,2.0002882994156863,4.398113345972874,1.5130339732797609
South,5.916153835968629,5.04166559449596,5.916153835968629,20.723494961713723,5.916153835968629,5.916153835968629,5.916153835968629,5.916153835968629,0.9090208820546408,4.087642689265607
