index,Less_than_15_minutes,15-29_minutes,30-44_minutes,45-59_minutes,hour_or_more
2013,14.837730586435312,26.71378773557621,25.67223402747364,7.855403927112409,23.68387037516122
2014,14.84016191027684,25.68826805202334,29.63027827693192,6.948761677505395,20.765223424359128
2015,12.870341472282592,23.73985915484005,29.651338626521323,5.898906508129517,26.691198671257688
2016,12.85891901752905,25.67218158715549,29.62619111031727,3.8925494702892216,26.7168562887383
2017,16.790573074153155,24.70911355521838,28.70128214988778,5.881003701333004,22.760386837925093
