index,Private_health_insurance,Out-of-_pocket,Other_payers,Medicare,Medicaid,Other_public_health_insurance
2013,118.3676056122325,45.99004225648494,2.327901557391897,75.10669887255965,21.57729960068676,8.647751021043973
2015,140.5767852393963,46.027424197284574,0.0,94.47526560173544,31.85582721251293,11.395467511598923
2017,141.60735237962112,46.99162104696342,0.0,101.0224527714546,33.01463353217628,10.741004325322365
2018,135.0853713669056,47.42480480458627,0.0,107.71024951387824,33.560775395203166,11.419497550501347
