index,Red_Package,White_Package,Blue_Package
Single_Occupancy,9033.30453658119,6156.16871978273,5465.261809998763
Double_Occupancy,7720.846386223202,5005.687704635601,4324.373932759664
Gameday_sonly,6364.128428930312,3856.222484764603,3173.3607825000545
