index,SEO,Content,Video,Paid_digital_ads,Broadcast,Print,Physical_events,PR_and_communications
Increase,23.53675572956211,22.557193782071217,30.56633190827167,30.570178415646325,27.592569581882643,22.545829795006057,10.888897612642111,20.594086004451437
Decrease,37.57917501670565,43.58843077047537,34.59563233475986,37.600781092851705,33.576521575333665,44.59132361686363,71.36518242075535,41.5927345275982
Not_affected,38.73749270969034,32.5272340497183,33.575399677349395,30.52627938703729,37.52557958408972,30.56659902683936,16.78592922416891,37.54774279324836
