index,Men,Women,Total
Every_time,59.426254681206,46.66210199583695,53.55113106356298
Sometimes,26.5917248492112,35.62158666214665,30.56539305547095
Seldom_or_never,12.763680697980057,15.71365290493886,14.668015870257037
