index,Induced,Indirect,Direct
2016,891.7395061388356,2400.506974383508,2159.9123834893207
2017,937.8109975269572,2436.814568862059,2935.511144122097
