index,to_a,Unnamed:_2,Unnamed:_3,Unnamed:_4,Unnamed:_5,Unnamed:_6,Unnamed:_7,Unnamed:_8,Unnamed:_9,Unnamed:_10,the_I,Unnamed:_12,Unnamed:_13,Unnamed:_14,the_>,Unnamed:_16,Unnamed:_17,Unnamed:_18,Unnamed:_19,Unnamed:_20,Unnamed:_21
North_America,0.0,186.93441855987749,186.93441855987749,186.93441855987749,186.93441855987749,186.93441855987749,186.93441855987749,186.93441855987749,186.93441855987749,186.93441855987749,223.6383004262126,186.93441855987749,186.93441855987749,186.93441855987749,239.4509903035541,186.93441855987749,186.93441855987749,186.93441855987749,186.93441855987749,186.93441855987749,186.93441855987749
International,0.0,99.71869730031004,99.71869730031004,99.71869730031004,99.71869730031004,99.71869730031004,99.71869730031004,99.71869730031004,99.71869730031004,99.71869730031004,186.7702163784644,99.71869730031004,99.71869730031004,99.71869730031004,214.28004375027484,99.71869730031004,99.71869730031004,99.71869730031004,99.71869730031004,99.71869730031004,99.71869730031004
