index,Portugal,Greece,Canada,Benelux,United_Kingdom,Norway,Spain,Other,Italy,France,Germany,Sweden,United_States
2010/11,20.162322590608955,20.161617349641958,9.027182575727476,10.093727863579616,20.17115484101057,9.001408919691357,8.99125880602704,9.021982539483451,9.031902780300925,9.02522865652935,9.022135416085476,20.162211001848352,20.16983697774786
2011/12,0.0,10.092373176025916,10.08269396693134,10.094082715838333,10.094296966258682,10.090549815677685,0.0,0.0,0.0,0.0,0.0,0.0,0.0
