index,Administrators_2012,Administrators_2008,2012_Parents,2008_Parents
Somewhat_important,7.067855653649062,7.824611300396043,8.950794854111805,5.98809301752506
Important,41.785328639903625,33.89074941431953,32.63478351641018,28.5381517994808
Extremely_important,49.482017170833885,42.74401927112656,55.57382996527844,48.873776516765545
