index,Strongly_in_favour,in_Somewhat_favour,Neither_in_favour_nor_against,against_Somewhat,Strongly_against
England_&_Wales,18.129735658741374,25.102471219514925,17.009994666383967,16.01951024720662,20.131984769854764
Scotland,13.025460882765524,24.12116038282476,16.025908215572244,18.155932104651324,28.120923634286505
