index,Travel_arrang_ement_and_reservation_services,Clothing_fashion_and_related_goods,"Household_goods,_motor_vehicle_parts_and_accessories",Home_electronic_Food_and_beverages,Home_electronic_Food_and_beverages.1,Food_and_beverages
2001,0.1966247696919776,0.1991050888245489,0.6938234721049543,0.1997477293936285,0.1997477293936285,0.0
2005,1.5932016831713636,1.5895358972868951,1.094720434260946,1.8092601771363537,1.8092601771363537,0.4614241325206905
2010,3.434355975019057,4.2204530616012015,2.6065405769408247,3.112952283937746,3.112952283937746,1.5865578735433772
2015,10.109031492806189,8.575082637424243,6.730138133539344,5.941946995826255,5.941946995826255,4.94335396847643
