index,Total,"Support_and_administrative_services,_real_estate","Scientific,_technical_and_specialized_activities",Information_and_communication_computer_repair,Accommodation_and_food_services,Transport,Trade,Construction,Industry
2014,38.67378677741184,16.72329202721351,59.29941231307463,38.64728244839866,68.50791412401313,68.5207700308264,59.30901645572412,59.3361580651513,59.33831909937571
2016,16.70175521732488,38.6521805202986,18.729168896467264,38.65685799513216,38.683595176604285,38.661086105571215,68.5227022977227,68.50950732504815,68.50187630060353
