Unnamed:_0,index,Total,Male,Female
0,Hispanic,29.74171193155033,33.059085809365904,29.745119288855733
1,All_ethnicities_races,10.033903107219878,30.76170208763825,44.37297179946478
2,White_Hispanic)_(non-,33.058424519492085,33.05381312477198,29.141571287440275
