Unnamed:_0,index,Jan,Jun,Jul,Nov,Aug,Feb,Oct,Mar,Sep,Apr,Dec,May
0,2020,9.991297531564484,9.116461629519623,8.883081404431252,10.86736409374164,10.689168958585665,10.704850812271465,11.58080893643696,11.685149517653574,11.094291144136298,13.179736322321654,12.283999232029917,9.101244691883805
1,2017,10.793606529812704,9.116461629519623,8.883081404431252,10.86736409374164,10.689168958585665,8.777252265054617,11.58080893643696,10.512563187600543,11.094291144136298,13.179736322321654,12.283999232029917,9.101244691883805
2,2019,12.178574906696802,10.766679240918018,10.502900438561795,8.877069295784949,11.09577525029584,11.268156390826812,11.58080893643696,11.685149517653574,11.781319087991802,11.268085794819225,10.60995833007052,11.360371312739916
3,2015,9.028923216109243,10.002832028804445,8.281324851742422,9.378514009690257,8.007689638326635,7.476645481239389,9.88280800390186,9.607245074278843,9.115635465430811,9.66988344901247,10.296891748415865,9.101244691883805
4,2018,8.887051316858017,10.766679240918018,11.795298369494574,9.786668961566914,9.664513700435222,10.704850812271465,10.28230763084807,10.512563187600543,13.384667787351788,9.66988344901247,10.006615593211176,11.360371312739916
5,2016,9.189227033341906,8.966766293427376,10.502900438561795,11.29710297993857,10.9105869763881,11.001935666208084,9.378292681666462,8.376037981924082,9.115635465430811,10.298112232547066,10.006615593211176,9.101244691883805
