index,Unnamed:_1,car,Unnamed:_3,Unnamed:_4,Unnamed:_5,Unnamed:_6,Unnamed:_7,Unnamed:_8,Unnamed:_9,Unnamed:_10,Unnamed:_11
2013,22.57528898810486,54.36523084133276,22.57528898810486,22.57528898810486,22.57528898810486,22.57528898810486,22.57528898810486,22.57528898810486,22.57528898810486,22.57528898810486,22.57528898810486
2014,37.18717232581294,108.10482703495072,37.18717232581294,37.18717232581294,37.18717232581294,37.18717232581294,37.18717232581294,37.18717232581294,37.18717232581294,37.18717232581294,37.18717232581294
2015,5.058711210069475,98.61228851861392,5.058711210069475,5.058711210069475,5.058711210069475,5.058711210069475,5.058711210069475,5.058711210069475,5.058711210069475,5.058711210069475,5.058711210069475
