index,Very_liberal,Somewhat_liberal,Moderate,Somewhat_conservative,Very_conservative
Support_ban_of_Muslims_entering_US_a,6.967679792479274,12.113330535872665,20.70487664152131,26.96845465729517,45.69122709976443
Oppose_ban_of_Muslims_entering_ULS_a,86.5514343343792,82.10011015001382,61.8394873494378,52.61661119429319,36.7939074167676
Not_sure,5.489291368244366,4.518880475314006,16.45634650047208,18.606584443575528,16.544794338956848
