index,Republican,Independent,Democrat
Gay/lesbian_relations_morally_are_acceptable,35.385389490143034,57.544206710459775,65.47974949343293
Gay/lesbian_relations_should_be_legal,45.46905630510344,68.22082030465708,71.26765136450618
marriage_should_be_legal_Same_sex,21.602290263047152,56.51382305345391,64.42369201348706
