index,Non-_drinker,Up_to_14_units,Between_14_and_21_units,Between_21_and_35_units,Between_35_and_50_units,More_than_50_units
Men,17.079866980156204,53.21827981279518,9.98781224715534,9.989512773951482,4.953062561801104,4.928837784623255
Women,22.863265857847168,62.14178644591252,6.959861963602151,4.9057260795301545,1.8986381678988025,0.0
