index,TOTAL,Hispanics,African-_Americans,Asians,Whites
Top_Describes_completehy.somewhat_2_Box:_me,25.816010184598703,31.8120547017396,25.822279208743797,26.86600901585557,24.810519372345027
Top_Describes_completely_Box:_me,8.872698787528773,9.92791078328024,7.797617018268308,6.722247909232557,7.95128906666454
