index,Cars,Trucks
July_2011,27276.5049414462,83303.24279637945
July_2012,32239.026827135604,91859.07285779229
