index,Other,Agents,Brokers,Direct_writing,Bancassurance
2012,6.522379847863611,6.509722266613096,18.906312781374705,6.517695501200841,18.89761185358013
2013,44.72640304957674,4.984411670030227,4.974918840804698,24.516101139653177,24.514204856767147
