index,U.S_undergraduates_pursuing_bachelor's_degrees,"U.S_undergraduates""",U.S_higher_education_system
Study_Abroad_total,0.0,918.176559750892,918.3183128798332
US_Study_Abroad_total,12.764970787769812,12.907601984873168,12.528002142486343
U.S_Higher_Education_total,72.26764395653129,110.74744454725158,12.571905550598103
