index,"98th_1983_Congress,","99th_Congress,_1985","100th_1987_Congress,",101st_Congress_1989,"102d_1991_Congress,","103d_Congress,_1993","104th_1995_Congress,","105th_Congress,_1997","106th_Congress,_1999","107th_Congress,_2001","108th_2003_Congress,","109th_Congress,_2005","10th_Congress,_2007","11_1th_Congress,_2009","I_2th_Congress,_2011","I_3th_Congress,_2013","14th_Congress,_2015","I_5th_Congress,_2017","16th_2019_Congress,"
Democrat,0.0,0.0,0.0,0.0,0.0,49.76532533103279,49.76964864099649,49.75730136172516,49.7578398174498,49.74762286482725,49.75835086088301,49.76321458459218,49.76216116939269,49.77145589421048,49.75780653109592,49.764428557498654,49.76789229632374,49.75447006362393,49.75363007269348
Republican,0.0,0.0,0.0,0.0,0.0,0.0,0.0,0.0,0.0,49.73192149589657,49.7646654780175,49.76796670111478,49.76035195815788,0.0,0.0,0.0,0.0,0.0,0.0
Other_parties,0.0,0.0,0.0,0.0,0.0,0.0,0.0,0.0,0.0,49.76039503461585,0.0,0.0,0.0,0.0,0.0,0.0,0.0,0.0,0.0
