index,Strongly_agree,Somewhat_agree,Neither_agree_nor_disagree,Somewhat_disagree,Strongly_disagree,Don't_know
Most_people_in_the_UK_obeying_the_lockdown_rules_are,13.911125011439026,53.01029830963415,14.947354061705331,12.890948664752834,3.929419686686401,0.8590029767106842
Most_people_obeying_the_lockdown_know_are_rules,40.97184733027475,38.907440440538885,10.834095805679633,4.950068354500004,1.9202774762328476,1.9314391702436424
