index,Spain,Malaysia,Philippines,Germany,Pakistan,Thailand,Iran,Mexico,Brazil,Russia,Egypt,Saudi_Arabia,South_Korea,Japan,Vietnam,Indonesia,Turkey,United_States,India,China
2000,0.0,0.0,0.0,0.0,0.0,289.701621853292,0.0,0.0,0.0,0.0,0.0,0.0,0.0,0.0,199.21773069855112,995.750353656109,199.15069421897545,199.27615381027223,199.37357954479853,243.55565367148847
2078,0.0,0.0,0.0,0.0,0.0,0.0,0.0,0.0,0.0,0.0,0.0,0.0,0.0,0.0,0.0,398.7818203902664,0.0,0.0,123.31534763598847,0.0
