index,"16th_Congress,_2019","I_5th_Congress,_2017","14th_Congress,_2015","I_3th_Congress,_2013","I_2th_Congress,_2011","111th_Congress,_2009","10th_Congress,_2007","109th_Congress,_2005","108th_Congress,_2003","107th_Congress,_2001","106th_Congress,_1999","104th_Congress,_1995","103rrd_Congress,_1993","102nd_Congress,_1991","101st_Congress,_1989","100th_Congress,_1987","99th_Congress,_1985","98th_Congress,_1983","97th_Congress,_1981","96th_Congress,_1979","95th_Congress,_1977","94th_Congress,_1975"
Male,39.662926951039495,39.62842460556138,39.632413745684886,39.61825043995136,39.6213042382136,39.613248529004586,39.623004578219664,39.61791284967693,39.61790975251845,39.61317110004255,39.629449765018585,49.613967069772166,59.35220452643518,59.3590399552027,59.3624592181657,59.37152769819801,49.6276719960505,49.59259357909492,99.0138399623881,99.01295727222104,99.08159959563498,98.98718271934231
Female,24.50665052840621,0.0,0.0,0.0,0.0,0.0,0.0,0.0,0.0,0.0,0.0,0.0,0.0,0.0,0.0,0.0,0.0,39.65803653779803,99.0995414347153,0.0,0.0,99.1343101358228
