index,Additives_&_Functional_Products,Adhesives_&_Plasticizers,Advanced_Materials,Chemical_Intermediates,Fibers,Specialty_Fluids_Intermediates
2015,3157.6621758129204,1205.2422108874216,2418.5594202262623,2810.4847468049693,1218.8154689587795,2386.0901607317724
2016,2976.827664714173,0.0,2450.892667114083,2544.351079540685,992.5309952166194,0.0
2017,3355.8765478075247,0.0,2567.817004538608,2738.723845466427,842.1085529365,0.0
2018,3640.15164655574,0.0,2759.9245605077026,2826.4412257711133,912.3250611291032,0.0
2019,3270.2281092678786,0.0,2696.721202346443,2451.4152155477914,862.3484289200051,0.0
