index,Schools,Rail,Public_parks_&_recreation,Levees,Hazardous_&_solid_waste,Dams,Inland_waterways_&_marine_ports,Airports,Electricity,Water_infrastructure_/wastewater,Surface_transportation
Total_needs,500.65457879287214,500.6917583434192,273.4466274429701,274.3763349098922,275.3156653193091,39.987918833104686,40.828614081951855,267.5197696792452,267.8830357584165,1499.229071084239,1496.9917369542422
Estimated_funding,487.4488398449305,0.0,0.0,0.0,0.0,0.0,0.0,0.0,0.0,0.0,0.0
