index,Romania,Poland,Austria,Belgium,Netherlands,Spain,United_Kingdom,Italy,Germany,France
2015,0.0,0.0,8676.249212279505,4554.754677993878,4954.004861527643,8681.658129012703,8684.368792777092,8684.406755210635,8677.549425628382,0.0
2019,8693.128624317334,4553.385840245901,4962.387988919643,4960.876792045878,4959.028313551011,4959.483862753539,8689.482040556726,8686.74363501398,8690.53549808757,8683.954856242104
