index,United_States,Highest_state,Lowest_state
2000,284.12582668979746,588.4609623652675,184.65195351815987
2010,255.1882747299072,501.800665576139,165.86838957088764
2016,233.8075315261168,501.6703518100577,156.02493111428294
