index,Male,Female
SIFFL,39.45137266667476,27.36620611475587
NNA,10.786626363316325,8.947748428938176
MLB,19.68594949594798,14.20349723478089
NHL,4.669032147297997,5.209248497440001
MLS,4.183518981941532,3.109763041504017
don't_follow_of_these_leagues_any,21.57190003242998,41.07527049548494
