index,Unnamed:_1,Unnamed:_2,Unnamed:_3,Unnamed:_4,Unnamed:_5,Unnamed:_6,Unnamed:_7,Tun,for,Unnamed:_10,Unnamed:_11,Unnamed:_12
Holiday_houses,1782.31381064172,1782.31381064172,1782.31381064172,1782.31381064172,1782.31381064172,1782.31381064172,1782.31381064172,1701.9451937964568,4421.6717052572885,1782.31381064172,1782.31381064172,1782.31381064172
Hotels,1943.546065546516,1943.546065546516,1943.546065546516,1943.546065546516,1943.546065546516,1943.546065546516,1943.546065546516,545.9339325216197,2166.422195261912,1943.546065546516,1943.546065546516,1943.546065546516
Resorts,758.7466654926957,758.7466654926957,758.7466654926957,758.7466654926957,758.7466654926957,758.7466654926957,758.7466654926957,165.8180679538691,744.267142379409,758.7466654926957,758.7466654926957,758.7466654926957
Campsites,1543.5835736274248,1543.5835736274248,1543.5835736274248,1543.5835736274248,1543.5835736274248,1543.5835736274248,1543.5835736274248,1219.5729618008882,3832.104490982305,1543.5835736274248,1543.5835736274248,1543.5835736274248
Hostels,182.05610662610437,182.05610662610437,182.05610662610437,182.05610662610437,182.05610662610437,182.05610662610437,182.05610662610437,206.3341199399474,287.8838293248036,182.05610662610437,182.05610662610437,182.05610662610437
