index,Meat,Other_animal_products,Protein_from_plant_sources,Plant_alternatives_to_meat
Eating_more,25.658339144837896,23.97387936917687,23.94307587841089,17.94693651421065
Eating_less,23.747086816556106,21.909042636509863,17.705226547822704,16.54708139204199
Eating_the_same_amount,47.15441785362576,52.23029295965876,48.10856253282415,34.3299719389658
this_of_protein_never_eat_type,3.703524321623775,0.0,9.50614186620038,30.418481319529008
