index,Up_to_23,23-29,30+,All_ages
Goalkeeper,102.68234813567534,110.09652784745656,127.8478397963795,113.74092394987628
Defender,98.06764984525728,165.6280264622394,185.29201805853864,151.25637323754245
Midfielder,102.60645857907213,178.45938450886626,231.38205641808133,172.96598809119837
Forwards,94.4356829847921,242.7261215166468,472.5339076701701,260.33266291170327
Total,97.94253611016472,180.1364561028057,255.5403961998825,176.55300161402198
