index,18-29_years,30-49_years,50-64_years,65+_years,Total
Patients_the_most_in_need_at_moment,38.62886389677303,44.47069526292603,56.42189674708121,56.40493051794498,49.47295766550289
Patients_likely_with_most_to_recover_treatment,57.413038329085815,49.44646921584976,36.5514317264825,35.53776716499992,44.47379507669056
