index,20-29_years,30-49_years,50-64_years,65_years_and_older
Yes,87.5315844595738,91.28510906868308,95.55897808369149,96.67799346751076
No,8.797722349686268,6.948159498820829,4.000707838421107,2.961382031415411
Don_votings_'t_know_about,3.902432882698534,1.6183256225380092,0.0,0.0
