index,Tunein_Radio,SiriusXM,Shazam,SoundCloud,Amazon_Music,Google_Play_Music,HHeartRadio,Pandora_Radio,Spotify,Apple_Music
March_2018,6.478540801678022,6.486788888541142,10.463100477553454,6.481068226899012,24.81079003887392,21.697796415898445,24.82781915682024,24.82233322684291,47.42752106236894,24.811703868436883
September_2019,0.0,47.43909082373394,13.00073726410944,13.013062890961088,21.680204827736485,21.678952925524214,21.67022356493327,21.67362791222276,47.43889004696405,21.670383005309365
