index,Jan,Feb,Mar,Apr,May,Jun,Jul,Aug,Sep,Oct,Nov,Dec
2014,237.1926233000354,209.33633613285883,619.4461489968621,504.18292846028726,494.61937825471614,558.5122590758501,808.7580350086359,618.9987011469634,1281.4944594585932,2262.8666137782034,541.6935642084259,344.38624047418034
2015,467.2787058859294,494.0685893109044,1183.7894088466792,1012.760443755928,922.705633439324,985.7876002412016,1048.0327495833976,596.2246689915228,1220.3667027360714,1471.6712477128283,977.1034036711716,941.3514751941154
