index,"Yes,_do","No,_but_probably_it_don't_it_will_use_No,_and_want_to_use",Don't_know
Female,13.827741896390409,57.45082200019317,8.822888334148026
Male,22.578789069065976,47.4374616653782,20.70254228563089
