index,Size_Army,Casualties_Total,Killed,Wounded,Missing_Captured_or
Union,41144.291403888,12698.744896236924,1573.8696447597397,7342.950199854058,3633.424592402684
Confederacy,34689.24412167638,11529.905513072714,1299.8439938308657,7805.022033349924,2462.497377389169
