index,Kidney,Liver,Heart,Lung
2016,4777.560804899388,527.2332776584744,134.8686868686873,0.0
2017,5030.228585063231,551.3134494551814,193.88212837031733,0.0
2018,5524.125666109918,593.8127734033242,185.0625944484209,0.0
2019,3491.726397836634,607.8542909409052,0.0,0.0
