Unnamed:_0,index,Online_dating_sites,Social_networks,Restaurants_and_bars,E-commerce_sites,Major_physical_retailers,Federal_government,State_government,Other_insurance_companies,IRS,Credit_card_companies,Health_insurance_companies,Bankers,Doctors,Your_employer_current
0,Very_trustworthy,11.68394812525426,0.0,15.500041670433475,39.59343076210279,39.60254528657958,59.65081236156941,59.65259571486688,59.68139422207656,59.64606263843059,59.64161661506124,59.6221939553858,59.64855580165438,59.6494774951408,59.67090598585182
1,Moderately_trustworthy,0.0,0.0,0.0,0.0,0.0,0.0,0.0,59.66796080436649,59.67499180716901,0.0,0.0,0.0,0.0,0.0
2,Not_all_trustworthy_at,0.0,79.09157748723048,0.0,0.0,0.0,0.0,0.0,0.0,0.0,0.0,0.0,0.0,0.0,0.0
3,Slightly_trustworthy,27.25424332143018,0.0,0.0,0.0,0.0,0.0,0.0,0.0,0.0,0.0,0.0,0.0,0.0,0.0
