Unnamed:_0,index,Marchist,My,Senders,but,Rone,May,suly,Mives,the,Lines:,and,Riji,In,suses,for,sand,if,stabarans,fines,Mys
0,Deaths,1980.7922306047624,7331.296968345116,68979.53460524211,2654.4920118043665,2009.8012599733263,68979.53460524211,2053.303064232816,2024.5170909379085,68979.53460524211,1970.9601536738992,2613.2325080747837,68979.53460524211,2008.2163878710344,68979.53460524211,2027.833582559368,2615.944400338696,1978.573409661556,68979.53460524211,68979.53460524211,68979.53460524211
1,Discharged,1980.7922306047624,7331.296968345116,68979.53460524211,2654.4920118043665,2009.8012599733263,68979.53460524211,2053.303064232816,5853.644398724471,68979.53460524211,1970.9601536738992,27998.909666692594,20406.52703160793,2008.2163878710344,68979.53460524211,68979.53460524211,39451.1719982449,17223.839704861595,68979.53460524211,68979.53460524211,68979.53460524211
2,(Severe_symptoms),1980.7922306047624,7331.296968345116,68979.53460524211,2654.4920118043665,2009.8012599733263,68979.53460524211,2053.303064232816,2024.5170909379085,68979.53460524211,1970.9601536738992,2613.2325080747837,68979.53460524211,2008.2163878710344,68979.53460524211,2027.833582559368,2615.944400338696,1978.573409661556,68979.53460524211,68979.53460524211,68979.53460524211
3,(Mild_moderate_to_symptoms),1980.7922306047624,7331.296968345116,68979.53460524211,5180.015056284974,2009.8012599733263,68979.53460524211,2053.303064232816,2024.5170909379085,2625.12491873862,1970.9601536738992,2615.944400338696,68979.53460524211,2008.2163878710344,68979.53460524211,2027.833582559368,68979.53460524211,1978.573409661556,68979.53460524211,68979.53460524211,68979.53460524211
4,Cumlative_of_patients_number,1980.7922306047624,7331.296968345116,68979.53460524211,5017.724153010597,2009.8012599733263,68979.53460524211,2053.303064232816,7294.058343838005,68979.53460524211,1970.9601536738992,30267.695170395764,68979.53460524211,5799.600260036423,12055.06109828702,68979.53460524211,44305.077607371415,20406.52703160793,68979.53460524211,68979.53460524211,68979.53460524211
5,Hospitalized,1980.7922306047624,7331.296968345116,68979.53460524211,5017.724153010597,2009.8012599733263,68979.53460524211,2053.303064232816,5853.644398724471,68979.53460524211,1970.9601536738992,27998.909666692594,68979.53460524211,5799.600260036423,68979.53460524211,2027.833582559368,2615.944400338696,1978.573409661556,68979.53460524211,68979.53460524211,68979.53460524211
