index,Facebook,Instagram,Other,YouTube
Visits,77.4648346094001,11.71686920568004,7.8491306626625885,1.944757200326265
GMV,73.14213097722805,13.88250102558368,9.6546134864993,0.0
