index,3_A-A_grades_or_better,AAB_or_better
Non_selective_schools_in_other_areas,9.443562752467898,12.821128048655613
Selective_schools,23.94760077602763,30.44223316053384
Non_selective_S_in_fother_areas,3.864335983220265,5.291744691042972
