index,Current_receipts,Other_receipts,Interest_and_dividend_receipts,National_Accounts_taxes,Other_taxes,UK_oil_and_gas_receipts,Capital_taxes,Alcohol_and_tobacco_duties,Council_tax,Business_rates,Fuel_duties,Onshore_corporation_tax,Value_added_tax,NICs,Income_tax
2017/2018,0.0,0.0,0.0,34.1533864584116,69.39443184312267,69.41385386910106,0.0,0.0,69.41516989709086,0.0,0.0,0.0,0.0,0.0,0.0
2018/19,69.38714062353407,36.85930557023705,69.39941364585178,34.615870533411616,69.42357549521921,69.3947438691138,69.41682766783285,69.4132107134867,69.42248022031157,69.4328407567925,69.42499553187271,69.43516290940676,69.40050255288205,69.43360490207691,69.42400214300301
