index,Phone,Tablet,Combined
Google,69.36154035357663,2.7274290122222595,72.37994397831864
Microsoft_Advertising,25.76236321403178,5.759667738818706,31.75023722118607
