index,the,6,6.1,to,of_Co,is_of_oc,s_OC,to_Mo,to_or_do,do,to.1,9_go,to.2,9_>,to_the,0),Unnamed:_17,Unnamed:_18,C5,the_o_OC,9_C,to_No,to_On,9,>20_Co,20_NA>,20_-20_pot
Credit_Card,0.0,17.44789270008032,17.44789270008032,17.663437382184405,17.338525432166858,0.0,17.457625268307375,17.537990739105407,0.0,17.548656485355462,17.663437382184405,17.54056146510146,17.663437382184405,17.938057915959245,17.936610293641515,17.937147170100257,17.848217099081523,17.848217099081523,18.105539443446048,18.232686444557334,18.0478783135858,17.72813024772437,17.716453558616067,18.110628553722115,9.502686401188486,18.23429557845597,14.710407492223144
Other,0.0,7.275529933703982,7.275529933703982,7.161287408811383,6.91011147738681,0.0,6.9199218104491145,6.923138582768779,0.0,7.044572859444397,7.161287408811383,7.121802313713218,7.161287408811383,7.037046120678763,7.121507704625827,7.009490450403458,7.110828499077364,7.110828499077364,7.38893050470724,7.370419482962546,7.173047844665337,7.161019718320812,7.298075754016065,7.396751852560264,7.467858821530751,2.20397506919201,5.731144233281347
