index,Domestic_retail_banks,banks_International_retail,SFS_specialists,Universal_banks
2012,2.4021460670885277,2.496871505413534,3.1055096982826926,1.8035374665601407
2013,2.496811425970874,2.592278211547067,3.1924130503940678,1.987499985072004
