index,Too_seriously,Not_seriously_enough,About_right,Don't_know
People,3.70868194288704,86.38068302882729,7.837634610629507,1.92168567831402
The_government,3.7820535724818143,35.62896061739942,57.44719589954985,1.9963885192820785
