index,None_of_these,Other,Radio,Magazines,Newspapers,Twitter,Instagram,Unnamed:_8,Facebook
Male,30.82528535229502,12.822941938829617,22.893297781726574,22.89844186006528,30.8329898526433,30.82852189300224,30.822973537504147,59.78941574515483,30.82252976200157
Female,5.851981585407728,12.817456315994178,12.826104129714423,12.823497239065816,5.839330498436567,12.81882249398116,0.0,0.0,0.0
