index,Never,Less_often_than_week_once_a,Once_week_a,a_few_times_week_a,Once_day_a,a_few_times_day_a
Look_at,43.257419547205,0.0,10.912452072685731,79.56738380907186,79.57057756350764,16.080952540935066
Post,43.28081311602085,18.094055123235663,79.57741232398654,79.58988497444577,18.100396437105505,79.56478848988539
