Unnamed:_0,index,Romania,Estonia,Poland,Russia,Czechia
0,Mar_2-8,-2.1486810746113667,3.8566274923030472,-1.2300544966843532,0.864927665983589,-0.041823795220492
1,Feb_17-23,1.7300915616836354,3.8566274923030472,-1.2300544966843532,0.864927665983589,-2.122245617183143
2,Feb_24_Mar,-0.2826747057945802,1.722330182649317,-2.1386957956200945,-0.0756706617327269,-3.2948278895507563
3,Mar_16-22,-22.98448249148062,-11.114764850418071,-17.00697665095938,-15.97253229029562,-19.03874628673929
4,Feb_10-16,0.6892284339767372,-1.2397788889853958,-2.1386957956200945,2.839310183775584,-4.188689321176014
5,Mar_9-15,-8.07688251222429,0.8189782022807224,-8.044320989893187,-4.117839495508772,-5.152729272472923
6,Jan_27_Feb_2,4.041609677241804,-0.129922367120387,0.9076796769586464,2.839310183775584,-1.2741666181481053
7,Feb_3-9,2.8049908578304343,0.8189782022807224,0.9076796769586464,-0.0756706617327269,-1.2741666181481053
