index,Gas_Sewage,Wind_Offshore,Hydro_(small-scale),Landfill_gas,Hydro,Hydro_(large-_scale),Wind_Onshore,PV_Solar
2015,43.92177090975558,41.394879794648816,40.64675854753109,52.23021855551043,40.73958026971016,40.9089921222914,29.19346585063417,11.12057092110333
2076,44.15003592855658,35.84158397352958,35.07455076735568,50.19169868994536,33.948724688861574,33.59227893344078,23.637472425147045,11.08055789273719
2017,43.75110362255373,38.75372976482507,39.91697756269722,45.98415408808081,36.24371950516628,35.50433746197516,27.733487317991603,10.656743849321993
2018,45.92415178262021,39.999445540316295,36.90314443997956,41.90371577764587,33.255161700050955,32.23954094760176,26.341023588596663,11.299687254573485
2019,48.42726720683393,40.17547643492478,39.642094837743336,38.88120952650795,35.98977122433245,35.13018634370109,26.455150352300947,11.040958554497749
