Unnamed:_0,index,Q4,Q3,Q2,of
0,2016,320.41887224268584,324.43361707125933,322.4366746869431,324.4576430297925
1,2017,320.41887224268584,324.43361707125933,322.4366746869431,338.4318359091818
