index,Nordic_Region,Western_Europe,"Central,_Eastern_and_Southern_Europe",Other
Sports_betting,21176.567251001758,26180.95307815801,8337.975124806493,0.0
Non-_betting_sports,44626.78073837864,29811.03503968383,11314.992196272964,680.0689264534085
