index,Developed,Pharmerging,Rest_world_of
Original_brand,70.44244978752495,28.070739262891948,55.50108342069343
Non_original_brand,10.696378519753068,37.38813449002038,23.94738010340427
Unbranded,11.612924972129363,12.378177341993108,8.003455259679072
Other_product,6.238247737480762,20.4156463443838,11.60125548453128
