index,Currently_it_muse,Have_used_it_the_past_in,Never_used_it,Prefer_not_to_say
Never_used_dating_portal_and_app,0.0,32.517290092944194,66.32406519767257,0.0
Current_of_dating_and_user_porta_app,39.54696627123214,9.821311157381842,29.504610813585412,19.577893439962835
Former_of_dating_and_user_portal_app,7.800724408813338,53.379173507982486,37.46601619267333,0.0
