index,Own,Used_but_to_own_don't_anymore,Do_not_but_plan_own_to_in_the_next_year,Do_not_own_but_might_consider_in_the_future,Do_not_plan_own_or_to_own
Male,31.66534380601724,10.77257386639696,18.7067700441829,21.658647148573746,15.705591216818618
Female,19.766548358557213,5.8745439419981125,9.749882144467662,33.57809594031403,29.62230881695897
