Unnamed:_0,index,Smart_retail,Smart_agriculture,Smart_supply_chain,Connected_health,Other,Smart_energy,Connected_car,Connected_building,Connected_industry,Smart_city
0,Americas,40.09833762230532,10.03258347453344,10.06934998314074,10.068487345867908,10.030864253582678,80.52233140889551,100.67628946111503,100.68502782534894,100.69592732296113,10.041688081258611
1,Europe,35.041948385839184,100.70136345117868,100.68158938344742,100.70991415397076,100.65142129327792,100.6711408786551,100.70895768597704,100.7077318330104,100.69238899674376,100.71226294879082
