index,the_right_More_important_to_protect_to_own_guns,More_limit_important_to_gun_ownership,Does_opinion_not_know)_no
All_registered_voters,42.68709567398967,46.42037720408289,10.679007109075329
Democrats,16.71453988914162,74.24631569056105,8.843921108075136
Republicans,72.41921031779174,19.91561715455381,6.722583201840223
