index,Legalized,Outlawed,Don't_know
Total,53.44798483125342,40.54993465901613,4.856670915639782
Millennial,52.37755215727832,42.62847537253664,2.7778534582211734
Gen_X,54.43694982736508,39.62781444766968,4.936424053720756
Boomers,55.2763267941454,38.61671312067474,5.963900985168507
Silent,50.52552473386661,42.64663867895186,5.967845380957463
