index,Timberland,Speedo,Fred_Perry,Le_Coq_Sport,Asics,Umbro,Tonlion,K-Swiss,Fila,Diadora,Mizuno,Reebok,Double_Star,Champion,Peak,Kappa,Guirenniao,Erke,Puma,Metersbonwe,Jordan,Converse,361_361,Xtep,Anta,Lining,Adidas,Nike
2012,0.0,0.0,0.0,0.0,0.0,29.57482889012082,4.599084106464538,0.0,0.0,0.0,9.96540269332235,9.97680390689207,9.980289738152816,0.0,0.0,0.0,39.79040253154181,39.79648871526841,5.000130502964897,5.006107754464601,5.009383271029854,10.96333837369578,10.966549178047028,10.958640266959453,13.900188959664874,13.896473400044435,27.976875090327468,10.965426421134143
2013,0.0,9.975865579789083,29.58371172002908,5.005868319272807,5.011221097907423,10.9808667553943,5.003324050725745,5.00203735620407,29.582587884579297,29.58278741390579,5.004639865743727,5.015030490238161,13.896205922893238,5.011256689625121,5.019853707254889,5.903412706458926,39.7973191886814,39.79504886850693,4.997849397421433,5.009615156463347,9.958512999605254,10.965252776693244,10.979048342180928,13.926335929731165,10.9807384095032,27.986346801383117,27.98606422471532,27.976907446434467
