index,2+_days_week_a,Once_week_a,Once_month_Jless_than_a_once_a_week,Less_than_month_once_a
2016,22.417761439740016,35.0159793405665,28.767136448794812,12.92121217666736
2017,20.55955237639911,32.90746412964492,29.15443220108292,16.537322173243695
2018,20.19450474624064,31.66098787686081,30.890942835422223,16.23855949747571
2019,19.764340707563104,30.73912146700736,32.660803730806684,15.764030747434724
