index,Not_sure,Never,Hardly_ever,About_once_month_a,About_week_once_a,a_few_days_week_a,Every_day
Under_30,0.0,0.0,18.876114336789808,18.888796410721277,18.88421572583199,61.26338244527153,0.0
30-44,2.9202680379168555,13.909831675662184,37.785199653327496,28.821602980370308,29.25744052196286,13.91514514951006,13.884316748178136
45-64,0.0,23.83392318321111,0.0,0.0,0.0,0.0,0.0
655,33.685982742367685,33.69016687685346,45.72279377750597,19.845716260496527,61.27500604626282,61.26994889777082,45.71821610820911
