index,China,Germany,France,India,New_Zealand,United_States,South_Korea,Norway,Sweden,Australia,United_Kingdom,Japan
Smartphone,0.0,19.95337828988777,0.0,35.03221225919083,40.02005339094147,45.03750653241157,0.0,40.003738255963725,0.0,50.0057504294544,24.931969145401624,50.01133874066548
Tablet,0.0,0.0,0.0,40.04531999598201,0.0,0.0,0.0,0.0,40.03590442271283,0.0,0.0,0.0
Combined_mobile,19.936934413952088,0.0,24.93906738142799,40.01989763027631,45.0024476675953,45.01956226802786,40.01217953037842,9.93094398592178,40.01741022781745,24.92896836850557,50.016133943999904,40.00444235774601
