index,Decrease_of_more_than_50,Decrease_of_30-_50,Decrease_of_10-30,Decrease_of_10,Unchanged,Growth_in_revenues_Joots
Revenues,15.167915263574407,36.70859551799018,23.82523357279296,23.83965767707389,9.960740100806987,36.7211000025486
Fixed_costs,9.81130873301177,12.796028233276758,5.006819142741939,25.126915453739286,25.14033482088886,13.846730046247307
