index,Undergraduate,Postgraduate
Male,957366.1067529093,136465.70247274498
Female,746846.6782047827,79175.70244586444
