index,Sterculia,Sodium_Citrate_(Rectal),Sodium_Picosulfate,Glycerol,Bisacodyl,Ispaghula_Husk,Docusate_Sodium,Lactulose,Senna,Macrogol_3350
2015,0.0,0.0,0.0,0.0,0.0,0.0,120134.10981075055,120151.12510660668,0.0,234736.67855745225
2016,0.0,0.0,0.0,0.0,0.0,0.0,0.0,120173.92052859478,120164.69928484794,0.0
