index,Unnamed:_1,at,Unnamed:_3,Unnamed:_4,Unnamed:_5,Unnamed:_6,Unnamed:_7,Unnamed:_8,Unnamed:_9,Unnamed:_10,Unnamed:_11,Unnamed:_12,Unnamed:_13,Unnamed:_14,Unnamed:_15,Unnamed:_16,Unnamed:_17
Facebook_fans,22.07373792836148,19.225127310702703,22.07373792836148,22.07373792836148,22.07373792836148,22.07373792836148,22.07373792836148,22.07373792836148,22.07373792836148,22.07373792836148,22.07373792836148,22.07373792836148,22.07373792836148,22.07373792836148,22.07373792836148,22.07373792836148,22.07373792836148
Twitter_followers,26.19935833252589,14.315635441002826,26.19935833252589,26.19935833252589,26.19935833252589,26.19935833252589,26.19935833252589,26.19935833252589,26.19935833252589,26.19935833252589,26.19935833252589,26.19935833252589,26.19935833252589,26.19935833252589,26.19935833252589,26.19935833252589,26.19935833252589
