index,Facebook,Twitter,BabyCenter_Community,YouTube
Smartphone,67.51872314289258,62.70301036689546,49.607208526134784,41.79428260024474
Tablet,11.034647524357368,13.673261529916246,12.926193752278614,20.65873821042836
Laptop,20.837761371564085,22.852404545154823,36.708370917159726,36.70448406513201
