index,Up_to_twice_the_minimum_wage,Twice_to_5_times_the_minimum_wage,5_to_10_the_times_minimum_wage,Over_10_times_the_minimum_wage
Yes,39.49831215323999,39.436011943717546,58.43948394711489,74.36500603229483
No,59.45332574489064,59.42783271426765,40.41467542763363,24.46859344595124
