index,Unified_Russian_Team_(1992),Spain,Norway,Netherlands,Kyrgyzstan,Mongolia,Lithuania,Italy,Georgia,Finland,Cuba,Poland,Jamaica,Ireland,Canada,Bahrain,Greece,NorthKorea,Azerbaijan,Romania,Germany,Moldova,Armenia,Sweden,Uzbekistan,China,Hungary,Turkey,Bulgaria,Kazakhstan,United_States,Belarus,Ukraine,Russia
Gold,0.0,0.0,0.0,0.0,0.0,0.0,0.0,0.0,0.0,0.0,0.0,0.9818605544799012,0.9879036025430352,0.9806567361838816,0.9886330804955534,0.9789282687200328,0.976747021837383,0.0,0.0,0.0,1.9642876821478907,0.0,0.0,0.0,0.0,3.970347260253295,3.947303423060319,6.9454733796845325,6.948989008240584,8.978612281390195,9.933588758421337,8.970801237501252,0.0,0.0
Silver,0.0,0.0,0.0,0.0,0.0,0.977609458825583,0.9794121916967456,0.9692833484020228,0.974007586570707,0.9717149415770834,0.9809861392002048,0.9638140605018676,0.0,0.0,0.0,0.0,0.0,0.0,0.0,0.0,0.0,0.0,0.0,0.0,0.0,0.0,0.0,4.987280252253239,0.0,0.0,0.0,9.964469991744563,10.95389244165015,14.963382362876114
Bronze,0.9876604432255364,1.0047690369789066,1.0009132249441706,1.007688146618122,0.9925859166914606,0.999753726326702,0.9941646555115256,0.9964596961634556,0.995748185648182,0.991972628166522,0.993944254947877,1.0040275807348849,0.9873106771136548,0.9929524524114512,0.9744256289441466,0.9892846995533092,0.9723821324137844,1.9228356065734928,0.0,0.0,1.9530268903061625,2.971234372521991,2.9682362061588563,2.981150002227956,2.975781331976428,3.945982217507563,0.0,0.0,4.99494156749839,0.0,0.0,10.93659818437849,10.964430942514262,0.0
