index,Total,Men,Women
Non_Hispanic_white,42.97294320363112,49.62432392181533,36.30981669736095
Non_Hispanic_black,56.50377637418171,56.50387809683902,56.0920793493946
Hispanic,43.1909634677381,49.55549582881476,36.29701235787239
