index,Other,mangocity,Dian_Ping,Agoda,eLong,Qunar,Booking_com,Dao_Dao,Ctrip,TripAdvisor
Global,0.0,0.0,0.0,0.0,0.0,14.808534527383491,0.0,24.742830174817158,0.0,0.0
China,0.0,15.126828104222897,0.0,0.0,0.0,14.796145733493432,0.0,24.7493386380627,34.66662002408215,0.0
Asia_excluding_China,0.0,15.12346451022762,15.136753440568278,15.126693504379816,0.0,0.0,0.0,24.732279510034136,0.0,0.0
