index,Unnamed:_1,Unnamed:_2,Unnamed:_3,Unnamed:_4,Unnamed:_5,Unnamed:_6,Unnamed:_7,Unnamed:_8,Unnamed:_9
Men,72.4187654710604,72.4187654710604,72.4187654710604,72.4187654710604,72.4187654710604,72.4187654710604,72.4187654710604,72.4187654710604,72.4187654710604
Women,61.506411922516,61.506411922516,61.506411922516,61.506411922516,61.506411922516,61.506411922516,61.506411922516,61.506411922516,61.506411922516
