index,Very_satisfied,satisfied_Somewhat,dissatisfied_Somewhat,Very_dissatisfied
2014,28.643948075228877,41.45808364371072,19.700257349022426,8.778633186207024
2016,25.578982175591925,47.31963688485428,15.732474163785952,9.706895911736474
