index,Global,United_States
Disney/Fox,10.659835083958685,22.62414452338864
Comcast/Sky,8.840234536927667,14.062427715630465
Other,79.57730550533712,62.34288297925436
