index,Unnamed:_1,Unnamed:_2,Unnamed:_3,Unnamed:_4,Unnamed:_5,Unnamed:_6,of_call
Public_4-year,67.90332549850456,67.90332549850456,67.90332549850456,67.90332549850456,67.90332549850456,67.90332549850456,81.1211252188949
Private_Non_Profit_4-year,42.91888058598762,42.91888058598762,42.91888058598762,42.91888058598762,42.91888058598762,42.91888058598762,88.32858381724492
