Unnamed:_0,index,the,From:,and,I,will,Sender:,Is
0,Nominal,157.35630854930957,79.35531735987385,111.71331379320554,142.09913858163395,167.370336064369,53.43902468542751,199.30820731798008
1,Real_Terms,157.35630854930957,107.46176419388676,135.37160964612588,153.73443293300352,167.370336064369,77.45931552516105,199.30820731798008
