index,Flemish_Region,Capital_Region_Brussels-,Region_Walloon
Male,141.6130989632158,555.5152493893052,355.10260501931504
Female,133.7823322905715,547.6141618923456,258.95034864700864
