index,lot_a,little_a,influence_all_No_at
Democrat,53.50197461627143,26.53986129023967,19.692020818639527
Independent,23.633667957453305,30.55533799731169,44.49075972532435
Republican,9.954437441465188,29.775515172041537,60.26839374931514
Total,29.705912803345534,28.6128761358112,40.56539749084829
