index,Unnamed:_1,Unnamed:_2,Unnamed:_3,Unnamed:_4,Unnamed:_5,Unnamed:_6,Unnamed:_7,Unnamed:_8,Unnamed:_9,Unnamed:_10,Unnamed:_11
William_Hill,2320.3514812647336,2320.3514812647336,2320.3514812647336,2320.3514812647336,2320.3514812647336,2320.3514812647336,2320.3514812647336,2320.3514812647336,2320.3514812647336,2320.3514812647336,2320.3514812647336
Ladbrokes,2031.6373470974384,2031.6373470974384,2031.6373470974384,2031.6373470974384,2031.6373470974384,2031.6373470974384,2031.6373470974384,2031.6373470974384,2031.6373470974384,2031.6373470974384,2031.6373470974384
Gala_Coral_Group,1665.3763690369942,1665.3763690369942,1665.3763690369942,1665.3763690369942,1665.3763690369942,1665.3763690369942,1665.3763690369942,1665.3763690369942,1665.3763690369942,1665.3763690369942,1665.3763690369942
Otherxx,1560.2402467838265,1560.2402467838265,1560.2402467838265,1560.2402467838265,1560.2402467838265,1560.2402467838265,1560.2402467838265,1560.2402467838265,1560.2402467838265,1560.2402467838265,1560.2402467838265
Betfred,819.2719919030769,819.2719919030769,819.2719919030769,819.2719919030769,819.2719919030769,819.2719919030769,819.2719919030769,819.2719919030769,819.2719919030769,819.2719919030769,819.2719919030769
