Unnamed:_0,index,Unnamed:_2,Maris-za,Marsais,maina,FABIOMIC,rebost,Marz-s,I,FARESMAND
0,Laundry_detergents,105.80692498925288,227.2986079847493,161.00569780717694,70.19347278473901,107.18837950480072,102.18093562477604,123.73009508359917,169.1671325267765,69.87417344930219
1,Water,81.69735962249979,104.34187688390102,113.447238209268,56.70090383807872,56.94858506989135,51.8387625237022,83.43948760416839,106.98085137370862,57.290097758124375
2,Porridge/cereals,138.72542317640497,248.31267454344484,161.00569780717694,56.70090383807872,75.53876626310648,75.43136258901558,161.44242735121205,141.6274356979498,80.52277576037147
3,Household_cleaning_products,165.939785964014,198.3843836372827,180.44599763108445,70.19347278473901,56.94858506989135,75.43136258901558,136.382548452729,156.28585344623085,57.290097758124375
4,Instant_soups,105.80692498925288,198.3843836372827,283.04165490887215,144.5336748616758,33.32818309156448,33.41722435351306,187.15654349663885,216.5587571652592,124.96892390688026
5,Pasta,151.06656086755115,362.3749302824178,283.04165490887215,32.85019682357273,33.32818309156448,102.18093562477604,218.10676486408792,279.48909171161927,57.290097758124375
6,Sterilized_milk,208.52271283036563,198.3843836372827,137.84074000520934,32.85019682357273,56.94858506989135,64.29730694210127,83.43948760416839,230.577660470194,69.87417344930219
7,Toilet_paper,70.1909367994304,290.7276393457886,197.12512604345963,32.85019682357273,33.32818309156448,33.41722435351306,123.73009508359917,178.61057826394077,45.41619187875358
