index,Motion_picture_and_video_production,Motion_picture_and_video_exhibition,Postproduction_services_and_other_motion_picture_and_video_industries,Motion_picture_and_video
2009,146011.20627985112,137216.97734813226,24084.36910289357,8537.376140831038
2010,130324.5906980838,134215.05350361898,21871.50891859556,6300.892823843053
2011,130082.4761005262,126660.27361260806,22908.855605552497,5159.80846652179
2012,133229.24546828697,129332.71929197236,24118.85827628721,5361.100369723048
2013,163417.6129364717,127437.70580660053,26522.26438983093,0.0
2014,214621.57850102815,133188.93305761006,26493.478386972278,0.0
2015,230292.5253721675,142109.08199140607,27034.49915394216,0.0
2016,243524.481347293,151861.59365645348,27115.2740587311,0.0
2017,135075.81202079766,147414.8616069388,29128.52327430126,0.0
