index,Psychiatry,Neurology,Endocrine,Gastroenterology,Hematology,All_diseases,Ophthalmology,Metabolic,Autoimmune,Urology,Infectious_disease,Cardiovascular,Respiratory,Allergy,Oncology
Approved_first_review_on,36.88063182977676,36.8752129683529,36.89137785791698,0.0,0.0,90.11248278505812,90.10338430375911,90.10353219844863,0.0,0.0,0.0,0.0,0.0,0.0,0.0
Approved_review_on_second,36.87837791470854,36.889437479590526,36.87334357947742,36.87531057884799,90.1030530196546,90.103301482733,90.09118594976786,90.11785727807514,90.10855765999838,36.84450411502184,90.10848371265362,0.0,122.92628869516656,122.94477848924984,122.93373962962436
Ultimately_approved,36.8791558407754,36.917587754792976,90.12488819161472,90.08522875167417,90.06836579917558,90.13636481952116,90.1057742819417,90.11662087847078,90.1171385098841,90.11691075206224,90.08092501620924,122.92864022072986,122.92381589595786,122.91951807628053,122.92062728645188
