index,White,Hispanic,African_American,Other
Avid_fan,21.01251359507492,23.868201643347877,17.89811380000188,15.962317600895616
Casual_fan,31.49170134117176,28.544970100095668,23.6712187313277,29.889452843290428
Not_all_a_fan_at,46.751807856464495,46.76706340398167,57.58707045333253,53.35117991145856
