index,Kidney,Liver,Lung,Pancreas
2017,26.71592071717176,7.549314698353598,3.660720130839408,2.1459855599091213
2018,44.39528077859271,7.55909452095721,3.0586212392383416,1.3801751799298856
2019,31.317818528308077,7.537030509961767,2.1263436545117718,1.4960797878144092
