index,South_Africa,Philippines,Serbia,Brazil,Peru,Montenegro,Colombia,Mexico,Hungary,Italy,Turkey,Israel,Russia,Denmark,Argentina,LUSA,Poland,Chile,Spain,Germany,France,Great_Britain,Belgium,Canada,Netherlands,Australia,Norway,Sweden,Singapore,New_Zealand,Japan,South_Korea,Hong_Kong
Average_guess,19.62639309638724,19.60054864176222,19.631612181488837,19.62224029089328,19.613495134215345,19.62465016600129,19.62631128819888,24.475275346949918,15.69687403979372,19.61575109900288,19.606358409715373,14.634650177093931,15.701003273436797,15.695153294679194,15.698607264123424,15.710529074352827,15.706546818132914,15.70983578462095,15.701000500277871,15.700192124450504,15.70213888201762,15.70121819325368,19.631423606681764,15.707563180879845,25.48160203172716,25.484124219771733,15.70503821967634,28.77788549959568,15.69842146247528,19.61681321887212,14.655997954517971,15.69600742762887,15.701165503234058
Actual_rates,25.47058288472866,19.623241401266117,25.5012665016822,25.50409651036773,19.62367124089988,19.620659590304594,28.77915560638448,24.513650320188933,24.517219375728647,19.626179563149822,19.63280186666874,19.630081397760843,15.702561788754068,15.71052491461444,15.709308884424722,15.700713478328872,15.705892352626016,32.15499407098621,32.15177443347137,32.153427236192165,25.49904658796072,32.15783794546638,32.15421342674812,25.49105850367,25.510564903566173,25.482689110026744,28.785940139700656,32.156892298272105,32.161757805610435,32.15105202557075,32.16161776108459,32.16057921306624,32.1470669961919
