index,o_<0_to,-_<0_o_of,you_o_0_I_calo,6_0_b,9_a_a_a_a,o_a_a,Unnamed:_7,Unnamed:_8,Unnamed:_9,Unnamed:_10,Unnamed:_11,Unnamed:_12,Unnamed:_13,Unnamed:_14
Advertising,0.0,0.0,0.0,38.978012302555726,117.01150495596858,236.0395925025973,1195.5079173919848,1195.5079173919848,1195.5079173919848,1195.5079173919848,1195.5079173919848,1195.5079173919848,1195.5079173919848,1195.5079173919848
Subscription_fother_services_and,0.0,0.0,0.0,0.0,0.0,0.0,209.83777483258848,209.83777483258848,209.83777483258848,209.83777483258848,209.83777483258848,209.83777483258848,209.83777483258848,209.83777483258848
Ticketing_service,0.0,0.0,0.0,0.0,0.0,0.0,73.46529113849977,73.46529113849977,73.46529113849977,73.46529113849977,73.46529113849977,73.46529113849977,73.46529113849977,73.46529113849977
