index,United_States,Germany,Italy,Spain,United_King_dom,France
OTO_reading_glasses,23.734365430508003,7.078108369508563,4.203772857167031,2.127150569825289,2.113211322571445,0.9866652599050738
Contact_lenses,31.54355178550949,8.2465396667315,10.61878833658994,8.367308098008873,7.092011885282695,5.533031544593953
