index,Difficult_to_answer,Absolutely_do_agree/do_not_agree_not,Absolutely_agree_agree
March_2020,12.937593138172872,27.878968510395865,12.965107967748152
April_2020,68.70614362466733,27.92531538398644,27.907865411548748
