index,Unmarried_couple_without_children,Same_sex_couple_without_children,Same_couple_with_children_sex,Unmarried_couple_with_children,Single_with_children_parent,Married_couple_without_children,Married_couple_with_children
A_family,42.855132294630266,62.92689635200013,62.9769174399224,79.98815552122409,136.6599412602725,136.6021438813039,136.59016915922973
Not_family_a,53.97743496549894,53.99398352575504,53.9325853026567,80.04887954371941,136.59213813144535,53.86621485011103,53.9597984906334
