index,5_hours_or_less_per_week,6-10_hours_per_week,11-15_week_hours_per,16_week_hours_or_more_per
Total,59.97182543970909,26.80325935012047,6.863470956472256,5.917251041780375
Male,54.01952635820454,30.9120991471163,8.759834814205476,6.84892853680266
Female,68.97211721583392,22.97007887048976,4.910274822981265,3.9577940990127294
