index,Finland,Germany,Denmark,Ireland_United,Ireland,France,Italy,Spain
Trust_in_news_oraanisations,61.36738499962716,46.5496998845996,46.58172058534375,41.590480983727794,46.56885127690887,27.61601019780173,42.5997643169626,42.60378073124295
Trust_in_journalists,50.54834353425004,39.57957334847848,32.58260968901777,28.56942989993484,36.53327378004276,28.61177579864377,32.577124785185724,34.605761094295524
