index,30_mph_built-up_roads,40_mph_built-up_roads,Motorways,Dual_carriageways,Single_carriageways
Missing0,28.721822872817384,32.74292288968476,56.48938567733627,55.61947258281842,42.73229796515626
Motorcycles,29.623245721810115,35.56304366545329,67.3877652005853,66.52222558619735,50.62863883698725
Light_Goods,29.664199853643645,34.660986391873834,67.35679988139411,56.49673330393309,47.66400873886123
Cars,29.625720427644914,34.70752435996374,67.36849849079502,66.546783667009,46.93028545563075
Buses_icles,26.606885272806224,32.75556638676806,57.69284862320022,55.656012739335694,45.71237922662181
Articulated_heavy_vehicles_goods,28.810129375933755,34.7284738697217,53.56729352277807,52.88621398185174,43.58861817544325
Rigid_heavy_vehicles_goods,28.75474095988553,33.715567772603336,59.49940188047273,58.714407191810125,45.75074166652653
