Unnamed:_0,index,2TFEb-23,23,9Mar-ISMar,24Feb-TMMar,16Mar-22Mar,2Mar-8Mar
0,Newspapers_and_magazines,18610.385156123608,60189.79054273712,62592.15517460887,50272.77356350777,60528.15496771672,51378.14292274066
1,Internet,68951.58352557162,420979.5741245091,433011.4940800182,260201.4453173753,423029.1055495924,281326.5958938167
2,TV,18610.385156123608,21875.31703863683,24039.89236821321,23730.51107781776,23228.4101708245,21983.63922559662
3,Radio,18610.385156123608,21875.31703863683,24039.89236821321,23730.51107781776,23228.4101708245,51378.14292274066
