index,Travel,Charity,Consumer_electronics,Restaurants,Other,Internet/ISP,Health_care,E-commerce,Telecom,Financial_services,Entertainment,Pharmeceuticals,Auto,Non-_alcoholic_beverages,Retail,CPGI_FMCG
QI_2014,0.0,0.0,0.0,24.338646696435195,0.0,0.0,0.0,4.922201560787208,0.0,0.0,4.901252535217253,4.920832115520312,4.950340174008311,0.0,49.96458145378028,49.96211201428281
Q2_2014,0.0,0.0,24.35606115841121,24.340044671811807,24.354357276858085,24.351673861537677,4.928595475378195,0.0,0.0,0.0,4.95366076177929,0.0,0.0,4.967797431148924,0.0,0.0
Q3_2014,0.0,0.0,4.94356585795429,4.926707733117944,4.925677479155588,4.931779752624934,4.922615247378246,4.91761296813948,4.926341596709783,4.922364816415083,4.946526649341493,4.926013500447922,4.924029072815813,4.952248521347819,4.954993751905974,4.958555260603532
