index,Unnamed:_1,10,>or,Unnamed:_4,Unnamed:_5,Unnamed:_6,Unnamed:_7,Unnamed:_8,Unnamed:_9,Unnamed:_10,Unnamed:_11,Unnamed:_12,Unnamed:_13,Unnamed:_14,Unnamed:_15,Unnamed:_16,Unnamed:_17,Unnamed:_18
Facebook_fans,0.2432573408113345,0.3196736299872125,0.1631670295278464,0.2432573408113345,0.2432573408113345,0.2432573408113345,0.2432573408113345,0.2432573408113345,0.2432573408113345,0.2432573408113345,0.2432573408113345,0.2432573408113345,0.2432573408113345,0.2432573408113345,0.2432573408113345,0.2432573408113345,0.2432573408113345,0.2432573408113345
Twitter_followers,0.1643051898932928,0.0,0.0,0.1643051898932928,0.1643051898932928,0.1643051898932928,0.1643051898932928,0.1643051898932928,0.1643051898932928,0.1643051898932928,0.1643051898932928,0.1643051898932928,0.1643051898932928,0.1643051898932928,0.1643051898932928,0.1643051898932928,0.1643051898932928,0.1643051898932928
