index,Within_4_hours,12_4_to_hours,Over_12_hours
March_2019,48495.02685561864,20823.21298937916,2396.549678796633
March_2020,33197.39525641955,13715.521305716764,2552.368664731359
