index,Millennials,Gen_X,Boomers,Matures
Have_given,16.617079991865936,9.708062929798436,5.7588063349305045,1.858294223653381
Likely_give_to,46.4508859284014,29.455637112656177,12.710531344563492,3.7905850468519375
