index,Very_liberal,Somewhat_liberal,Moderate,Somewhat,Very_conservative
Hillary_Clinton,91.33128888319054,86.4666802830823,49.62575231938743,9.075307226589572,3.99616553784594
Donald_Trump,6.944485277126375,8.063516106380973,36.58133547220388,87.416953033802,94.32940892332418
Not_sure,0.0,4.482599562585065,14.042074724304854,0.0,0.0
