index,Genetic_testing_ordered_by_doctor_genetic_specialist_a_or,DNA_genealogy_Commercially_available_genetic)_test
Not_likely_all_at,28.63526056561986,34.60083916275221
Not_likely_very,31.97461994316672,28.906016507409632
Somewhat_likely,28.060157095097125,25.34712636341152
Very_likely,11.447909103240278,10.519432852731612
