Unnamed:_0,index,to,I,the,play,for,St,SALES,Ind,Subject,Inter,any,Liness,TIN,pays,Lines,it
0,Recovered,1297.1988798150037,1297.1988798150037,-2008.2713393782333,1297.1988798150037,1297.1988798150037,1297.1988798150037,-2013.8475851624908,1297.1988798150037,-3904.736094509549,-2430.636078743676,-1405.1696904633632,1297.1988798150037,1297.1988798150037,-2142.4884886265545,1297.1988798150037,1297.1988798150037
1,Confirmed,1297.1988798150037,1297.1988798150037,-2008.2713393782333,1297.1988798150037,1297.1988798150037,1297.1988798150037,-2013.8475851624908,1297.1988798150037,-3904.736094509549,-2162.148062279018,-875.3720216703394,1297.1988798150037,1297.1988798150037,-2142.4884886265545,1297.1988798150037,1297.1988798150037
2,Deaths,1297.1988798150037,1297.1988798150037,-2013.8475851624908,1297.1988798150037,1297.1988798150037,1297.1988798150037,-3902.656327210575,1297.1988798150037,-3904.736094509549,1297.1988798150037,-3904.278289140346,1297.1988798150037,1297.1988798150037,-2142.4884886265545,1297.1988798150037,1297.1988798150037
