Unnamed:_0,index,Unnamed:_2,CONTERSED
0,Douglas_fir,262.6968878319942,924.3057218308832
1,AII_hard_woods_eastern,262.6968878319942,924.3057218308832
2,Oak_white_red_ad_black,334.063205777933,924.3057218308832
3,Maple_sugar,543.4947835942023,924.3057218308832
4,Western_hemlock,96.07573356132356,924.3057218308832
5,Southern_pine,96.07573356132356,924.3057218308832
6,Ponderosa_pine,96.07573356132356,924.3057218308832
