index,Bonds,Equity,Real_estate,Other,Alternative,VCI_PE
2013,48.49837856927648,37.77757233056143,6.67041563504489,5.821970816640899,0.0,0.0
2015,12.013646305694891,73.24514479905875,3.115381322636509,1.9466425206655915,5.461312914869282,2.572730119533418
