index,Less_than_once_month_a,Once_month/less_than_once_week_a_a,Once_week_a,2+_days_week_a
2016,14.96327235157746,0.0,30.822602728219604,45.674999160030914
2017,19.951336915801495,19.949444360447536,30.84804066710345,24.969299129792024
2018,19.94952835735645,19.93505726489265,30.82938285371098,24.95803041948056
2019,19.947326063400865,19.9395983477808,19.951494410005708,19.94030707169976
