index,Total,Male,Female
All_ethnicities_races,20.04255547382016,34.10156664433841,59.98919670377123
White_Hispanic)_(non-,88.65046491953022,88.65542319989758,60.01765836841452
Black_(non-Hispanic),0.0,40.09015144189456,38.44550765704908
Hispanic,55.400808358255226,45.701697481866944,45.69583289127057
