index,"Culture,_entertainment,_recreation",Other_service_activities,Accommodation_and_catering,Administration_and_support_activities,Transport_and_storage,Trade;_repair_of_motor_vehicles
Owners/co_owners,0.0,0.0,0.0,4472.682665403767,10228.447946343476,8917.560491198055
Employed_workers,0.0,0.0,10234.210384974103,10230.51322693035,10225.998071934331,8918.510214474762
Total,5902.52428410075,10229.034834164006,10225.56643299619,10232.240370746877,10228.884877857156,8920.27440632004
