index,Yes,No
Female,37.03207227663975,62.89171409924489
Male,27.974744879095724,72.0710696408076
