index,person,2-4_people,5-9_people,10-19_people,20_people_or_more
Urban,1.5055593022620002,4.942484005613991,18.92122195286441,43.97906603721998,70.80933415963399
Rural,3.383992854929545,27.23133076937097,52.643083681169465,73.25332191094179,78.90357344658513
