index,Unnamed:_1,at,Unnamed:_3,Unnamed:_4,Unnamed:_5,Unnamed:_6,Unnamed:_7,Unnamed:_8,Unnamed:_9,Unnamed:_10,Unnamed:_11,Unnamed:_12,Unnamed:_13,Unnamed:_14,Unnamed:_15,Unnamed:_16,Unnamed:_17
Facebook_fans,158.15892915264038,175.45282494941426,158.15892915264038,158.15892915264038,158.15892915264038,158.15892915264038,158.15892915264038,158.15892915264038,158.15892915264038,158.15892915264038,158.15892915264038,158.15892915264038,158.15892915264038,158.15892915264038,158.15892915264038,158.15892915264038,158.15892915264038
Twitter_followers,160.62612238905848,108.84715706960006,160.62612238905848,160.62612238905848,160.62612238905848,160.62612238905848,160.62612238905848,160.62612238905848,160.62612238905848,160.62612238905848,160.62612238905848,160.62612238905848,160.62612238905848,160.62612238905848,160.62612238905848,160.62612238905848,160.62612238905848
