index,Unnamed:_1,st,Unnamed:_3,Unnamed:_4,Q,5,Unnamed:_7,Unnamed:_8,Unnamed:_9,it,Unnamed:_11,of,Unnamed:_13,it.1,Unnamed:_15,Unnamed:_16,or,Unnamed:_18,5.1,Unnamed:_20,Unnamed:_21,it.2,Unnamed:_23,Unnamed:_24,it.3,Unnamed:_26,Unnamed:_27
Facebook_fans,41.00934901128568,23.19625180397736,41.00934901128568,41.00934901128568,0.0,0.0,41.00934901128568,41.00934901128568,41.00934901128568,218.9846889196766,41.00934901128568,0.0,41.00934901128568,218.9846889196766,41.00934901128568,41.00934901128568,213.0610080548128,41.00934901128568,0.0,41.00934901128568,41.00934901128568,218.9846889196766,41.00934901128568,41.00934901128568,218.9846889196766,41.00934901128568,41.00934901128568
Twitter_followers,19.65397836773104,0.0,19.65397836773104,19.65397836773104,0.0,0.0,19.65397836773104,19.65397836773104,19.65397836773104,188.75242952945212,19.65397836773104,0.0,19.65397836773104,188.75242952945212,19.65397836773104,19.65397836773104,101.26901230350518,19.65397836773104,0.0,19.65397836773104,19.65397836773104,188.75242952945212,19.65397836773104,19.65397836773104,188.75242952945212,19.65397836773104,19.65397836773104
