index,Blockchain,AR/VR,Iol,Edge_computing,5G,Unnamed:_6,Smart_analytics,Automation,Hybrid_multi-cloud_or,Cybersecurity
Increase,50.43983827846385,10.0396976804021,10.02324392548168,60.1799952323616,100.67681556870296,50.44339712469535,50.46080643320545,50.42847630733575,100.6249860718779,50.42808125514497
Stay_the_same,76.35577860059684,49.08072368158929,0.0,0.0,0.0,0.0,0.0,0.0,0.0,0.0
Decrease,4.022792823151008,100.62296353972164,100.66875920522251,0.0,0.0,100.66672654352294,100.7114721130295,0.0,0.0,100.61229037754158
