index,Other,Hunting_from_boat_a,Racing,Whitewater_paddling,Kneeboarding,Wakeboarding,Scuba_Diving_Snorkeling,Water_Skiing,Tubing,Quiet_paddling_water,Nature_observation,Sunbathing,Sightseeing,Entertaining,Swimming,Cruising,Fishing_from_boat_a
Female,0.0,0.0,0.0,0.0,28.293000893352293,8.551206982598522,28.29758010145074,28.292019976257016,28.28334723364632,28.288959993415894,28.28460089354369,28.27755743030344,28.295802488275648,28.288950423493013,28.292886054277723,0.0,0.0
Male,8.553365000208139,8.545134866530681,8.555877104964345,8.562872718590192,8.561681263191538,8.560951556571872,8.555790975658418,19.632684827509323,28.29822128628376,28.30273350492204,28.297532251836337,28.304415418868334,28.301774120153247,28.29098642458589,28.30670023795613,28.2957977033142,28.301647318675077
