index,How_to_begin_with_a_conversation_(kids/my_parents)_about_staying_safe_online,Adjusting_settings_social_on_networks,Risks_of_sexting,Blocking_people,Dealing_with_bully_a,How_to_manage_privacy_online_my,"How_young_people_ware_lured,_groomed,_or_recruited_online",How_report_problems_to_serious_encounter_online,How_to_determine_if_a_website_is_secure,"How_to_identify_fake_emails,_social_posts,_and_texts",Keeping_my_devices_secure,Preventing_identity_theft
Parents_of_online_teens,34.805741163868504,28.802686005445157,28.804154554734417,30.99695779936449,31.00789513214304,31.024226744010264,30.998138397812724,34.80639385244151,34.800922786461896,34.79740018783993,34.79780811819806,34.83032256733131
Online_teens,16.88481822383283,31.007976718214664,31.00290398423181,31.01858290752603,31.018179776348585,31.00421416055851,31.005788291822817,31.006344996782147,31.00156501282101,31.010328316749764,31.0180549976508,47.70631317821422
