index,Investment,Development
2018,396.6400421441583,392.4401690218178
2019,411.92839488345714,390.418185455414
2020,417.9335264940586,405.84991052071496
