index,Other,None,En-route_service_recovery,Meetings_registration,Company_policy_and_preferred_vendor_information,Expense_report_approval,Expense_report_creation_and_submission,Company-provided_emergency_assistance_program,Trip_plan_sharing_with_colleagues,Shop_for_travel,Company-_provided_traveller_alerts,Access_destination_information,Hotel_check-in,Store_and_access_itinary,Airline_check-in
Approves,0.0,25.83930913137388,0.0,0.0,49.6876941331833,9.940921118380755,0.0,0.0,0.0,0.0,0.0,0.0,0.0,0.0,60.67946953251779
Would_like,38.780622517468935,39.73663265023772,39.75867125958085,39.7556872036629,49.70171919599767,38.79232001666731,49.71633564443943,9.950155415057758,49.71789277907297,49.73988255841017,58.60547471175376,58.623910751770495,58.62207691377,91.45492258002558,9.884972782697254
