index,Unnamed:_1,st,Unnamed:_3,Unnamed:_4,Q,5,Unnamed:_7,Unnamed:_8,Unnamed:_9,it,Unnamed:_11,of,Unnamed:_13,it.1,Unnamed:_15,Unnamed:_16,or,Unnamed:_18,5.1,Unnamed:_20,Unnamed:_21,it.2,Unnamed:_23,Unnamed:_24,it.3,Unnamed:_26,Unnamed:_27
Facebook_fans,123.80914324491044,0.0,123.80914324491044,123.80914324491044,0.0,0.0,123.80914324491044,123.80914324491044,123.80914324491044,200.28360648646364,123.80914324491044,0.0,123.80914324491044,200.28360648646364,123.80914324491044,123.80914324491044,207.366370409155,123.80914324491044,0.0,123.80914324491044,123.80914324491044,200.28360648646364,123.80914324491044,123.80914324491044,200.28360648646364,123.80914324491044,123.80914324491044
Twitter_followers,13.846117400377551,0.0,13.846117400377551,13.846117400377551,0.0,0.0,13.846117400377551,13.846117400377551,13.846117400377551,89.9340913651724,13.846117400377551,0.0,13.846117400377551,89.9340913651724,13.846117400377551,13.846117400377551,55.45662716487118,13.846117400377551,0.0,13.846117400377551,13.846117400377551,89.9340913651724,13.846117400377551,13.846117400377551,89.9340913651724,13.846117400377551,13.846117400377551
