index,30_000_29_27_`928_145_25_000_20_000_15_000_10_000_5_000_Kidney,Kidney,Liver,Heart,Pancreas,Lung,Small_bowel
2017,27623.10521322555,0.0,4109.684056906346,1200.304338863236,0.0,0.0,0.0
2018,0.0,27868.566236219285,3389.573294598525,1091.029712138472,0.0,0.0,0.0
2019,0.0,29438.851777214677,4601.807691470203,1493.107316005553,0.0,0.0,0.0
