index,Sept_8-19_I,Sept_24-25
Approve,28.62739378972053,25.57293912009064
Disapprove,45.40330728738991,53.42783011314125
Don't_know,24.64919987959828,19.709454212231407
