index,Men,Women
Active_at_least_150_minutes_per_week,58.32540907231042,49.34409575744945
Active_less_30_minutes_week_than_per,30.101936825091045,36.1823352476475
