index,Online_store,High_street_store,Online_competitor_other_website,Mobile_app,High_Street_competitor,Friend_recommendation
Started_online,45.89637517126347,3.900315720498007,9.973437779233931,3.80412223744564,1.94893667719068,1.910954905581704
Started_in_store,7.633449991064516,19.754071603026148,1.7984392684815589,0.0,0.0,0.0
