index,15-19_years,20-29_years,30-39_years,40-49_years,50-59_years,60+_years
Yes_I_CU_Not_sure,25.265232588767915,24.92112085601878,28.33957332492548,24.86575905099415,21.99050336865649,16.97634972352455
No_have_monitored_tracked_health_fitness_never_or_my_or,44.09395420920214,48.15938368387161,50.90669318168902,58.32476734698718,61.19669341395903,67.11947376510187
Not_sure,7.63671067112692,4.423533004827746,0.0,0.0,0.0,3.5670064398097026
Not_but_have_monitored_tracked_in_the_currently_or_past,23.14056734174875,22.648513200102585,20.135172500021,15.414642746479243,15.409391961579589,11.679635899455748
