Unnamed:_0,index,Unnamed:_2,resses,Isprive,the,wor,spin,I,From:,STERES
0,Male,17.35413752608171,13.73331898407232,24.92507109591363,15.167645505774866,15.760704172708191,14.88130762823788,15.553056545031271,15.279244291900554,15.558705804377702
1,Female,16.35579709128691,6.353550192129694,24.92507109591363,11.158926652919018,12.7698999962196,10.071334475176794,12.879205390362904,11.738353775949092,12.459536760733592
