index,Yes,No,Do_know_not
Before_trading_player,28.97715681258961,71.10576604262972,0.0
After_trading_player,29.910047200008087,67.96902930000891,1.8116353209260725
