Unnamed:_0,index,Haiti,Bolivia,Peru,Honduras,Colombia,Ecuador,Nicaragua,Dominican_Republic,Paraguay,Guatemala,Jamaica,El_Salvador,"Venezuela,_Bolivarian_Republic_of",Regional_average,Panama,Saint_Lucia,Belize,Brazil,Guyana,Mexico,Uruguay,Chile,Cuba,Argentina,Saint_Vincent_and_the_Grenadines,Costa_Rica,Trinidad_and_Tobago,Barbados,Puerto_Rico,Bahamas
0,Employees,26.962485504307796,26.9908234826282,26.95889083475342,26.95737807798261,26.97140477813961,26.98278789839516,26.99002965976827,26.96193881497973,26.96667928545457,26.98295265408308,26.94925262701072,26.961047636486043,26.955700565523895,26.954727009186257,26.96190885940011,26.95278738540587,26.95060811698852,26.953895741851795,26.980998052512877,26.952607651928147,26.97466993631818,26.97286511264609,26.94462448995945,26.979799829328087,26.93876817414376,26.9531468523613,26.96284497126324,98.8211580752192,98.82421354434044,98.70775373967328
