Unnamed:_0,index,People_practicing_'social_distancing,People_participating_lin_video_calls,People_standing_less_than_6ft_apart,People_shaking_hands,People_kissing,People_hugging
0,Much/somewhat_likely_more,20.13603725879084,100.95582721477145,9.949821173689289,40.09473550603602,36.98947288092964,100.73038069407812
1,Neither_less_likely_more_mor,9.098042605280924,0.0,0.0,36.955093688167096,60.35312064176569,0.0
2,Somewhat/_likely_much_less,0.0,0.0,0.0,0.0,20.24441542523908,137.72004824767347
