index,Total,Male,Female
All_ethnicities_races,4.999457687212284,4.9910078376429245,14.390692997588662
White_Hispanic)_(non-,7.306536664093301,3.994872332516845,0.0
Black_(non-Hispanic),3.993583108561044,4.99165372041822,14.393066529420548
Hispanic,7.294919669719758,3.5856781133741897,3.586152756200697
