index,Mitsubishi_i-Miev,ASX_Mitsubishi,Suzuki_SX4,Suzuki_Swift,Suzuki_Splash,Suzuki_Kizashi,Suzuki_Jimny,Suzuki_Grand_Vitara,Suzuki_Alto,Honda_Insight,Toyota_Yaris,Toyota_Verso,Toyota_Urban_Cruiser,Toyota_RAV4,Toyota_Prius,Toyota_Land_Cruiser,Toyota_IQ,Toyota_Avensis,Toyota_Auris,Nissan_X-Trail,Nissan_Qashqai/+2,Nissan_Pixo,Nissan_Pathfinder,Nissan_NV200,Nissan_Note,Nissan_Navara,Nissan_Micra,Nissan_Juke,Nissan_370Z,Mazda_CX-7,Mazda
Minimal_delivery_time,597.4496691111224,597.3113439887176,597.4399887251976,597.2838213228532,597.5360096120538,597.6168693062485,596.948139705052,398.6737159490052,398.6535959312009,597.7533437666382,398.95288119604015,299.2131839263835,398.80409271531977,398.8891282622664,399.04679043008434,498.05889281060513,398.6432749315017,398.8430989762517,398.91332922707807,399.0308462650319,596.517623522199,497.8919298798398,498.0287127838987,498.48155554311234,597.2514110111542,398.41863303460167,597.6241533221281,597.4509977915433,398.8235721193497,398.57665109896107,597.628898609346
Maximal_delivery_time,597.4839775377084,597.1751779719971,597.4756021057686,597.3709922490478,597.3071444095297,597.4165944592129,597.0055814068259,398.600377535051,398.5317844083149,398.875841458056,298.9325001874389,398.5929511605549,398.5952051719835,398.5543957019087,498.122930461612,398.4697160515034,398.7066956951704,299.05110864145274,398.5606594810364,597.2348499587634,497.67172482648857,498.213351909551,498.4031396718349,398.22872664013727,398.8128240438009,398.5834368596828,597.1259456171103,398.36709921541416,596.9729575572021,398.7847793963425,398.6307948261184
