Unnamed:_0,index,Unnamed:_2,I,40,the,CONTERSED
0,Liberal_Democrats,-18248.60728576409,-21075.803637301145,41106.07017443261,41106.07017443261,-15932.05917853118
1,Conservative,1626.8331948322193,6616.571126796474,41106.07017443261,41106.07017443261,3568.9069734307664
2,Labour,1626.8331948322193,6616.571126796474,41106.07017443261,41106.07017443261,-3554.609246300793
3,Other,-16657.549679295327,-22155.440865787717,41106.07017443261,41106.07017443261,-15932.05917853118
