index,Total,Wave_and_tidal,Sewage_gas,Landfill_gas,Hydro,Other_bioenergy,PV_Solar,Wind
2018,391524.1909287587,0.0,0.0,8763.82844532613,16786.304323867313,55397.01419993216,116301.1433333276,192269.1979776376
2019,417307.7275200746,117831.78836315044,16883.512913282146,9015.99023546587,16966.865892208414,56958.3247661902,56907.172535662015,117797.8459877356
