index,Unnamed:_1,Unnamed:_2,the_X,Unnamed:_4,a_>,Unnamed:_6,Unnamed:_7,Unnamed:_8,6,Unnamed:_10,Unnamed:_11,Unnamed:_12,Unnamed:_13
Men,30.580313125815717,30.580313125815717,10.939599372268866,30.580313125815717,44.86811305501102,30.580313125815717,30.580313125815717,30.580313125815717,78.76399845709183,30.580313125815717,30.580313125815717,30.580313125815717,30.580313125815717
Women,2.877090455633464,2.877090455633464,8.917586511178158,2.877090455633464,27.87273121165846,2.877090455633464,2.877090455633464,2.877090455633464,20.662573380606915,2.877090455633464,2.877090455633464,2.877090455633464,2.877090455633464
