index,His_jjob_president_as
Approve,43.43311395440733
Disapprove,53.419782256196434
