index,Under_5,5-9,10-16
Male,2.8410159936386705,15.962450950433706,44.8220536790432
Female,0.8586488009273907,6.865541070789391,4.916542778414026
