index,Liberal,Moderate,Conservative
Somewhat_oppose,20.86486052995778,13.618551531561335,4.973520040901079
Strongly_support,10.904722622689404,20.02623740677548,47.20294187107688
Neither_support_or_oppose,19.49591363810923,20.247973214363583,15.998192463242276
Somewhat_support,18.69106976382035,27.982015021541727,25.04723629742098
Don't_know_opinion_no,0.0,3.9136830581684734,0.0
Strongly_oppose,29.826266218307158,13.845384008224414,5.770841722880462
