Unnamed:_0,index,the,and,Subject,RESESSESSES,good,Parting,SSISES,From:,OPSPESSES,Ind,PRESESSESS
0,First_time_buyer,20.510068827389038,18.765528535294496,21.53969111749057,21.911264425575304,21.068329956691755,17.402835453886127,22.71818503140433,22.70345005288389,22.611110257356337,21.66333006038566,22.06712158699717
1,Other,27.700401153673024,24.076903428448745,33.11427933705726,29.90292236280662,31.85805527825103,31.606346156514537,31.51475982029772,28.46290794413181,32.06341546238753,31.658437796861104,29.280575416129608
2,Buy-to_let,14.516674502146168,15.037035882119577,16.803410082240458,13.891706113867247,16.824990350498826,22.22082430238993,14.41736110499806,14.45262896873502,12.901180156000391,12.713898519325635,13.905542909209348
