index,Sweden,Canada,China,Romania,Switzerland,Australia,Belgium,Poland,Netherlands,Italy,Spain,Irish_Republic,Germany,France,LUSA
2018,743.1486926329526,741.9937978200951,878.5759146701621,893.3264235540364,900.1517598863575,917.8573273044912,1052.113181472531,1050.8138877065885,1976.5190680821029,1982.6575818503131,1981.327568060436,2978.6693213516337,2978.930960975776,5473.918996491091,4566.982711898415
2019,917.570013457448,879.5058261193226,879.706619319245,899.407801045847,899.9380553720275,1051.8470896710078,1051.7170860914575,1051.9646271538895,1982.1227269408384,1982.0372451351056,1051.8402629990223,917.778078547094,1982.0448138366555,878.7258046420184,742.947305809379
