index,Mental_illness,Other_type_of_disability,Mental_retardation)_intellectual_disability,Speech_and_language_disability,Visual_disability,Hearing,Locomotor_disability,Multiple_disabilities
Male,0.2952617508282549,1.7372908640820657,0.2949578820921263,0.2952534002370333,0.9949316550500664,0.995189595534475,1.1962945643218204,0.2952218535590838
Female,0.0,0.0,0.0,0.0,2.5905074190363786,2.5906125746295428,1.195370277586023,1.1954754331791873
