index,Retail_&_recreation,99,Parks,Transit_stations,Grocery_&_pharmacy,Workplaces,Residential
March_29_2020,93.29939961357518,59.49575656231206,0.0,88.83087922558842,0.0,0.0,22.24695279867052
April_5_2020,0.0,93.34989822563855,89.24684292753366,88.29310020745356,0.0,3.8333082582132505,22.75082872314809
