index,Moscow_Sochi,Moscow_Ufa,Moscow_Irkutsk,Moscow_Krasnoyarsk,Moscow_Kazan,Moscow_Novosibirsk,Moscow_Omsk,Moscow_Perm,Moscow_Yekaterinburg,Moscow_Volgograd,Moscow_Saint_Peters_burg,Moscow_Mineralnye_Vody,Moscow_Krasnodar
End_of_March_2020,0.0,0.0,0.0,0.0,0.0,0.0,0.0,1169.6136101818445,1169.6060385207393,1169.3800987704176,0.0,1171.5733220300071,0.0
April_and_May_2020,1169.054309900137,1169.6083895387994,1169.5258618901355,1169.6056927827894,1168.981566635458,1168.8090088246154,1169.0133053792674,1168.83483544948,1169.270050380934,1169.5872649500543,1169.782434022827,628.7314805467083,627.8056634642112
June_2020,0.0,1061.599197058185,639.0077804868267,961.9487035518353,961.5455731021408,320.6968417529745,320.1529613838368,320.78106351759334,0.0,0.0,0.0,629.0028156898646,0.0
