index,English_Premier_League,Football_League_championship,League_Football,Football_League_2,All_Leagues
Yes,0.0,27.479308645661877,19.019624762195164,56.34660499879174,23.497457557485816
No,100.56213926317038,73.0861633392369,81.51585878664207,44.17073036536083,77.0990572154395
