index,Iowa_Caucus_Democratic_winner,Iowa_Caucus_Republican_winner,New_Hampshire_Primary_Democratic_winner,New_Hampshire_Primary_Republican_winner
Won_nomination_presidential_election_party's_and,199.14830361925075,150.09063771154047,150.1752484624251,299.79807996846176
Did_party's_nomination_not_win,199.64723745639137,300.08364125269736,349.95425472056183,100.39762386881722
Won_nomination_but_presidential_election_party's_not,249.05473149073725,149.84186551359633,150.07786314719124,248.9497146175804
