index,Unmarried,Married,Widowed,Divorced
0-17_years,6927819.301521279,0.0,0.0,0.0
18-64_years,9569659.9905815,8773528.221547334,274080.0511190016,2360369.576225901
65_folder_years_and,326847.9464526512,3699659.337738855,1681309.706588339,767986.7562291082
