Unnamed:_0,index,Unnamed:_2
0,Euro_Zone,66.69468124783141
1,France,64.9094400887149
2,Germany,76.7629502617126
3,Japan,77.4910749108557
4,United_Kingdom,75.87921416579753
5,United_States,62.95811227867718
