index,"Less_than_50,_000_U.S_dollars_50,_000_74_999_U.S._dollars","dollars_50,_000_74,_999_U.S_dollars","75,000_149_999_U.S_dollars",149_999_U.S_dollars,150_000_U.S
At_home,31.1521673695268,18.58153986209341,32.928382277148216,0.0,16.3062515940293
At_work,18.43657549508063,17.97797629538383,0.0,40.4055284656499,22.297485651669398
