index,All_broadband_speeds,Up_10_Mbit/s_to,10_Mbit/s_higher_and,30_Mbit/s_higher_and
Average_download_speed,43.77489881315971,5.806020402920566,56.59313014140468,76.39733060837695
Average_upload_speed,5.802439901581877,0.0,6.696569637668347,9.671792705413566
