index,Tumbir,Twitter
Mentions_(in_millions),325.3896781976485,137.4141326003413
Accounts_(in_millions),62.18348249922229,66.02778921820425
Mentions_sper_account,231.3130737853128,89.41578890457237
