index,As_valuable_a_education_resource,As_pillar_of_the_a_community,As_community_a_center,As_a_cultural_center,As_family_a_destination,As_an_entertainment_resource
Very_important,58.836398435694974,33.12402661334549,31.068742991990348,29.085891064528823,31.072148753690826,22.06082765248955
Somewhat_important,30.01607569423895,43.70027650293893,42.2442385240801,40.98816741077778,35.88800807602158,43.11736105116027
Not_that_important,7.33941022686615,16.601260655792515,18.18737877110138,20.185637715779336,21.149349761496893,24.47234396746039
Not_at_all_important,3.633610900832693,6.489853574702451,7.417069078827552,9.805637047102309,10.64702860390716,10.4618512273467
