index,All_adults,Unaffiliated,White_mainline_Protestant,White_Catholic,Hispanic_Catholic,Black_White_evangelical_Protestant_Dro,Black_Protestant
Is_ready_die_living_burden_to_is_now_a,61.47622092454457,84.77702095261384,70.69459824724186,66.76202111244079,55.422906958434986,41.74496483215103,41.75378491209895
Has_incurable_disease,55.56246763773291,77.75690998642925,63.69116955551641,61.57005602768785,45.70971184976396,35.81710156997424,33.65332447056112
Is_in_deal_of_pain_hope_of_a_great_no_living_Is_ready_to_die_is_now_a_burden,37.90237511460992,51.66851265899418,36.792939286530334,46.70017077267668,32.479538114100095,24.992544099592536,25.96058957956255
Is_extremely_heavy_burden_family_an_on,31.9004694607288,43.892969110131965,30.71235787374833,39.6022127799353,22.708923693016445,23.62302623131599,20.61270442378401
