index,the_On_phone,person_In
Improved,25.632345181704423,25.63142198973742
Have_changed_not,43.85933449370586,57.705601262106
Worsened,29.793034607788456,16.634728213709593
