Unnamed:_0,index,Unnamed:_2,slyp,of,VIZ,it,Hig,RI,a,and,post,the,to,be,bo,tance
0,Not_seasonally_adjusted,3.688968023770968,11.240119686743029,7.302795345253653,11.240119686743029,11.240119686743029,11.240119686743029,7.773232981429213,11.240119686743029,11.240119686743029,11.240119686743029,11.240119686743029,11.240119686743029,3.7810819970656313,11.240119686743029,11.240119686743029
1,Seasonally_adjusted,3.688968023770968,11.240119686743029,7.302795345253653,11.240119686743029,11.240119686743029,11.240119686743029,7.384612771583125,11.240119686743029,11.240119686743029,11.240119686743029,5.502356845110973,11.240119686743029,3.7810819970656313,11.240119686743029,11.240119686743029
