index,-tipped_Filter-,"Plain,_untipped,_hand-rolled"
Men,72.5378620738367,27.986989288717027
Women,85.5936717920108,14.871043699542128
