index,Cases,Hospital_admissions,Deaths
Men,45.91323058585962,54.02246368684846,53.39576381471118
Women,53.00555793957475,38.38638135904885,45.4642175499332
