index,Democrat,Independent,Republican
Obama,91.73465825109628,43.41526699415071,4.636471262407056
Romney,4.933466397134168,45.39033149161865,92.92914352606134
