index,2_500_000,3_500_000,3_000_000,500_000,Flemish_Region,Brussels-_Capital_Region,Region_Walloon
Flemish_Region,0.0,0.0,0.0,0.0,2469459.29758352,0.0,0.0
Brussels-_Capital_Region,0.0,0.0,0.0,0.0,229969.4115383248,347715.83327771537,121489.84617358212
Walloon_Region,0.0,0.0,0.0,0.0,0.0,0.0,1086005.6704368456
Abroad,0.0,0.0,0.0,0.0,0.0,0.0,47690.95685804775
Total,0.0,0.0,0.0,0.0,2776154.6949258177,427212.20279396,1324555.799889573
