index,Core_Laboratory,Molecular,Point_Care_of,Rapid_Diagnostics
2018,4328.42824007565,468.19304442300654,539.872809651145,2041.4882901933263
2019,4591.884054139737,434.3606487322359,542.1528307752706,2020.4579160522435
