index,All_Plans,Large_holding_plans_not_assets_in_trusts,All_holding_Plans_assets_in_trust
Self_-insured_plans,23362.82266934327,17573.57168488215,5751.737547607907
Mixed-insured_plans,3692.329726561497,2788.4702653433087,876.2206033565453
