index,"Car,_boat_&_motorbike_accessories",Children_toys_&_articles,Sports_&_recreation,Furniture_&_home_decor,Consumables,Home_electronics,Books_&_media,Clothing_&_footwear,Beauty_&_healthcare_products
Q2_2019,5.985445360147985,6.0021271236250655,9.934182571326067,9.929920690857188,39.91199534882538,39.96095290558471,39.89993804370781,39.93816138659963,39.93839356366996
Q2_2020,9.944808647927964,9.936351677654264,39.93293581226353,9.931498222732236,39.92617087214613,39.9232098193726,39.90900249097372,39.962298260389446,39.91167093702849
