index,Unnamed:_1,Unnamed:_2,Unnamed:_3,Unnamed:_4,Unnamed:_5,Unnamed:_6
Male,20.89159799933736,20.89159799933736,20.89159799933736,20.89159799933736,20.89159799933736,20.89159799933736
Female,5.935176840948564,5.935176840948564,5.935176840948564,5.935176840948564,5.935176840948564,5.935176840948564
