index,Average,Monmouth_(2/4_2/6),ARG_(2/5_2/6),CNN_WMUR_UMass_Lowelly7News_(2/3_2/6),CNN_JWMUR_(2/3_2/6),Boston_Herald/FPU_(2/2_2/6),WBUR_Massinc_(2/2_2/4),Unnamed:_8
Bernie_Sanders,53.47742962195174,52.03260865840673,52.83143517921486,56.86459383120626,58.069332152123486,50.88570233696692,53.91307762584,50.02303913988662
Hillary_Clinton,40.25880374546067,42.02974827840096,42.023317182529496,39.78342479678058,34.95199657950984,43.99218978651253,38.90204267247496,40.8995593252549
