index,Obama_vs_Romney,Obama_Gingrich_vs,Obama_vs_Paul,Obama_vs_Santorum
Barack_Obama,46.5226920777902,53.48639643427195,49.36429415566285,50.44817691031344
Republican_candidate,47.36229994420542,39.47548326847591,42.573120234894695,43.43989277518492
