index,Prefer_not_to_say,Don't_know,"No,_neither_nor_anyone_know_has_met_partner_through_a_dating_websitejapp",Yes_know_has_someone,"Yes,_have"
18_34_to_years,5.847116194590427,11.889642118540364,35.53427604204826,47.50696547399833,19.859852598709764
35_54_to_years,16.756382268613287,16.731285108195074,47.52894572900976,19.87669198376457,29.714596710895687
55+_years,0.0,0.0,47.46891898839013,0.0,68.20695361356606
