index,Younger_than_65_years,65-84_years,Older_85_than_years
Beneficiaries,46485.50118999292,31879.122191178903,8536.889780388592
Services,143149.58887535718,95603.43386584522,32993.13067634578
