Unnamed:_0,index,2013_December,2014_December,2015_December,2016_December
0,Construction_development_of_buildin_and_repair_Transacting_financial_and_professional_services,556.9451943578488,597.3604635581497,626.1195331312837,629.4686491311734
1,Management_and_operty_investment,284.9492010302168,280.7052590715437,275.73399006041785,373.6782981519944
2,Transacting_financial_and_professional_services,62.75937698289147,59.51353144841232,68.95277220542852,78.37126034059426
