index,Bremen,Hamburg,Berlin,Saarland,Saxony-Anhalt,Thuringia,Saxony,Brandenburg,Mecklenburg-_Western_Pomerania,Hesse,Schleswig-Holstein,Rhineland-_Palatinate,North_Rhine-_Westphalia,Baden-Wirtemberg,Lower_Saxony,Bavaria
2018,0.0,74.33153502804151,28.385378748700877,393.6714235147036,79.56088798959678,79.55429810864138,100.6524609753526,0.0,210.9908858808349,211.3188736700993,274.7801803995601,274.72253463139344,0.0,369.2642931379884,0.0,0.0
2019,0.0,11.30842400172719,30.25536730113617,30.19759601142744,79.28304605636424,79.7590237436549,100.7232551250446,100.81039845558296,100.64590247478276,211.4400019581361,79.7590551240404,211.27334073073624,274.67169840688064,211.3604840612746,0.0,0.0
