index,Yes,No
Would_rather_not_say,46.83131393815447,52.44735780499683
White/Caucasian,69.89898898064399,29.57597584920533
Black_At_or_Other,74.71914098400494,24.70044479544121
Other,91.60120031557766,7.866245495115436
Hispanic_American_Latino_or,71.68831282117468,27.57026520330008
Asian,64.58584978338897,34.68876144369837
