index,Citi_Banamex_(Jul_24),Moody's_(Oct_14),Banxico,(Oct_11),IMF,OECD_(Sep19),World_Bank_(Oct_10),BBVA_(Aug_7),Banorte_(Aug_1),(Sep_10),SHCP_(Sep_10)
Previous_forecast,15.183707623454351,8.405305595828594,8.412100789825999,15.17375077669426,15.182980733711842,15.184236683029736,29.14535568860485,29.149034603731124,29.149544606272062,25.306759855743053,15.1744313850674
Latest_forecast,0.0,8.423096698702413,8.416076450202954,0.0,0.0,0.0,0.0,0.0,25.30931622079256,25.30309364530642,37.712101590541735
