index,Oct_'19,Nov_19,Dec_'19,20_Jan,'20_Feb,'20_Mar,"Apr_""20"
trello_com,283.98193376425456,325.0854581740764,235.54037872671225,316.83375701948785,295.4689422544809,328.7876511489436,220.348550458854
skype_com,181.30363995488077,170.3096709227152,304.877007669636,275.2280564463367,256.364871583893,369.0144515838279,282.5263424061387
slack.com,66.94989310911399,55.86147338623368,44.694021162779336,59.66091516780443,86.32444794456399,73.99155185968215,90.65107762013724
zoom_us,63.70236543017927,80.40643262881918,61.5560391537515,51.66053051251265,78.70095238160502,234.636929888864,258.7540629072436
