index,All_adults,Men,Women
A_good_amount,9.896725206664192,12.806239908726496,6.777955055950869
a_deal_great,9.877504036509407,10.735777989436317,7.777105733626037
a_little,29.739135804984397,33.58753368002323,26.58088553630821
Not_all_at,49.46170536792084,41.59213237204139,58.52335381723909
