index,Foreign_born,Native_born,Total_U.S_Asians
Country_of_origin/COO_American,68.7827258985728,42.93180980699624,61.47960201023073
Asian/Asian_American,17.751181419608656,21.445514775806583,18.950809144530744
American,8.913767364082332,27.90915676823484,13.730947849812893
