index,Unnamed:_1,Unnamed:_2,Unnamed:_3,Unnamed:_4,Unnamed:_5,Unnamed:_6,Unnamed:_7,Unnamed:_8,Unnamed:_9
Several_daily_use,6.880559866614547,6.880559866614547,6.880559866614547,6.880559866614547,6.880559866614547,6.880559866614547,6.880559866614547,6.880559866614547,6.880559866614547
Daily_(or_close_to)_use,17.675041613447036,17.675041613447036,17.675041613447036,17.675041613447036,17.675041613447036,17.675041613447036,17.675041613447036,17.675041613447036,17.675041613447036
