index,Total,White,Black,Asian_Pacific_and_Islander,Hispanic
High_school_araduate_or_more,90.09796979475138,90.48415666259004,88.32328711764953,90.77732404991772,71.85199550798414
College_araduate_or_more,35.15718728039106,35.16038373607714,25.10294028334326,56.77846942907162,18.293923742104298
