index,Wisconsin,Washington,Virginia,Vermont,Utah,"Tennessee""",South_Carolina,Rhode_Island,Pennsylvania,Ohio,North_Carolina,New_York,New_Jersey,New_Hampshire,Montana,Missouri,Minnesota,Michigan,Massachusetts,Maryland,Maine,Kentucky,Kansas,Indiana,Connecticut,Colorado,California
1915,0.0,0.0,0.0,0.0,787.8939565133519,0.0,0.0,0.0,995.2040951304876,0.0,0.0,0.0,890.2266100807451,0.0,0.0,0.0,995.5687436271944,0.0,0.0,0.0,0.0,787.6166395678893,788.147325488467,0.0,1120.01430264282,1119.4507399344118,0.0
1918,500.32413812109024,403.0055942899661,499.5160525808141,597.5095764323312,499.5638934053517,500.1862926116791,500.2459007358007,500.3033042136303,995.3863642626836,995.2576680353844,501.1833163391848,788.2831592581365,890.0820128420646,889.8302973516687,889.7331000082675,389.3154573263152,389.327941135944,788.4224929037947,894.1131810290187,801.2831592581366,800.7063135558188,787.7660043541764,787.6996996169427,788.2560421087442,1120.0113263703256,788.404249455728,1119.3169179044835
1919,403.1738639182076,403.088764571334,403.29101331055193,597.5560117948577,597.4847741615455,0.0,0.0,0.0,0.0,0.0,501.2714470747099,598.080166450795,598.0677377573235,0.0,0.0,0.0,0.0,0.0,0.0,800.7423319646155,800.7027034475157,0.0,0.0,0.0,0.0,0.0,0.0
