index,Canada,Greece,Australia,Japan,United_Kingdom,Italy,France,Germany,Spain,United_States
2016,16.756808734348596,16.746122262174424,16.734338899494333,16.787252372042133,16.753472085384573,14.962111956920978,49.57714542587462,49.54668865176785,65.0163719118263,74.80664513345809
2017,15.04333440001011,16.737150091928612,16.77361677509461,15.017028732488512,16.76796811739959,16.7636396692356,49.581342509906165,16.772959954432395,16.773886071566125,16.779850003179007
