Unnamed:_0,index,Unnamed:_2,the,anding,for,carment,S-M,I,of,SPS,From:,a,STAPT,Ind,App,SPLESS
0,United_States,-148391.16662777986,-211402.1275704707,-176163.36953018303,78453.53315240737,-179983.14504497158,78453.53315240737,78453.53315240737,78453.53315240737,-189897.6503307864,78453.53315240737,78453.53315240737,78453.53315240737,-192696.88607237543,78453.53315240737,-193091.08066949024
1,China,-148391.16662777986,-67336.21694229064,-176163.36953018303,78453.53315240737,-172944.49004851258,78453.53315240737,-170816.88827273398,78453.53315240737,-62811.73328924845,78453.53315240737,78453.53315240737,78453.53315240737,-192696.88607237543,78453.53315240737,-193091.08066949024
2,Italy,-148391.16662777986,-67336.21694229064,-176163.36953018303,78453.53315240737,-60189.91304242441,-143870.66547420953,-75727.646873683,78453.53315240737,-62811.73328924845,78453.53315240737,78453.53315240737,78453.53315240737,-193091.08066949024,78453.53315240737,-64697.88389277838
3,Germany,-148391.16662777986,-185657.9153899827,-176163.36953018303,78453.53315240737,-179983.14504497158,-233830.13186756117,78453.53315240737,78453.53315240737,-189897.6503307864,78453.53315240737,78453.53315240737,-191831.3238091117,-193091.08066949024,78453.53315240737,-192812.06287112585
4,Brazil,-148391.16662777986,-192884.8406206209,-176163.36953018303,78453.53315240737,-179983.14504497158,78453.53315240737,78453.53315240737,78453.53315240737,-189897.6503307864,78453.53315240737,78453.53315240737,78453.53315240737,-192696.88607237543,78453.53315240737,-193091.08066949024
5,World,-148391.16662777986,-192884.8406206209,-176163.36953018303,78453.53315240737,-172944.49004851258,78453.53315240737,78453.53315240737,78453.53315240737,-189897.6503307864,78453.53315240737,78453.53315240737,-147320.5299252483,-193091.08066949024,78453.53315240737,-192812.06287112585
6,South_Korea,-148391.16662777986,-211402.1275704707,-176163.36953018303,78453.53315240737,-208000.39308256144,78453.53315240737,-208847.9612476017,78453.53315240737,-209471.3195490825,78453.53315240737,78453.53315240737,78453.53315240737,-210231.1270245414,78453.53315240737,-210282.0738775413
