index,Ted_Baker,Boohoo,Inditex,H&M,M&S,ASOS,Zalando
2016,59.16547853259745,57.307156995993054,57.28684065698275,56.267213004741485,54.34157118627209,49.35914689779213,44.35066959359865
2017,59.19040515437863,54.32956477883572,56.25483536324855,54.31157420532512,55.15301902923564,49.30161513784603,44.337016429962645
