index,Food_&_drink,Productivity,Utilities,Education,Medical,Travel,Health_&_fitness,Music,Lifestyle,Finance_financial_services,Entertainment_all,Communication,Business,Finance_all,Entertainment_streaming,Shopping,Books,Finance_investments,Social,Sports,Gaming,Dating,Finance_digital_banking,Finance_traditional_banking,Gaming_midcore,Gaming.1,Gaming.2,Gaming.3,News,Shopping_marketplace,Comics
Day,16.4626085458503,16.471088990322045,16.459188295858944,19.97484298761176,20.077818785054266,19.991457172855668,20.090015797212164,20.068670126185754,20.08099670235596,20.078552981123966,20.08036927662972,20.082036813454696,16.46337873192342,20.07400264502532,16.46873644376538,24.98959169101191,24.991430780186494,24.981891029947526,24.99611787829813,24.98942733666297,29.93299141230532,16.451606401805833,20.07743609135127,29.92861622755663,20.06123579114665,29.93299141230532,29.93299141230532,29.93299141230532,24.986606920061888,24.99012194372891,24.968146447642702
Day_30,0.0,0.0,19.999270602597424,19.99794617047169,19.99937977227445,20.010710625016795,20.077516469025564,20.006704937636524,20.070125321990563,0.0,0.0,0.0,0.0,0.0,0.0,0.0,0.0,0.0,0.0,0.0,0.0,0.0,29.926645175036175,29.9300558276933,0.0,0.0,0.0,0.0,0.0,0.0,0.0
