index,150,100,125,Google,Facebook,Twitter,AOL,Yahoo!
2012,0.0,2597387.837095963,0.0,0.0,245827.4078517524,0.0,0.0,229851.789789489
2013,0.0,0.0,0.0,2999554.409255814,412273.1939009046,0.0,0.0,206992.9025518482
2014,0.0,0.0,0.0,3538434.4583610627,725604.727364934,0.0,0.0,201835.37432494643
2015,0.0,0.0,0.0,4002744.116848171,881116.7176948762,0.0,0.0,234132.90749191493
2076,0.0,0.0,0.0,4714945.835696004,1598523.560097718,123885.71541112126,0.0,245507.37030067947
2017,0.0,0.0,0.0,5685522.075615848,2377178.2042939197,119668.60521890968,0.0,0.0
2018,0.0,0.0,0.0,6947448.192895658,3256531.4330214746,169667.49739661766,0.0,0.0
2019,0.0,0.0,0.0,8024153.808405827,4153383.330310756,171714.9171143775,0.0,0.0
