index,Nominations,Wins
2013,38.39021875363324,7.971751207374609
2014,93.12223140631932,21.036398124906896
2015,102.5897478266656,0.0
2016,161.57380016442823,26.583535394486944
2017,274.5314676974787,59.16086785705545
2018,335.8758826998282,67.89107186314902
2019,352.49280597420625,81.00585801713794
2020,481.0704782324831,62.71450007625572
