index,--0,--15,5,10,I_5,0,5.1,Unnamed:_8,Unnamed:_9
Pessimistic_(end_of_March_2020),0.0,0.0,121.98926220456184,279.98915492947395,0.0,39.94902229044072,121.98926220456184,521.3133556749624,521.3133556749624
Pre_Coronavirus,0.0,0.0,126.94867768758996,251.39329031063488,29.654875469053025,363.8814331070025,126.94867768758996,151.76676926377698,151.76676926377698
0,0.0,0.0,318.66983299620057,247.53351795424936,0.0,123.83872880490406,318.66983299620057,41.50686229919904,41.50686229919904
Forcast_May_2020_4,0.0,0.0,100.39111321416,0.0,0.0,498.0787472620973,100.39111321416,151.60717920156475,151.60717920156475
September_2020_Forecast,0.0,0.0,394.0943594611852,247.7490967951936,200.59368678760345,89.45706314608447,394.0943594611852,132.64645437465606,132.64645437465606
