Unnamed:_0,index,the,a,Ovey,and,for,of,have
0,Deaths,-6250.033066565421,-11647.891838800237,4004.857019345746,-11542.941345793735,4004.857019345746,-11687.077730674117,4004.857019345746
1,Recoveries,-6250.033066565421,-11605.402798225858,4004.857019345746,-4427.4310115892895,4004.857019345746,4004.857019345746,4004.857019345746
2,Active_cases,-10072.440952193278,-11055.76281626029,4004.857019345746,-10320.794897534915,4004.857019345746,-11687.077730674117,4004.857019345746
3,Confirmed_cases,-6250.033066565421,-9384.857370129905,4004.857019345746,-2628.2035621099462,4004.857019345746,-11687.077730674117,4004.857019345746
