index,Saudia_Arabia,Egypt,"Korea,_Republic_of",Japan,Brazil,Indonesia,Russia,Iran,Vietnam,Turkey,United_States,India,Other_countries_(rounded),China
2016,0.0,0.0,144.67247560779833,148.07236501792613,175.53793054242487,232.40857606621103,240.9255658812408,239.86349285625056,274.3829263507132,277.5891586251182,293.6050157858126,835.4867202968089,0.0,5986.069404063286
2017,0.0,0.0,277.89622389097985,150.7849383729017,176.77423612721395,232.54140877227476,241.10980504075724,240.370690116476,273.6681411982954,310.2718905517004,837.2206089577794,835.0880259707828,833.9131334391668,5984.901771221661
2018,0.0,0.0,148.23737580935722,0.0,177.2812371796017,0.0,241.5053600413821,242.82289567094176,275.1967964611249,277.8336335907816,309.06854788363034,0.0,0.0,5982.725630094715
2019,235.75058416424417,242.1477445017217,145.47300358525263,148.612328987032,178.49066229063737,233.88445142072305,242.03100083834212,240.3400816938092,276.30870627686727,241.08272835916705,305.8391630843871,834.7515295292797,2151.6773451295862,148.08845406061027
