index,All_outlets,Pubs,Bars,60,Restaurants,56_rants
Before_COVID-19_warning_(March_9-15),15.00313274884132,12.1255624790225,14.130737735739288,0.0,21.190931587654557,0.0
March_2020,57.75269927762508,57.95478973849299,0.0,59.96145084320412,0.0,56.54378170636676
