index,--25,30,--00,--15,--0,5,0,5.1,Occu_pancy_rate,Average_daily_(ADR)_rates,Revenue_per_available_(RevPar)_room,--27.7_room_(RevPar)
Feb_2020,0.0,0.0,0.0,0.0,0.0,0.0,0.0,0.0,2.2115034529702875,0.0,2.110276357530264,0.0
March_1-7_2020,0.0,0.0,0.0,0.0,0.0,0.0,0.0,0.0,20.804272444743624,8.357089386695272,8.642536836328485,27.374196492658545
