index,purchased_online_more,purchased_less_online,do_make_online_not_purchases,No_impact
45_54_fold_to_years,42.02249254702373,21.0008280582454,16.948527222656992,19.88831352912328
25_to_34_fold_years,41.843946604903074,20.853986246044247,19.904236633239943,15.837309481053794
16_24_ood_to_years,35.76758519435474,20.85742712448089,23.034038476615656,19.885699288148903
35_44_fold_to_years,43.87257435184197,21.92453084126249,18.84039555119217,15.885879598445356
55_ood_and_above_years,37.79710932629176,21.92519473447436,17.83742598527113,21.92615053404009
