index,Rick_Upchurch,Tamarick_Vanover,Dave_Meggett,Leon_Washington,Jack_Christiansen,Gale_Sayers,Allen_Rossum,Billy_Johnson,Bobby_Mitchell,Desmond_Howard,Darren_Sproles,Mel_J._Gray,Ollie_Matson,Jacoby_Jones,Deion_Sanders,Josh_Cribbs,Eric_Metcalf,Dante_Hall,Brian_Mitchell,Devin_Hester
Kickoff_return,5.028629085181782,8.08114177929097,5.028019968734879,8.070001376174647,8.068947818983572,8.072696180797024,8.074543731989742,8.077065902604058,8.075287527450032,9.101921159395308,8.068249936823301,9.104282327370887,9.099863631377172,9.09646359846652,9.094780722976536,8.078037428032433,5.025990600874094,5.028701934284479,5.031670994352298,9.09531515378874
Punt_return,8.060944824701798,0.0,8.05808105913535,0.0,8.074353957016337,0.0,0.0,8.074109086082906,8.072912891573111,8.079264843586243,8.063747984712217,0.0,0.0,0.0,9.097652446848317,9.092455673463633,0.0,0.0,0.0,0.0
