index,Grand_total,Streaming_Box/_Stick,Gaming_console,Connected_TV,PC/Mac,Phone,Tablet,Smart_speaker
March_17-19_2019,11.935869942809113,3.865018076765393,2.976150499606124,2.5419635692891127,1.3588620416927275,0.651287095270753,0.3529164998297993,0.0
March_15-17_2020,16.527962241485408,5.3662756522597626,4.359372996791132,3.542884264722119,1.5388261987453085,0.9844947117319798,0.6029777431366448,0.0
