index,Ever_abused_before_admission,Physically_abused,Sexually_abused
Total,18.422964850038674,15.190723387621588,7.756443822070828
Male,14.212144242449156,11.638767344326396,4.888197650532788
Female,36.27397707479151,24.98094291034598,25.128225362795305
