Unnamed:_0,index,Unnamed:_2,the,RIS,for,P15,Jangs,may,its,yis,in,MIS,tis,FIS,it,XIS,agis,but,gis,May,we,agos,you,is,MI
0,Helsinki,18.460190411554212,2.52336787053137,-6.313396376125475,0.5187484304881025,15.020830336327917,38.03633573544884,4.125813827944906,16.4826906333535,3.95043450104183,7.232194279132269,11.174357045222491,15.637489993970068,13.798525799141572,7.343963575795456,5.875712451887097,38.03633573544884,3.2988884472395874,8.74522880914585,38.03633573544884,6.143430455523102,18.985045214473644,1.4395588174113172,3.704402703294708,5.08268852813994
1,Sodankyla,13.289881140644804,-8.06244790222987,-13.976042920292102,-7.29755865400665,9.107465889274788,38.03633573544884,-8.627898239991339,11.82665245480432,-7.725378148985968,-1.36652043786437,6.4156646434896025,11.054951336986049,8.448185681841078,7.343963575795456,1.2237393404766903,38.03633573544884,-0.8102528411611374,0.5150091702100248,38.03633573544884,-4.660573159429326,14.514797145129917,-11.015932206108433,-4.539989534081151,0.0930642235496215
