index,Under_year,1-14_years,15-24_years,25-44_years,45-64_years,65_years_and_pover
Male,7.067382285208495,1.1595222655684658,20.007488659352926,16.846254373857956,6.466379677542168,2.648595802124401
Female,6.7742051552269125,0.936386260389,3.246692499266956,3.4661138735410333,2.0474949600614387,1.380430862917212
