index,Europe_(total),Western_Europe,Southern_Europe,Northern_Europe,Eastern_Europe
Males,74.55181239789529,78.54841490103763,78.57021550587427,78.54368397799391,68.58647462894106
Females,81.48418097607252,83.60496335932069,83.58097082102749,83.61522434781418,78.52896149161072
