index,Unnamed:_1,Can,Unnamed:_3,Unnamed:_4,Unnamed:_5,Unnamed:_6,lick,Unnamed:_8,and,to,Unnamed:_11,Unnamed:_12,Unnamed:_13,of,Unnamed:_15
2017,4.970387559109991,18.669857205267355,4.970387559109991,4.970387559109991,4.970387559109991,4.970387559109991,0.0,4.970387559109991,0.0,0.0,4.970387559109991,4.970387559109991,4.970387559109991,4.964073961392817,4.970387559109991
2019,11.083980351060076,21.244994544438825,11.083980351060076,11.083980351060076,11.083980351060076,11.083980351060076,10.671928902994942,11.083980351060076,10.062757859372365,9.976905728251973,11.083980351060076,11.083980351060076,11.083980351060076,0.0,11.083980351060076
