index,have_cyber_bullied_others_(lifetime),have_bullied_others_(previous_30_cyber_days),have_been_cyber_bullied_(lifetime),have_been_cyber_bullied_(previous_30_days)
Male,16.055482015854256,8.062149705271878,8.05505816037018,17.64249639359014
Female,13.357417501290062,38.679662880264765,38.666932056390365,17.039630184574207
