index,in,Unnamed:_2,Unnamed:_3,Unnamed:_4,Unnamed:_5,Unnamed:_6,Unnamed:_7,46_>,Unnamed:_9,Unnamed:_10,Unnamed:_11,Unnamed:_12,Unnamed:_13,Unnamed:_14,Unnamed:_15,Unnamed:_16,Unnamed:_17,Unnamed:_18,Unnamed:_19,Unnamed:_20,Unnamed:_21
Total_backers,5.617833165648904,16.998984500498167,16.998984500498167,16.998984500498167,16.998984500498167,16.998984500498167,16.998984500498167,10.756875567840934,16.998984500498167,16.998984500498167,16.998984500498167,16.998984500498167,16.998984500498167,16.998984500498167,16.998984500498167,16.998984500498167,16.998984500498167,16.998984500498167,16.998984500498167,16.998984500498167,16.998984500498167
Repeat_backers,0.0,5.589556730115401,5.589556730115401,5.589556730115401,5.589556730115401,5.589556730115401,5.589556730115401,5.195009155275617,5.589556730115401,5.589556730115401,5.589556730115401,5.589556730115401,5.589556730115401,5.589556730115401,5.589556730115401,5.589556730115401,5.589556730115401,5.589556730115401,5.589556730115401,5.589556730115401,5.589556730115401
