index,Unnamed:_1,Unnamed:_2,Unnamed:_3,to,Unnamed:_5,Unnamed:_6,Unnamed:_7,2,Unnamed:_9,Unnamed:_10,Unnamed:_11,Unnamed:_12,Unnamed:_13,Unnamed:_14,Unnamed:_15
Total_attendance,3050.690890765349,3050.690890765349,3050.690890765349,3047.623785814364,3050.690890765349,3050.690890765349,3050.690890765349,1684.7948285202633,3050.690890765349,3050.690890765349,3050.690890765349,3050.690890765349,3050.690890765349,3050.690890765349,3050.690890765349
Average_attendance,58.67636829687899,58.67636829687899,58.67636829687899,58.40247456257339,58.67636829687899,58.67636829687899,58.67636829687899,57.05614591467793,58.67636829687899,58.67636829687899,58.67636829687899,58.67636829687899,58.67636829687899,58.67636829687899,58.67636829687899
