Unnamed:_0,index,are,and,alaging,Subject:,Connersings,altational,Subjections,I,Sender:,the,salitions,Stating
0,Rotterdam,29.91518289000625,18.18671139553554,29.91518289000625,14.148609431294606,29.91518289000625,29.91518289000625,12.997213646350254,12.948850138671355,16.191194319500568,29.91518289000625,12.614522678397272,29.91518289000625
1,The_Hague,29.91518289000625,18.18671139553554,29.91518289000625,14.148609431294606,29.91518289000625,29.91518289000625,13.38366395619941,13.548653746514209,16.191194319500568,29.91518289000625,12.614522678397272,29.91518289000625
2,Amsterdam,29.91518289000625,23.868530856182517,29.91518289000625,23.656703650257107,29.91518289000625,29.91518289000625,29.91518289000625,18.48740399953221,23.44807462232833,29.91518289000625,18.912973060026744,29.91518289000625
3,Utrecht,29.91518289000625,18.28626095885421,14.539095863066276,16.973826342432552,29.91518289000625,29.91518289000625,14.369866167732653,13.548653746514209,18.18671139553554,29.91518289000625,14.71226587185176,29.91518289000625
