Unnamed:_0,index,30'16,30'17
0,Qualcomm,40.65365079974615,41.86477741231262
1,Apple,20.803660852870745,19.60043088563725
2,MediaTek,18.425460197517538,14.160046769106929
3,Samsung,7.673875612566874,11.002533820403272
4,HiSilicon,6.037549403173699,7.75271102488486
5,Spreadtrum,4.990634270973558,4.598815947600002
