Unnamed:_0,index,Weather,Sports,Social_Networking,Productivity,Photo_&_Video,Newsstand,Navigation,Music,Medical,Kids,Health_&_Fitness,Games,Food_&_Drink,Finance,Entertainment,Education,Catalogs
0,Free_with_in-app_apps_purchases,912.8888639743196,912.1610274506102,640.2114558500721,912.4530884886822,640.2766599003942,913.1159274907355,912.273821606439,913.1363443245922,912.7056435433236,911.0278341633818,640.3965940472538,913.2869037222368,913.1657008992848,912.7309875610736,913.4632496990582,913.6056659664362,913.4339226284608
1,Paid_without_in-app_apps_purchases,641.2627162650176,0.0,0.0,0.0,0.0,0.0,729.1127823541907,913.5182748365472,913.1808660042014,913.0838860433828,913.348449264758,913.5261819340524,913.4107029055632,0.0,0.0,913.8657150612504,913.891560648618
