Unnamed:_0,index,South_Africa_(2010),India_(1999),Korea_(2009),Turkey_(2006),Sweden_(2010),Portugal_(1999),Mexico_(2009),Slovenia_(2000-01),Norway_(2010),China_(2008),Austria_(2008-09),France_(2009),Hungary_(1999-2000),United_States_(2014),Poland_(2003-04),Estonia_(2009-2010),New_Zealand_(2009-10),Italy_(2008),Denmark_(2001),Finland_(2009-10),Belgium_(2005),Japan_(2011),Spain_(2009-10),Ireland_(2005),Australia_(2006),Netherlands_(2005-06),Canada_(2010),Germany_(2001-02),United_Kingdom_(2005)
0,Female,39.757028290339136,39.76173874278072,39.75908822024914,46.74437484342152,39.77211459783024,46.74233158346456,61.69918260076034,39.762098337481774,39.74941250322682,55.66610750881364,46.74309840130388,52.84182691254371,39.76841386825784,61.70477179786872,46.73847844289303,52.83226074092701,46.73948578434034,61.70016612798904,46.748906689223496,59.72980387562119,55.66525972263104,52.87154229452854,52.85028096015118,52.84420833440497,55.68583520751234,55.68994077880116,55.66192096918155,61.69261225784511,55.676085666412334
