index,Underweight_(BMI_under_18._5),weight_(BIMI_Normal_between_1_8._5_and_24._9),Overweight_(BMI_29.9)_between_25.0_and,Obese_(BMI_30._0_or_more)
20-29_years,2.8805688027653105,61.94383989623399,24.147900944725308,10.122213509256696
30-49_years,1.392382406007428,48.135625533085445,36.61100832783335,12.8728455706987
50-64_years,0.0,39.11895553936069,39.90727154811356,19.55655314235065
65_folder_years_and,1.6045754848988167,41.94918865947577,41.24128748551775,14.398618490865545
