index,65_and_folder,50_64_to,40_to_49,30_39_to,25_29_to,18_to_24
2003,0.0,0.0,0.0,32.870455151485565,0.0,0.0
2008,0.0,0.0,0.0,78.0694013062273,0.0,0.0
2012,0.0,0.0,26.84380105384526,78.06758167676321,78.06605874642742,0.0
2015,32.891291692799975,78.07873606171343,78.06258473764662,78.08110214336953,78.06841919455576,78.07166410654128
