index,Spain,Germany,France,United_Kingdom
2018,0.907019613820072,1.2702707674196176,7.464116878816865,9.93330933285683
2023,1.9644644039648116,3.765205703354109,12.472527775733942,12.468802884261644
