index,Never,day_per_week,1-2_days_per_week,days_week_3-4_per,5+_days_week_per
Before_COVID-19,46.48041992960311,17.72918419755804,9.725748528767191,6.840789223136227,16.636624087655868
After_COVID-19,33.58529145841852,7.740677288763706,5.764862631817096,8.78369097940805,43.44075473569023
