index,Unnamed:_1,Unnamed:_2,Unnamed:_3,to,Unnamed:_5,Unnamed:_6,Unnamed:_7,Unnamed:_8,Unnamed:_9,Unnamed:_10,Unnamed:_11,Unnamed:_12,Unnamed:_13,Unnamed:_14,Unnamed:_15
Total_attendance,3108888.728374815,3108888.728374815,3108888.728374815,3072672.9596087174,3108888.728374815,3108888.728374815,3108888.728374815,3108888.728374815,3108888.728374815,3108888.728374815,3108888.728374815,3108888.728374815,3108888.728374815,3108888.728374815,3108888.728374815
Average_attendance,74187.95524088759,74187.95524088759,74187.95524088759,74931.65991160367,74187.95524088759,74187.95524088759,74187.95524088759,74187.95524088759,74187.95524088759,74187.95524088759,74187.95524088759,74187.95524088759,74187.95524088759,74187.95524088759,74187.95524088759
