Unnamed:_0,index,Unnamed:_2,Concenters
0,September,7.498398794362892,89.05324629596437
1,February,7.498398794362892,89.05324629596437
2,January,7.498398794362892,89.05324629596437
3,October,-7.353956673676144,89.05324629596437
4,July,-18.66496078119012,89.05324629596437
5,March,-44.80570663210598,89.05324629596437
6,April,-82.59641882544958,89.05324629596437
7,June,-18.66496078119012,89.05324629596437
8,May,-57.345415618276334,89.05324629596437
9,August,-18.66496078119012,89.05324629596437
