Unnamed:_0,index,Feb29tomari,Apr9toxpa,Marigromar20,Apr1610Ap-17,Mar6toMar7,Mar26100MAR27
0,Fairly_badly,18.67871658199242,20.396046191910784,21.634108965165662,14.614974938946844,21.6271425758784,16.64892585006089
1,Fairly_well,48.47322652400855,53.4618082106896,47.36159880272008,54.34674984295256,46.51106327178029,51.3611415651787
2,Very_well,8.733535268540045,16.664551089982645,15.82100651631741,14.614974938946844,11.64210652747537,23.63603413994813
3,Very_badly,10.719780607873425,9.657253374088896,12.575264199699518,10.684222540923614,11.64210652747537,7.779276425002976
