Unnamed:_0,index,2004,any,reason,Parthorns,Fromble,and,eads,From:,MISTSIZE,for,eoos,the,200,20,FOLLY,reasced,Prowhone,noterate
0,Female,63.05790719776753,67.85637653533593,52.08768455636029,69.89018566286697,67.8744582263622,68.84484584026269,66.03701400492959,69.87572101581063,72.91930295504552,42.95952183737364,63.08173734208846,68.80373504782393,63.03395707345149,65.99005948096477,67.88226398369048,59.92732917561481,70.89127404021959,71.77814851988356
1,AII,72.93862326308005,74.79422680965341,66.04795335742402,75.99764380462564,73.82949942846294,74.74554669105319,73.85255323163912,75.9933068806851,76.92340591799561,58.71664986211564,71.77142258251116,74.7341168321082,72.89166168146846,73.85769119848811,74.79455851905163,70.90342377913518,75.99636284173677,76.8441379582916
2,Male,82.74520051347909,81.78058429022525,81.74781916509274,82.69112129509935,81.80605533742036,81.80618590388562,82.70753561707608,81.79150952742614,81.72973747406645,75.40928661041781,81.83383776393283,81.79491484199296,81.78910639870075,82.73920151372408,81.81776750223617,83.8180704517238,81.80264649403016,82.67920092970381
