Unnamed:_0,index,Q,of,8,Q2
0,2016,164.26488256608104,169.2356822551,163.26987363099389,167.23688325950795
1,2017,164.26488256608104,170.22355567012525,163.26987363099389,167.23688325950795
