index,21-34_years_old,35-54_years_old,55+_years_old
1000-3999_US_dollars,43.21210375756668,32.56620161213263,35.713762598336004
Less_than_I_000_US_dollars,14.908798838911707,12.23884366937584,23.19471683437719
4000-3000_US_dollars,19.49722925146021,26.82534294402976,18.7951704179076
8000-11_1999_USS_dollars,5.848735104679037,13.618090418682726,9.993083987124848
16000-19999_U.S_dollars,7.538921783569563,0.0,3.2104332230557877
12000-15999_U.S_dollars,2.624249345317537,6.129839287897923,4.614530843746877
25_000_U.S_dollars_or_more,3.968601969760656,4.001778785147209,3.9008651364125058
20._000-24.999_ULS_dollars,2.930137578540183,2.865147103927953,0.0
