index,ix_in,X_>_state,a_>It,Unnamed:_4,2.x_>>,>In_no_port,is_>,23_have,Unnamed:_9,the_23_and_>the,Unnamed:_11,2_12_riz_in,12_22,Unnamed:_14,2,x,re,Unnamed:_18,it_on,the_to_o_CONDERATION_I,to_Q_I,20_Q,20_o,to_x,20_of,20_>oo,Unnamed:_27,4_>,it,Unnamed:_30
2020,0.0,0.0,0.0,0.0,0.0,0.0,0.0,0.0,0.0,0.0,0.0,0.0,1228.6047074078233,0.0,0.0,0.0,0.0,0.0,0.0,0.0,0.0,0.0,0.0,0.0,0.0,0.0,0.0,0.0,0.0,0.0
2019,7936.691946208347,7434.250991714467,6323.0876626171175,7581.529058272982,7236.60715016231,7795.512256808639,7409.576684130965,6697.187134171825,7581.529058272982,7741.707512877316,7581.529058272982,8049.4873782836385,7945.36922279891,7581.529058272982,7559.726230843572,7599.739099159011,8233.194035673248,7581.529058272982,7767.338107788179,7645.212165205346,7430.87158619006,6433.658303025265,7407.41734676412,7718.780180568779,6438.221776842072,7897.863800728311,7581.529058272982,7070.579699283308,6855.315560090811,7581.529058272982
