Unnamed:_0,index,Unnamed:_2,recouses
0,Oceania,-11571.780725106835,2642.257383357874
1,Commonwealth_of_Independent_States,-11571.780725106835,2642.257383357874
2,Africa,-11571.780725106835,2642.257383357874
3,North_America,-11571.780725106835,2642.257383357874
4,Latin_America,-11571.780725106835,2642.257383357874
5,Middle_East,-11571.780725106835,2642.257383357874
6,Asia,-11370.016827294634,2642.257383357874
7,Europe,-11571.780725106835,2642.257383357874
