index,0_days,to_5_days_up,jup_to_10_days,than_10_days_more
18_30_to_years,13.847124870429631,57.453011402191976,11.769276848212344,15.738738416230532
31_45_to_years,20.702606681256505,51.40405667604585,15.716495669585427,10.72008107942554
46_60_to_years,40.54051783596212,48.40533030399216,5.907807156341214,3.796343629752144
61_folder_years_and,43.491703916903134,48.47499560475053,6.817341387180505,0.0
