index,15-19_years,20-39_years,40-64_years,65-79_years,80_years_and_older
2016,55.443785943153344,10.794634794132534,0.0,0.0,0.0
2017,66.42765420326475,24.62856417551792,3.981742322535617,0.0,0.0
2018,71.40923411199455,31.56416687404377,6.795692076162517,0.0,0.0
