index,White,Mixed,Asian,Black,Chinese,Other
Remain,46.71026866023266,66.40996240732127,66.4230313854837,72.36973087041423,69.38865047193342,64.34618939378146
Leave,52.37479578297612,32.6065081278404,32.61660605517929,26.629182212564785,29.63369836930549,34.716154712914815
