index,East_Asia,Western_Asia,Asia_(total),Central_Asia,Asia_Southeast,South_Asia
Males,75.56618734752956,72.54388377666258,70.43379815491822,69.51910078190322,68.60272762883572,67.41992371205373
Females,79.36197528349992,76.45873428720758,74.63738967805104,75.508288461792,74.6079242593078,70.46368366021413
