index,Elementary,Secondary,Combined,Other
Public,67626.90134589972,23696.741204984624,6085.2497998825565,0.0
Private,20074.68779791439,2737.4832099786,9497.797994506924,0.0
