index,Go_shopping_(not_food_shopping),Go_coffee_shop_to_a,Go_the_pub_to,Play_games_computer,Watch_sport_TV_on,Have_an_alcoholic_drink_at_home,Watch_films_at_home,Cook_home_and_have_dinner_a_meal_at_as_couple_/family,Watch_TV
2014,30.719664897972407,30.717975611126164,30.70734786475373,30.67719491459056,30.687576648315485,46.61848645638872,30.6907830131547,46.645342837075255,46.62029054913713
2017,30.726700859691192,46.59523826119901,46.64868040865981,46.70350022694667,46.74875835366696,46.63671599356923,46.60320087055676,75.69500828037569,137.10933499091186
