index,Black_tea,Fruit_herbal_and_tea,Specialty_bags,Green_bags
ABCI,47.72114779742997,62.6747259586839,65.70016760886244,58.53139819332424
C2DE,51.43982808798238,36.19962925874364,33.24269402122903,40.31080583558884
