index,France,Germany,UK,Spain,Italy
PET_collection_plastics_rate,43.26519551806005,75.11893672054735,37.296973798612285,40.44848812484723,54.45887390475775
PET_recycling_plastics_rate,20.42587008311212,35.417004655013585,21.526068280341164,30.42308265798076,41.53792334785145
PET_bottles_collection_rate,55.05669829697448,92.94366391850424,52.22014258489766,59.01478751500437,41.62868964465436
