index,>to,Unnamed:_2,>In,Unnamed:_4,Unnamed:_5,Unnamed:_6,Unnamed:_7,Unnamed:_8,Unnamed:_9,of
Men,30.78838057310042,29.86898237245229,30.8144118368988,29.86898237245229,29.86898237245229,29.86898237245229,29.86898237245229,29.86898237245229,29.86898237245229,29.337732702251763
Women,28.764963193527866,27.67849972986232,0.0,27.67849972986232,27.67849972986232,27.67849972986232,27.67849972986232,27.67849972986232,27.67849972986232,28.315723715365102
