index,Reflecting_my_social_status_my_self-image,Driving_myny_should_be_fun,Driving_enjoyment_Driving_should_be_fun,That_it_is_mainly_functional,environmental_friendliness,Sustainability_and_environmental_friendliness,Highest_comfort_when_travelling,Economic_mobility,Maximal_safety
mostly_agree,252368.9939865123,218488.86129690043,364034.7668456083,363783.20203745057,291989.88212020346,291851.55364512955,291507.5388937023,291667.0991812295,219059.24973168652
totally_-_agree,0.0,252591.85378016456,0.0,92692.69860763988,0.0,0.0,363928.261343512,363654.1779463888,363634.4308760652
