index,Sweden,Norway,Finland,Denmark,Netherlands,Germany,United_Kingdom,France,Italy,Spain
Not_all_at,30.22398510047536,100.8943029811104,70.76202683896753,40.45730919192447,40.418459793115744,40.42863925979205,50.52845830637784,41.49322060913392,60.46902562412855,10.022481887916037
Rarely,5.80439886900767,0.0,0.0,0.0,0.0,0.0,0.0,0.0,0.0,0.0
Sometimes,0.0,0.0,0.0,0.0,9.789043947168572,0.0,0.0,0.0,0.0,0.0
Frequently,0.0,0.0,12.439797160732446,9.867934813909976,40.52258167347753,40.52752407242959,40.45114793577828,40.45622427508134,0.0,0.0
Always,0.0,0.0,20.15009355733517,10.281388586406926,9.980746074543164,9.965758149265804,20.12157095958885,10.104594020099093,40.44000409857475,20.11602582905728
