Unnamed:_0,index,2013,2018
0,Offline_sales,98.64925680398584,98.6262990940482
