index,Other,African_American,Hispanic,White
Avid_fan,8.073340056001754,0.0,9.433531810025812,9.410928373302925
Casual_fan,2.055270471117751,10.334815874800398,103.53154673592944,10.246429460031932
Not_all_a_fan_at,7.016043569210353,98.04107058933492,10.181650274677182,137.10361378533185
