index,Precision_Drilling_Corporation,Helmerich_&_Payne_Inc.,Patterson-UTI_Energy_Inc.,Nabors_Industries_Ltd
2018,10733.900557483072,10458.754277244969,2068.825125957009,17381.779021601567
2019,10759.26869601413,19474.195254296013,13969.629765553947,13970.251558402188
