index,U.S_adults,Reddit_users,Reddit_news_users
White_non-Hispanic,64.43071975077584,69.41504900570499,73.37290360403507
Black_Hispanic_non,11.848561436250264,6.876844393712162,8.040897504393342
Hispanic,15.431090259426083,12.477879517556405,7.087152323582345
Other_non-Hispanic,7.82085852667835,10.257230484565753,9.624313794577404
