index,Deloitte,PwC,EY,KPMG
Audit/Assurance/AErs,15.383487486485356,17.18580036621266,12.507205141010402,11.09755005109524
Advisorv(Consulting,18.65164557607033,14.203854654217617,10.1165541022691,11.695229160168068
Tax,8.245611943609056,10.67454234828569,9.626214171935205,6.523939692831796
Otherxx,3.610857600990336,0.0,3.705618650945283,0.0
