index,North_America,Western_Europe,Asia-_-Pacific,Central_and_South_America,Eastern_Europe,Africa/Mideast
2009,2794.8014246893363,2566.5890455599474,5687.652133480457,559.695460630237,695.2196095703875,560.0845308830194
2014,3061.024535354938,2725.7163920131043,7953.195087283912,685.4844989816447,796.4840938592606,724.1373157816506
2019,3528.0747306091307,3097.307126627269,10557.476805415765,805.7788151128007,995.6295833982532,963.5503830163908
