index,Millennials,Generation_X,Baby_Boomers,Seniors
Marketplace,47.61447528810273,55.359003925068926,58.36708857657509,50.55630114242627
Large_retailer,75.4611105415282,75.41371313868567,73.30064883629653,65.56168241859426
Category-specific,45.45596947800566,48.4324041900608,41.71970825932,29.70124784627849
Web-_store,28.80304061907501,36.57377095613125,38.54936181797488,43.76107920275388
