index,Application_developers_software,software_developers_Systems
2010,523.1464772992598,392.3633727277835
2020,667.8125439055883,520.6308364162762
