index,Budget_(with_exhibition),Budget_(without_exhibition)
2011,1.500021551595229,0.8003344176451295
2012,1.898352177221041,0.7791347051010955
2013,1.8988876034750897,0.8011622284031035
2014,1.69309641945598,0.6946337474572168
2015,1.393492611646981,0.5976665151911063
2016,1.500443948517893,0.8005193955965924
2017,1.3942203598902678,0.6955935213939635
2018,1.199685290768744,0.697200488659651
2019,1.2972571438948162,0.6970559029159515
