Unnamed:_0,index,5_000,2019
0,UGG,0.0,890.3484147025556
1,Total,0.0,2123.032943330041
2,Direct_to-_consumer,0.0,732.6115564490692
3,Teva,234.69777119650556,126.63282188657058
4,HOKA,0.0,265.8477004634565
