Unnamed:_0,index,Cocaine,Heroin,(herbal)_Cannabis,Amphetamine_5,(resin)_Cannabis,MDMA
0,Maximum_price,350.69370810708807,199.43147077912383,64.38539986297218,156.01276961003816,34.29824086164649,39.172496247213246
