Unnamed:_0,index,2002,rovers,20,nood,and,not,assor,200,nowe,notho,noto,nownors,zologing,2000,standance,nows,nothers
0,Trade_balance,-12.718700748983338,-43.97788391879902,-3.414410674080216,-30.84240422520503,-26.313929372609778,-82.70761086446822,-20.458238756504784,-21.637505762662958,-56.111148771633054,-74.04355716790838,-31.60750734762144,-63.7577797457746,-83.413079019468,4.897970408801086,-82.86590406924222,-28.29960009350532,-81.31250001507766
1,Total_imports,151.0829029781056,218.8577153583441,140.0100983808093,181.6465185554732,170.5093313525775,269.48796673951364,201.0758611306182,156.17165703428455,229.73970735924928,230.61923628160537,198.4824348243121,233.6950496463516,246.91812905421884,124.06529063965016,275.5666805541517,193.74442701338575,275.7124967341894
2,Total_exports,125.63320779915368,161.42215887749236,124.92081118030192,138.67989121925766,133.29178506612075,174.45093250802913,164.28079674439397,123.20504176015788,161.49561217392855,144.0383149840817,154.1819141521835,158.15068878146124,153.17292524230928,124.06529063965016,180.3306122064962,151.8311577747762,182.14783826861745
