index,Unnamed:_1,a,Unnamed:_3,Unnamed:_4,Unnamed:_5,Unnamed:_6,Unnamed:_7,Unnamed:_8,Unnamed:_9,Unnamed:_10,Unnamed:_11,Unnamed:_12,Unnamed:_13,Unnamed:_14,Unnamed:_15
Total_attendance,2628645.017935674,2413802.1338467607,2628645.017935674,2628645.017935674,2628645.017935674,2628645.017935674,2628645.017935674,2628645.017935674,2628645.017935674,2628645.017935674,2628645.017935674,2628645.017935674,2628645.017935674,2628645.017935674,2628645.017935674
Average_attendance,58027.73512827,45991.451662014704,58027.73512827,58027.73512827,58027.73512827,58027.73512827,58027.73512827,58027.73512827,58027.73512827,58027.73512827,58027.73512827,58027.73512827,58027.73512827,58027.73512827,58027.73512827
