index,Total,Millennial,Gen_X,Boomer,Silent
2003,90.12120164348693,78.96449806116878,86.93147246952316,92.2004940705674,93.00790014286986
2007,89.05570071415853,75.30039792938848,90.16367977807832,93.03511993533732,92.2508901948395
2009,87.03081517556562,76.51178495764516,89.38710645568194,90.1678812715703,90.21174900517651
2011,84.0926034232908,69.30298122120413,85.19140023489673,90.26540387537368,89.3143405119746
