index,Elementary/K-5,Secondary/6-12
Free/leisure_time,17.693016404261982,20.040588272703623
Scheduled_activities,3.96446612112258,4.233970559616218
