Unnamed:_0,index,Q4,o,8,Q2
0,2016,138.313682632957,138.3055072294056,137.31889249817985,147.37747423515236
1,2017,138.313682632957,138.3055072294056,137.31889249817985,147.37747423515236
