index,Regular,Premium
2017,15.65250257199853,17.540854009786564
2018,18.21324978913783,19.78059021295565
2019,19.247282903383244,20.687336968203663
2020,18.824611240550627,20.00913840820288
