index,Meloradio,RMF_Classic,Radio_WAWA,Radio_PLUS,AntyRadio,Radio_TOK_FM,Zlote_Przeboje,VOX,Trojka,RMF_MAXXX,A17,Jedynka,ESKA,Radio_ZET,Radio_RRF_FM
Jun_2019,0.0,0.0,0.0,2.1383572154129737,5.828101468722245,6.564429172884672,5.850315279932786,6.604889432564526,6.5971580154217975,6.597600733582098,6.613485385170506,10.87677386526395,10.876956272746304,0.0,0.0
Jun_2020,0.0,0.0,0.0,0.0,0.0,0.0,0.0,0.0,0.0,0.0,8.668284773041393,8.653614271257403,0.0,0.0,0.0
