index,Flights,Hotel_rooms
Supplier,68.01778018266327,48.994602149160144
OTO,31.824038351878635,51.86213769302967
