index,Onine_pop-_uu_ads,Pre-_roll_video_als,Native_ads,Side_bar_ads,Radio_ads,TV_ads,Billboards,Print_als
Favorable,0.0,39.60273906994372,0.0,0.0,39.580592479679005,99.50844384948006,99.52199315173384,99.52177733260564
Unfavorable,39.5900293927914,99.5616329170882,72.53756287579876,99.54599342135994,0.0,0.0,0.0,0.0
Don't_knowl_opinion_no,82.61997326207951,99.51947723285583,0.0,99.52645439919206,99.51892142469006,99.51671888701188,99.51662428136665,54.66078850257594
