index,Trentino-_South_Tyrol,Emilia-_Romagna,Lombardy,Aosta_Valley,Veneto,Tuscany,Friuli-Venezia_Giulia,Piedmont,Umbria,Lazio,Marche,Liguria,Basilicata,Abruzzo,Molise,Sardinia,Apulia,Calabria,Sicily,Campania
Women,526.8950393178181,527.3577997926295,527.6497701490437,593.2432688690355,609.314973803414,610.7003190080472,628.5711926251945,628.5826316481675,798.4719422788123,983.2433606259042,1798.5696939296713,1798.7794501316712,1798.48154616441,1798.8109533232807,1799.2602561240062,1799.011227982175,1405.989460194341,1795.75153463363,1801.4550192536497,1801.182440182168
Men,0.0,0.0,1801.610271875602,1802.0181005716447,597.355261185927,597.0312982679363,1801.610027190619,800.7736327461912,800.8981162314842,801.5935109542409,801.3729274417267,1798.307208113754,1799.5918654477275,1797.8477508862184,1206.8286073448314,1207.5556887729354,1406.2214215585825,1798.3450119436857,397.7139082003114,1405.596985481005
