index,"Rural_Village,_Hamlet_and_Isolated_Dwelling",Rural_Town_and_Fringe,Urban_City_and_Town,Urban_Conurbation
No_car/van,5.881134286926354,14.914827877394169,0.0,34.177958922763054
One_car/van,5.974112054970263,44.31404468648549,45.06051100157537,34.22489517910696
Two_or_more_cars/vans,35.13835378559337,44.31465008584652,44.31873653153352,44.31491272233404
