index,100_SEK_Below,100-500_SEK,Above_500_SEK
2010,58.46193043318114,21.773969943726986,10.712429380417989
2012,54.485725313980105,18.59958245722349,9.906295410798698
2014,40.5215960776998,12.787744529472356,6.77836659568726
2076,25.69963543334098,8.8415311131712,3.8520237560751127
2018,19.704437477446184,7.81557249752256,4.9268139151450185
2020,11.764203316963377,4.904701038004276,2.7453747682593104
