index,Multiple_times_per_day,Once_per_day,Several_times_a_week,Once_week_a,Less_often_than_once_a_week,Never
18_34_to_years,30.074149615100687,14.090799805862956,14.096897287831553,9.017193459468215,12.05522997542461,20.92515569539114
35_54_to_years,18.09645928537681,5.828820138085959,14.985361385476637,7.912885275114583,20.93082635362194,32.047748703798135
55_and_over,6.925052546321176,1.872177638619689,10.94697197775131,3.872720822638385,18.98731495094957,57.313627287857805
