Unnamed:_0,index,the,a,I,go,write,th
0,Saint_Petersburg,89198.94081531896,48574.27874304331,741928.6030685101,1066421.192187879,347819.94932514447,214845.6977554846
1,Sverdlovsk_Oblast,70856.45330234431,84343.93545434857,70279.75080893899,1066421.192187879,347819.94932514447,741928.6030685101
2,Nizhny_Novgorod_Oblast,70856.45330234431,240105.0690421454,83082.99149264861,1066421.192187879,347819.94932514447,741928.6030685101
3,Moscow,419957.1596556897,1066421.192187879,741928.6030685101,220924.28882997655,347819.94932514447,710062.0173722039
4,Moscow_Oblast,111884.55146753276,1066421.192187879,136638.060735811,79667.96929160238,347819.94932514447,741928.6030685101
