index,Adult_population_who_are_not_obese,Adult_population_who_are_obese
2012,65.11568542035425,34.95666782464208
2030,55.93245143395957,43.92589324937093
