index,YouTube,Facebook,Twitter,Linkedin
2016,29.952622784341862,28.972011392440294,39.98670672457465,29.96483634590709
2017,59.91328618208689,39.996179474033454,59.91100329436188,59.89315097766856
