index,60-64_years_old,65-69_old_years,70-74_years_old,75-79_old_years,80-84_old_years,85_years_and_older
Rural,18.684918372716822,30.835517231823303,51.21839965785193,73.66214707052862,121.51423945622,218.2922937547979
Urban,14.577381715934251,24.888426190325845,40.8090533246444,60.84377666782183,96.12884148768129,193.5163170286372
