index,France,Germany,Great_Britain,United_States,Australia
Very_important,10.050827605895066,19.939976146174075,39.8542733215155,39.92074301169786,29.95544615342952
Important,11.255490949876496,18.54814941025534,0.0,0.0,0.0
