index,Sony,(facebook)_Oculus,HTC,Microsoft,Others
2018,42.5619136185986,19.147780499236045,12.72023794947959,3.0602180064612696,21.236847545249063
2019,36.30724548876055,27.961234690373534,13.17270186896036,0.0,21.535425622849164
