index,Army,Navy,Marine_Corps,Air-_Force,Total_DoD
Women,26.84534285630509,18.88011161352046,10.46919001779079,25.411355966529584,22.62336642143241
Men,19.24659782650944,19.51552585801871,11.286077154346197,23.453131936209548,18.970432100070305
