index,We_experiencing_are_major_decline,We_experiencing_are_decline,No_change,Sales_have_increased,Sales_have_increased.1
B2B,37.78925854325453,18.845094726469867,28.39435342264198,4.615607007543858,4.615607007543858
B2C,41.39145921843345,30.27212639785189,16.497341503910988,11.007117596728136,11.007117596728136
