index,Female,Male,All
New_cases,2742113.555618612,2686178.4424367114,5442798.538294374
Deaths,855997.3118523629,946693.8129881936,1817591.70674562
