index,Family,community_Local,State
Very_likely,4.852769699371784,5.867796046601264,17.80993740093545
Somewhat_likely,7.806945763977488,17.79148005918639,28.70281870463827
Somewhat_unlikely,23.753269720366724,27.61212408386096,18.82703024216101
Very_unlikely,43.614445930969765,28.710975438649196,15.869586021852264
Don't_knowl_opinion_no,18.83932451591297,18.84190535753362,17.82121208293605
