index,Heavy_buses_and_coaches,commercial_vehicles,commercial_vehicles.1,Passenger_cars
2017,0.0,20253.81191447912,20253.81191447912,73186.9235144538
2018,0.0,73268.08201143263,73268.08201143263,73253.11451122203
2019,0.0,101453.65458748274,101453.65458748274,0.0
