Unnamed:_0,index,Feb28tomari,Apr1610Apr17,Ind,Mar19tomar20,Mar12tomaris,Mar26100MAR27
0,Not_all_at_scared,27.39035043120443,9.480445407817092,8.548228152033609,14.55687011998446,19.471296180297355,8.49615540132828
1,Fairly_scared,20.508981154778624,43.26819180826178,44.291868160927855,38.00933797526631,32.3243344936937,43.27831242311002
2,Not_very_scared,45.24679290114318,32.35706551568225,30.42641200302955,38.00933797526631,42.36590876540971,30.37152769734938
3,Very_scared,6.629391034764673,15.492174187873196,17.546074080664226,12.424502283804728,8.543199794097838,20.45957249987113
