index,Hospitality_and_tourism_average,Waiters_and_waitresses,Bar_staff,Kitchen_and_catering_assistants,Leisure_and_theme_park_attendants,Other_elementary_services_occupations_ne.,Cooks,Housekeepers_and_related_occupations,Chefs,Catering_and_bar_managers,Publicans_and_of_licensed_managers_premises,Restaurant_and_catering_establishment_managers_and_proprietors,Leisure_and_travel_service_occupations_ne.,Conference_and_exhibition_and_managers_organisers,Hotel_and_accommodation_managers_and_proprietors
2011,20421.56031676504,20382.25775447243,20389.073938102872,12997.857140606236,13288.775513419656,15270.948814021864,15314.49297740859,16709.28645933452,16716.077432854447,19977.610270599023,21862.1826283431,25309.602215968716,20389.80503130781,25409.613875644834,52587.676037474834
2012,20463.229478182227,20394.58549851418,20398.653780098502,13304.232462429056,14628.311584360908,13304.834353817598,16799.803361137987,16797.3264677799,19981.773090097788,16721.982901242543,25316.70516460626,16720.158319494036,14632.88721941935,21871.960999959032,25315.6810038666
