index,Total_women,Democrat)_Democratic-_-leaning,"""Republican-_-leaning_Republican)"
Yes_overturn,27.5651985458812,13.762550318177489,48.46606984953316
No_do_not_overturn,67.16755714592877,82.16905996317713,47.51677918098311
