Unnamed:_0,index,Unnamed:_2,the
0,National_average,50.57970249647097,87.50115350620437
1,45-64,56.58877724272335,87.50115350620437
2,18-24xk,32.01878712604319,87.50115350620437
3,65+,65.23925841862813,87.50115350620437
4,25-44,42.10755521126359,87.50115350620437
