Unnamed:_0,index,Jun2020,Feb2020,Apr2020
0,55_above_or,50.296173299653184,91.38033335009187,53.286720121893495
1,18-34_years,71.03538272212205,91.38033335009187,70.0991000661736
2,3335-54_years,64.13600238061915,91.38033335009187,64.1734219452684
