Unnamed:_0,index,for,SENTERTION,any,the,Ind,In,I,SUNGERSONSES
0,from_China_charter_flights_Returnees_on_government,-19072353.792707067,-1720826.059286354,14119436.22689825,-18901201.91698127,14119436.22689825,-3064325.815336112,-862139.041940962,14119436.22689825
1,Total,-19072353.792707067,-2808454.4242538484,14119436.22689825,-18054616.27663372,-862139.041940962,-1720826.059286354,-3064325.815336112,14119436.22689825
2,Patients_in_Japan,-19072353.792707067,-4383350.511716807,14119436.22689825,-18054616.27663372,-2577901.8171550594,-3309994.914583074,-3064325.815336112,14119436.22689825
3,Airport_quarantine,-19072353.792707067,-17773190.479560442,14119436.22689825,-18903436.798777305,-862139.041940962,-17975026.830854513,-3064325.815336112,14119436.22689825
