index,Family_dining,Casual_dining,Fine_dining,Quick_service,Fast_casual
Very_active,31.651828300528308,33.716348651007934,39.614717310841314,38.50354117316067,28.57275582434028
Somewhat_active,47.10471404954269,53.897124808318296,42.88279740808152,41.76798437054197,50.27428021741672
Not_active,20.378741033910277,11.35960260278152,15.827295854577358,16.870395261929445,19.261895144047827
Plan_be_in_2015_to_more_active,40.19518399814884,45.27427346771175,49.8958361705255,46.290485226761895,46.12888140792175
