index,Mercedes,Lexus,Alfa_Romeo,Jeep,Honda,Skoda,Subaru,Jaguar,Volvo,Mitsubishi,Land_Rover,Seat,Audi,Renault,Mazda,Hyundai,Mini,BMW,Suzuki,Fiat,Citroen,Toyota,Kia,Volkswagen,Nissan,Peugeot,Vauxhall,Ford
July_2014,0.0,175.12587486136073,175.34274167845894,175.05834002626176,175.1155964355375,175.4447929016713,175.23468275519184,175.24405285501206,175.53889228847157,175.39290677069386,175.3512193878201,175.38999056615802,0.0,149.7424975459262,149.82533050318068,0.0,0.0,157.8218342448464,157.5952945525936,157.91644356905192,0.0,0.0,0.0,232.64526841830167,232.82411302762583,0.0,498.4988080213154,498.4299186649839
January_2017,0.0,0.0,0.0,95.77969429252562,95.68076643591996,175.230300480616,175.23012518963293,0.0,0.0,0.0,157.82427238306502,157.8687644216673,157.8654657640775,149.6592343289861,158.14309481011207,157.8936238701699,157.99309353526849,158.05315460027282,157.88474777221097,158.10963016789685,158.03106793641075,158.09707295929422,157.95515100521413,232.92523998929124,232.8742621843168,232.86678841422216,232.9580353386621,0.0
