index,Dvortsovaya,Volzhanka,Karachinskaya,Frutoyanya,Evian,Vittel,Chernogolowk,Piligrim,Edelweis,Christaya_Voda,Senezhskaya,Perrier,Shishkin_Les,Rodniki_Rossii,Obukhovsk,Svyatoi_Istok,Lipetskaya,Narzan,Slavyanovsk,Novoterskaya,BonAqua
2012,0.0,0.0,0.0,0.0,0.0,4.942307926283458,39.51092638427084,4.938528632684385,39.53138171582319,4.940512245823765,4.941674604016068,0.0,0.0,0.0,0.0,0.0,0.0,0.0,0.0,0.0,0.0
2013,0.0,0.0,0.0,0.0,0.0,0.0,0.0,4.959791097074945,4.923700418362042,4.931992268905812,4.950707322117918,0.0,0.0,4.954334531467538,4.9516274318271485,0.0,14.855543861966597,14.85907221655406,18.818801828139584,18.79650193190449,18.82074524758447
