index,do_not_binge-watch_online_series,Less_than_one_hour,1-3_hours_ata_time,3-5_hours_ata_time,5-7_hours_at_a_time,7-10_hours_at_time,More_than_10_hours_at_a_time
Male,19.395057830374657,15.337504431296615,38.9083711022565,16.309117248200756,6.947592844651716,2.245365348292097,1.9117742130111
Female,15.95851493573604,13.017091831471305,38.70378681258632,19.103897102635397,5.975184738958333,2.973694822932572,2.518494528325597
