index,Thailand,India,Argentina,China,Spain,France,Taiwan,Japan,Colombia,Mexico,Italy,Russia,Germany,Brazil,New_Zealand,Netherlands,Ireland,LUSA,Canada,Finland,South_Korea,Hong_Kong,United_Kingdom,Australia,Sweden,Denmark,Singapore,Norway,Switzerland
Away,173.19830586607063,173.23797890510025,173.21311844656523,173.20984353399686,173.2072971089938,173.25167578391824,173.21111018354736,173.1853309118669,165.10402146137494,165.14132527507954,165.16956565339953,165.08187806457,173.1936461708331,169.43245174524617,169.49694586510458,169.50415198534515,169.5123753629968,172.88800297800466,173.09650136955662,173.1391933660641,165.12030414290223,169.4018618304543,165.0192740746108,165.09804917592962,165.08636056012952,165.06657982569854,173.170800538267,276.587380967757,173.85076164359396
At_home,0.0,0.0,165.1306473537394,165.07573514239766,173.8582959113865,165.12580389587274,173.11086766938058,165.13104113080172,165.14198157018342,165.13295751250504,173.18789046277206,165.120094128469,142.23443412398515,142.23457850890802,165.1289541123714,173.1536056065453,165.1951939772061,173.11229839270703,142.2580148070676,165.1339157033567,142.2508283756801,165.13048327996344,165.13684277952004,165.14817699596406,165.09974241729765,165.10904211891963,165.14843951400562,173.89846773469506,173.85693738052146
