index,United_States,Turkey,South_Africa,Saudi_Arabia,Mexico,Israel,Indonesia,India,Germany,France
Popular_culture,30.102739690774712,30.088148251086,30.119057912832236,3.2410392604945173,0.0,0.0,0.0,0.0,0.0,0.0
Religion_faith,0.0,0.0,30.04320558746629,49.15781658534577,49.17965742284808,50.00136907335352,49.99816255944661,0.0,0.0,0.0
Professional_experience,0.0,19.927946081156197,0.0,0.0,0.0,0.0,0.0,0.0,0.0,0.0
Education_family,56.84717075329916,51.39625923867169,49.16933790377371,37.545097070388906,37.52976447820805,39.88032703353716,39.87333498033887,50.04348866654313,50.01766413439565,39.86359963354127
