index,England,Wales,Scotland,Ireland_Northern
By_second_birthday_(first_dose),90.79576166161527,94.51820949023114,94.08113254340958,92.50589835466396
By_dose),94.46379498279336,96.96925960310712,96.9171373384602,96.45090998331668
By_fifth_birthday_(first_dose)_and_second,86.69400016879804,92.03608743936216,91.87073703081776,90.45609576557882
