index,Rise_of_foreign_markets_new,New_and_emerging_technologies,Online_or_--_commerce,Regulation_and_legislation,Change_in_profile_customer_or_demographic',Sustainability,Rising_expectations_of_service_customer_standards,Social_media,Changes_in_customers'_and_tastes_preferences,Changes_spending_in_customer_patterns
Drivers,11.07206752196031,11.04739151829818,11.067853546244963,19.113945015471167,28.176625684557628,19.130015493361284,19.13208491741598,28.154056668753164,32.19268796670891,32.1853391208909
Barriers,4.9487066270402735,4.935262200467093,0.0,28.142391400484435,28.16366617253192,0.0,28.147940598650912,28.14913581056369,0.0,0.0
