index,Hourly_employees,Salaried_employees
Five_to_ten_years,15.130835236811308,32.176534995057054
Less_than_one_year,3.8098773528170815,0.0
More_than_ten_years,4.267449589460298,8.995317029339006
One_to_two_years,16.163577926026946,0.0
Two_three_to_years,26.984027379352582,15.17159573477528
Three_five_to_years,33.3723196761286,39.2252309449128
