index,Nunavut,Yukon,Northwest_Territories,Prince_Edward_Island,Newfoundland_and_Labrador,New_Brunswick,Nova_Scotia,Saskatchewan,Manitoba,Alberta,British_Columbia,Quebec,Ontario
Male,0.0,0.0,0.0,0.0,0.0,0.0,302.25621897980744,0.0,301.51502144756824,221.60475079256852,505.06985740559134,504.9320985474332,505.0764859130633
Female,302.42869600415094,301.6866563254705,505.25665091943375,302.6849258503641,505.1839274993412,301.5826376569856,302.36338890594305,302.3823507838753,301.5724232356353,221.78662725783545,505.0664616538126,504.98787037464655,505.11685461020846
