index,Consumer_shipping_(overall),UPS,FedEx,U.S_Service_Postal_(Express_&_Priority_Mail)
2017,80.53159126109196,80.46945300418601,81.4307400447406,74.27877171502234
2018,80.5453175944088,81.39941327916594,80.49002580545894,75.54459537553295
2019,77.3782560233114,78.20896398268822,78.44054635768501,73.46129389895019
2020,76.41747471488458,79.32561097868114,75.48152676235422,71.3726392955056
