Unnamed:_0,index,Unnamed:_2,the,I,OSSSIS,SSIS,in,FFI,RE,SPSIS,ca,sp,SSSS,Ind,Fr,for,SISS,a,ESSIS,SILLES,State
0,Current_projection,-370659.222694242,-869097.0852532825,-828842.7890045769,-787366.7762656582,655807.6621943808,-374707.92551340966,33680.344569485955,655807.6621943808,655807.6621943808,655807.6621943808,655807.6621943808,655807.6621943808,655807.6621943808,655807.6621943808,-440002.3613962326,-543281.9570838007,655807.6621943808,655807.6621943808,-845212.1492384749,655807.6621943808
1,Universal_masks,-571858.5115997122,-911920.3938117285,-828842.7890045769,-787366.7762656582,655807.6621943808,-527232.4139559149,33680.344569485955,655807.6621943808,655807.6621943808,655807.6621943808,655807.6621943808,655807.6621943808,655807.6621943808,655807.6621943808,655807.6621943808,-697220.128006355,655807.6621943808,655807.6621943808,-895645.9437845079,655807.6621943808
2,Mandates_leasing,-370659.222694242,-758860.268511324,-435387.100175767,-787366.7762656582,655807.6621943808,-527232.4139559149,33680.344569485955,655807.6621943808,655807.6621943808,655807.6621943808,655807.6621943808,655807.6621943808,655807.6621943808,655807.6621943808,3838.467876649782,-10262.89180671866,655807.6621943808,655807.6621943808,-698756.2345561879,655807.6621943808
