index,CSX_Corp.,Union_Pacific_Corp.,BNSF_Railway_Co.,FedEx_Corp.,UPS_Inc.
2015,11670.116391710922,21575.579159506786,0.0,0.0,0.0
2016,11683.269482589923,21602.92220594177,0.0,0.0,0.0
2017,11685.270193304676,21204.00677612971,21199.701110370108,21215.90881432334,0.0
2018,11675.242300184487,21211.19181022941,21214.05657484167,21207.85485841686,21214.209913984043
2019,11673.876851630994,21202.2762343801,21205.562073145207,21201.577689398186,21216.27147356482
