index,U.S_adults,Reddit_users,Reddit_news_users
18-29,22.023553407328905,57.87139644111768,55.465406894185335
30-49,33.37535840643292,32.6885178819591,35.613048301037594
50-64,25.38393019987372,6.930913126575447,8.040949213001042
65+,18.15345314751164,0.0,0.0
