index,Under_18,18-24,25-34,35_older_and,Not_stated,82_ted
Groom's_age,0.0,175520.32688140392,463104.6784832822,298932.00847722613,0.0,0.0
Bride's_age,0.0,293425.2721343549,391406.8285132904,248712.65922899757,0.0,0.0
