index,Unnamed:_1,(ob,Unnamed:_3,Unnamed:_4,Unnamed:_5,Unnamed:_6,Unnamed:_7,Unnamed:_8,Unnamed:_9,Unnamed:_10,Unnamed:_11,Unnamed:_12,Unnamed:_13
Musicals,780.8483765709459,821.8446496958893,780.8483765709459,780.8483765709459,780.8483765709459,780.8483765709459,780.8483765709459,780.8483765709459,780.8483765709459,780.8483765709459,780.8483765709459,780.8483765709459,780.8483765709459
Plays,146.5267049977474,115.18075777850322,146.5267049977474,146.5267049977474,146.5267049977474,146.5267049977474,146.5267049977474,146.5267049977474,146.5267049977474,146.5267049977474,146.5267049977474,146.5267049977474,146.5267049977474
Specials,48.39174832385152,0.0,48.39174832385152,48.39174832385152,48.39174832385152,48.39174832385152,48.39174832385152,48.39174832385152,48.39174832385152,48.39174832385152,48.39174832385152,48.39174832385152,48.39174832385152
