index,Democrat,Republican,Independent
A_deal_great,16.011799879934202,49.58721899211392,28.68297439790912
A_fair_amount,23.85895476669012,30.94132118978969,32.68821754823641
Only_little_a,40.98676718146143,16.110586101002596,28.297275707448986
None,17.57204560175701,0.0,8.654986772764858
