Unnamed:_0,index,1993,19,coist,eors,cole,ago,each,eads,LOSS,edis,coll,200,coro,ong,2019,the,and
0,Mexico,11.361212896579104,12.367296264847935,25.07384585199668,25.29218134514565,23.10206589084771,25.41198956674964,15.58136638249198,18.706315173368807,11.324882434875803,26.915764988060687,22.74740298557913,17.336574465137915,22.468869445853898,27.22951203354694,30.95291406089541,30.886837298833143,17.5586723361979
1,Canada,100.5214567603942,76.13742673191553,284.5170800567149,332.6472700898672,225.5734337907832,233.24545143574767,176.40955982015538,104.32028270742774,83.60051482850872,392.638591636131,216.2463813750536,212.13516048709567,203.17094239116017,465.5121481818419,508.168666226008,454.9942737636969,177.55878991050758
