index,New_Jersey,Massachusetts,Connecticut,Texas,Georgia,Maryland,Arizona,Michigan,Florida,Indiana,North_Carolina,New_York,Pennsylvania,Ohio,Minnesota,All_known_deaths,Louisiana,Illinois,Virginia,California,Washington,Wisconsin,Tennessee,Colorado,Iowa,Nevada
Percentage_of_COVID-19_deaths,5.314073268479413,0.0,0.0,0.0,0.0,0.0,0.0,0.0,0.0,0.0,0.0,0.0,0.0,0.0,0.0,0.0,0.0,13.918102004786189,13.91800474786262,13.922491981094788,13.918914076143068,13.918434977997418,13.920940182201026,13.916807002498494,0.0,0.0
Percentage_of_population,9.6553573952392,9.65349705713964,9.649571806032323,9.652907287322344,6.154426267993129,6.154699353936151,6.158058790133451,6.155077841471213,6.155005976749367,6.155864999724519,6.155231631975967,6.157125027847579,6.155686296116189,6.1591679023406325,6.153051256315111,9.651109231981716,6.153453698757458,6.154436808152335,6.151275239489186,13.924493653147316,13.924979458667003,13.923270515581468,13.91908894696623,6.152705347453951,6.156469142486182,9.658210424696552
