Unnamed:_0,Labels,Values
0,0,0.514747315353006
1,0,0.4852526846469937
