index,Mitsubishi,Lincoln_(Ford),Kia,Acura_(Honda),Volkswagen,Volvo,Mazda,GMC_(GM),Automobiles_and_light_vehicles_(average),BMW,Honda,Infiniti_(Nissan),Subaru,Audi_(Volkswagen),Ram_(Fiat_Chrysler),Mercedes:_Benz_(Daimler),Toyota_(Toyota),Cadillac_(GM),Lexus_(Toyota)
2020,0.0,0.0,0.0,0.0,0.0,0.0,0.0,0.0,0.0,81.91227318927551,81.91189195187422,0.0,81.92985095659952,81.8671101728435,0.0,0.0,82.09916120963904,82.09605004013203,82.06704876639064
2019,0.0,0.0,0.0,0.0,0.0,0.0,0.0,0.0,81.91531628067514,81.9260998528832,81.88868412507037,81.938653455883,81.91475123238394,81.9132535140217,81.8954578967541,0.0,0.0,82.03944309385042,0.0
2018,0.0,0.0,0.0,0.0,0.0,0.0,0.0,0.0,0.0,81.87660026101146,81.89936558011738,0.0,0.0,0.0,0.0,0.0,82.11285171703197,82.13285987278924,0.0
