index,Christian,Muslim,Hindu,Jewish,Sikh,Buddhist
Remain,42.0730907519288,70.00215546175987,70.02151047844998,45.87041849430329,48.07431193504189,50.97642785548108
Leave,57.95050162303328,29.957372617175643,29.97938333931052,54.07107138587732,51.92046493236596,49.0334114964091
