index,Desktop,Smartphone
Holiday_season_total,197.31666449952985,82.68098108961362
Thanksgiving,282.1682904618212,122.21180147872042
