index,Current_smoker,Used_to_smoke_cigarettes_regularly,Never_regularly_smoked_cigarettes
Men,18.045238689599103,28.06670182878638,54.38268624995993
Women,14.918853533582578,22.94854771703624,62.473485139147776
