index,Unnamed:_1,at,Unnamed:_3,Unnamed:_4,Unnamed:_5,Unnamed:_6,Unnamed:_7,Unnamed:_8,Unnamed:_9,Unnamed:_10,Unnamed:_11,Unnamed:_12,Unnamed:_13,Unnamed:_14,Unnamed:_15,Unnamed:_16,Unnamed:_17,Unnamed:_18
Facebook_fans,10.076766853208085,80.48619955965677,10.076766853208085,10.076766853208085,10.076766853208085,10.076766853208085,10.076766853208085,10.076766853208085,10.076766853208085,10.076766853208085,10.076766853208085,10.076766853208085,10.076766853208085,10.076766853208085,10.076766853208085,10.076766853208085,10.076766853208085,10.076766853208085
Twitter_followers,29.51097071950636,21.31946978888692,29.51097071950636,29.51097071950636,29.51097071950636,29.51097071950636,29.51097071950636,29.51097071950636,29.51097071950636,29.51097071950636,29.51097071950636,29.51097071950636,29.51097071950636,29.51097071950636,29.51097071950636,29.51097071950636,29.51097071950636,29.51097071950636
