index,Other,Flowers_and_gifts,Home_and_furniture,Technology_(including_phones_and_computers),Groceries_food_and_drink,"Books,_CDs_and_other_physical_media",Toys_and_baby_equipment,Health_and_Beauty,"Fashion,_clothing_and_accessories"
Male,6.835763028507557,28.64721868298797,29.72450774245492,48.48588171227719,48.48185349915188,48.47270794412613,29.721886537795115,90.65818292673394,48.47023265145533
Female,6.854491874526104,29.717717623823265,29.728989324974663,34.52749789600123,34.54206825033285,34.53167723225801,90.65233081374596,29.69150036608275,34.52179169500226
