index,Kidney,Liver,Heart
2017,15.737571477879296,2.4862121271858406,0.7566186423854546
2018,12.712868566010965,2.0840172453028813,0.707303661064639
2019,16.01696124740932,2.9592069134306342,1.345819784786478
