index,60+_hours,50_to_59_hours,41_49_to_hours,40_hours,Less_than_40_hours
Paid_salary_a,24.69106098367022,24.68039651144421,8.82490488524352,36.56513903407737,2.872951516046257
Paid_hourly,8.79518443369065,16.708923178792666,11.72731581202992,55.29050062136468,7.782594387542943
