index,Mothers,Fathers
1989,89.49649314317963,9.684092469732704
2012,83.44522469596478,15.644744149391355
