index,United_States,Canada,Australia,China,India,United_Kingdom
2013,709.0465565419861,706.2104645453621,818.0261689395064,903.7872328916916,1023.8891906305416,837.4681024702836
2014,758.572072478758,1076.5921519483418,904.0877610974586,728.2481132506465,953.7178558181624,934.1945578207178
