index,Europe,The_Americas,CIS,Arab_States,Asia_Pacific,Africa
Male,84.37647060968179,77.07459018896265,72.97869470245546,58.06533278219413,54.37585536333032,33.59595085867882
Female,79.57523391894152,76.31299268130284,70.27732115358235,43.73010646496309,41.26540223667115,22.290384428707316
