Unnamed:_0,index,"March_9th,_2020","March_16th,_2020"
0,Increased,46.48405574310742,38.91655545487906
1,Unchanged,41.85671263749832,44.50313050472703
2,Decreased,9.956475951155,14.717341590237467
