index,Army_Size,Total_Casualties,Killed,Wounded,Missing_or_captured
Union_States,96616.52860962338,16931.327202326094,1688.1974781643512,9367.817633446422,5802.33351119532
Confederacy_States,56929.98039713633,13248.146002813446,1594.8912711615412,9111.045799936664,2476.4437494828308
