index,Other,Guys_getaways,Required_travel,Spring_break_trip,"Wedding,_graduation,_fother_or_event",Weekend_getaway,Girls_getaway,Family_reunion,Holiday_travel,Romantic_getaway,Celebration_vacation,Summer_vacation,Solo_vacation,Family_multi-_gen_trip_or,Bucket_list_trip
2019,10.944656559305717,0.0,0.0,0.0,3.975370088721384,3.9905049816746008,0.0,4.988151228724608,0.0,0.0,9.93560060118074,9.930072345412755,9.9520234040552,0.0,23.922105256584825
2020,7.932196225955597,7.933724155453067,7.928137358325028,7.9291403669606595,4.984402630302334,3.988118445562975,3.991324560715391,4.982377099244385,4.987417510345232,9.94028781274258,9.940408798220028,9.93878915392514,7.925602517434591,34.21586384996864,9.941901602901464
