index,16-24_years,25-34_years,35-44_years,45-54_years,55-64_years,65-74_years,75_years_and_pover
Men,21.9180209872879,26.915834901382997,20.95998736256756,20.956041042306197,15.992407469723895,9.958575866100764,2.964703668466516
Women,15.990747224160057,21.89820881947189,15.974012409256574,17.94033445747592,14.928421692014664,8.877730107661314,5.981542500488075
