index,Phone,Desktop,Tablet
2015,52.44761869476373,28.810606505376494,17.756977191567458
2016,59.64544586595379,22.870589576463686,16.859300214603905
2017,66.46005261072905,23.73461392673828,8.669783030617381
2018,70.8793903311398,19.514145902148613,8.514114552310062
2019,76.04355005571722,15.946174037203718,6.988756807902433
