index,Unnamed:_1,Unnamed:_2,it_a,Unnamed:_4,>_or,Unnamed:_6,aftaic,Unnamed:_8,Unnamed:_9,of,>In,of.1,Unnamed:_13,Unnamed:_14,Unnamed:_15,Unnamed:_16,so_Sti,Unnamed:_18
2018,348.1256884152856,348.1256884152856,496.6073809617512,348.1256884152856,248.2709955628846,348.1256884152856,0.0,348.1256884152856,348.1256884152856,197.66893939872443,0.0,197.66893939872443,348.1256884152856,348.1256884152856,348.1256884152856,348.1256884152856,146.76969351561183,348.1256884152856
2019,496.4260304506903,496.4260304506903,447.5694982611568,496.4260304506903,298.69275393160945,496.4260304506903,147.23677534093002,496.4260304506903,496.4260304506903,146.45023481226923,248.60754065061397,146.45023481226923,496.4260304506903,496.4260304506903,496.4260304506903,496.4260304506903,99.94401172433686,496.4260304506903
