Unnamed:_0,index,and,won,soreted,resses,20,alless,seeves,corens,evers,scoves,easses,corsis,ELESTOR,assinces,evists
0,Offshore,4039.5846786848415,8987.787744934853,6705.138683222955,12163.829910570872,4765.196145080998,5902.511421830262,5379.40963909743,4449.672082012534,2663.1893916406843,6148.212348237954,9473.789810088936,2895.740246920293,7209.852953723552,8113.057436535513,4031.933214861521
1,Total,56282.86911188228,44937.297612738,42317.81120842396,36029.080856438086,32206.034721516982,27950.92440041402,27482.85104200461,44978.981855919366,51457.40357210071,32206.973508129988,37079.04662690176,46301.72866437576,33546.98904928356,43400.90273508951,58998.50350002413
