index,China,Vietnam,Japan,India,Pakistan,Egypt
2009,41.98498172244808,9.003117208776203,5.874261435015256,4.822110961759265,4.834079392641812,0.0
2010,47.98767759563112,12.915913141970051,9.04193524289198,5.877412275240971,4.897667634174354,2.0082280978161293
2011,51.87975496860023,15.998482517251496,9.065689562276276,9.073197609766254,4.86344490608046,1.9422033123307043
2012,63.86961473934485,18.80134140871725,9.007228380657608,13.968889024252448,8.976180302665185,1.9895532185942104
