index,Spain,United_Kingdom,Italy,India,Germany,South_Africa_/Africa_(Vodacom_Group)
Mobile_market,16.192639803925275,16.201885866384764,20.363121307080963,29.96122238373008,30.229543037648117,68.40660572367057
Fixed_market,0.0,0.0,29.954395006261056,29.984496819134275,30.151468672720064,0.0
