index,CSC,SAP,Capgemini,Deloitte,Intel,Fujitsu_Limited,Oracle,Lenovo,EMC,Hewlett_Packard_Enterprise,Cisco_Systems,Accenture,Dell,Microsoft,IBM
from_financial_Revenue_services,0.0,0.0,0.0,0.0,0.0,0.0,0.0,0.0,0.0,59.91352616228151,0.0,49.81166966247488,0.0,0.0,0.0
Total_revenue,9.96860867142469,23.38107914929236,59.67896260784615,37.3914279130953,49.80409589094239,45.86909101810065,37.34834529109499,49.82659972044348,51.860326368716,59.67013682751551,49.79595489476661,49.81031185011632,49.805556567873566,59.6702720209538,59.67733440861099
