index,Republican_Senate,Senate_Democrat,House_of_Representatives_Republican,House_of_Representatives_Democrat
For,77.72695229656185,74.57864336625273,68.73335879804951,68.36696483425985
Against,21.17815627906866,24.32355722618925,30.130626843187613,30.470539091219507
