index,Unnamed:_1,Unnamed:_2,Unnamed:_3,Unnamed:_4,Unnamed:_5,Unnamed:_6,Unnamed:_7,Unnamed:_8,Unnamed:_9,Unnamed:_10,Unnamed:_11,Unnamed:_12,Unnamed:_13
Residential,55.25016854315652,55.25016854315652,55.25016854315652,55.25016854315652,55.25016854315652,55.25016854315652,55.25016854315652,55.25016854315652,55.25016854315652,55.25016854315652,55.25016854315652,55.25016854315652,55.25016854315652
Commercial,34.24173204178683,34.24173204178683,34.24173204178683,34.24173204178683,34.24173204178683,34.24173204178683,34.24173204178683,34.24173204178683,34.24173204178683,34.24173204178683,34.24173204178683,34.24173204178683,34.24173204178683
Wholesale,3.2286287683778028,3.2286287683778028,3.2286287683778028,3.2286287683778028,3.2286287683778028,3.2286287683778028,3.2286287683778028,3.2286287683778028,3.2286287683778028,3.2286287683778028,3.2286287683778028,3.2286287683778028,3.2286287683778028
Interchange_sales_power,2.665241198116078,2.665241198116078,2.665241198116078,2.665241198116078,2.665241198116078,2.665241198116078,2.665241198116078,2.665241198116078,2.665241198116078,2.665241198116078,2.665241198116078,2.665241198116078,2.665241198116078
Other,6.975558601738342,6.975558601738342,6.975558601738342,6.975558601738342,6.975558601738342,6.975558601738342,6.975558601738342,6.975558601738342,6.975558601738342,6.975558601738342,6.975558601738342,6.975558601738342,6.975558601738342
