Unnamed:_0,index,2002,now,2001,nottons,2004,200,20,notho,2005,nont,and,not,astive,2000,2007,assid
0,Male,30502.89049693456,40761.44257598836,30023.70652899493,39181.8141326077,31924.19068137077,31001.45433255132,34220.89181090336,41555.4281504629,32912.72510213734,37789.34565877485,41637.78709368504,36600.55260534461,42784.1743241588,29073.612435466373,35598.983989155364,43954.15673033926
1,Female,18707.113599694305,27723.15785031891,18239.963112758094,26372.041006141422,19838.67692367201,19279.99403380803,21748.057617707756,28996.054870211883,20797.792098722308,25441.687213301917,29768.597610827288,24689.02982568522,31145.722773681475,17378.367045052953,23119.692770417063,32155.83628956778
