index,Less_than_once_a_week,Once_week_a,More_than_week_once_a
Men,25.180125377981085,35.14114002061508,22.100991929562117
Women,44.20653046424971,35.15642887114208,21.083307773526045
