index,UCL,UEL,Premier_League_(other),Premier_League_(relegated),Championship_with_parachute,Championship_without_a
Commercial,207.55671462005927,147.76526980779408,23.957420737992265,10.118935812153609,9.066816795273212,9.196406114164349
Broadcasting_fother,18.604818435968696,16.350731513573407,0.0,0.0,0.0,16.840857258519122
Broadcasting_UEFA,89.30529231060171,38.27470283279587,0.0,0.0,0.0,0.0
Broadcasting_PL_central,142.02623719175995,138.5086244403987,109.4824151954565,110.83309313805222,32.27043768387864,39.26070852001067
Matchday,81.11676982139295,79.15174140517348,14.977276539905231,0.0,0.0,0.0
