index,Unnamed:_1,C,Unnamed:_3,Unnamed:_4,in,Unnamed:_6,ICC,Unnamed:_8,Unnamed:_9
2000,11.898452267014136,4.369497433340605,11.898452267014136,11.898452267014136,23.974925833848403,11.898452267014136,32.17963788019995,11.898452267014136,11.898452267014136
2015,43.94045330892723,4.063832389031397,43.94045330892723,43.94045330892723,17.779362211607307,43.94045330892723,31.835150868404888,43.94045330892723,43.94045330892723
