index,At_night,After_dinner,At_dinner_time,the_afternoon_In,At_lunchtime,In_the_morning,As_wake_up_soon_as
Pay_TV,24.804635403703912,65.5796758350777,65.53648664996197,46.35479931065871,25.071647319432145,24.66308841158991,25.05771572406121
SCOD,0.0,60.02970751582304,0.0,0.0,0.0,0.0,0.0
Streaming,0.0,62.36882733646735,0.0,73.29751938276586,25.11395028651492,0.0,24.794044168610952
