index,Nigeria,Kenya,Mexico,Brazil,Argentina,South_Korea,Pakistan,Japan,Indonesia,India,China,Lebanon,Jordan,Egypt,Turkey,Russia,Poland,Spain,Germany,France,Britain,United_States
Men,45.21613473707818,59.11161806862392,49.29312944256477,59.13389183299369,59.15167732719703,49.25599837654424,59.180355941458096,42.141797648183,69.02872066322801,49.27756523074524,69.06540991039304,49.24738747940211,49.24935890560556,98.60415102526352,69.09030716465645,42.145216412016495,98.61574800846344,69.09413727707953,98.63438057605866,98.62253983073158,69.10007593190262,38.3605625786133
Women,24.53330521943465,0.0,0.0,0.0,0.0,0.0,0.0,59.18303732485691,59.17381092834368,0.0,0.0,78.8284335114422,78.82997225986993,0.0,0.0,0.0,0.0,0.0,0.0,19.77732329683401,0.0,0.0
Same,0.0,0.0,0.0,0.0,0.0,0.0,0.0,0.0,0.0,0.0,0.0,0.0,0.0,0.0,0.0,0.0,0.0,0.0,39.46745288078081,0.0,0.0,0.0
Don't_refused_know,0.0,0.0,0.0,0.0,0.0,0.0,0.0,0.0,0.0,0.0,0.0,0.0,0.0,0.0,0.0,0.0,0.0,69.047889507503,0.0,0.0,0.0,14.422125313234332
