index,Australia,China,India,Indonesia,Japan,South_Korea,Singapore,Global
Essential,8.143451697337781,21.11816404532273,17.951826385476615,23.859047106202468,8.144862823702496,11.927014443581925,15.069925820238254,16.911770760936513
High_priority,24.69247577810018,49.59068664526954,33.83492170106725,31.99155068269927,20.818458246341542,42.93186672644795,36.70452247667146,29.830386872085317
