index,Steglatro_(Merck_&_Co.),Invokana_(Johnson_&_Johnson),Victoza_(Novo_Nordisk),Farxiga_(Astrazeneca),Rybelsus_(Novo_Nordisk),Jardiance_(Boehringer_Ingelheim)Lilly),Ozempic_(Novo_Nordisk),Trulicity_(Lilly)
2020,0.0,20415.82725528472,20421.05644616205,0.0,20755.24220720087,0.0,0.0,0.0
2024,22908.310970972783,42850.46846748617,42838.239786736565,20716.24504934109,22913.72691866717,22923.963526701595,26744.60725449477,26745.27646642253
