index,Klaus_Riskaer_Pedersen,Kinstendemokraterne,Stram_Kurs,Liberal_Alliance,Nye_Borgerlige,Alternativet,Det_Konservative_Folkeparti,Enhedslisten_De_Rod-_Gronne,SF_Socialistisk_Folkeparti,Radikale_Venstre,Dansk_Folkeparti,"Venstre,_Danmarks_Liberale_Parti",Socialdemokratiet
2015,0.0,0.0,0.0,7.437884912665105,14.829770248578953,4.738725443141796,14.824483345607057,7.665286599062998,4.740691585466781,0.0,0.0,0.0,0.0
2019,0.0,0.0,7.66493265638244,7.482718887604484,7.484360736897543,14.8318753736319,14.824687186941404,7.665896269963017,7.67948322144915,7.67296029874986,7.67927196770264,7.667476966855769,7.6699842152683075
