index,Unnamed:_1,Unnamed:_2,Unnamed:_3,Unnamed:_4,Unnamed:_5,Unnamed:_6,Unnamed:_7,Unnamed:_8,Unnamed:_9,Unnamed:_10,Unnamed:_11,Unnamed:_12,Unnamed:_13,Unnamed:_14,Unnamed:_15
Criminal_legal_aid,1277.6185894198516,1277.6185894198516,1277.6185894198516,1277.6185894198516,1277.6185894198516,1277.6185894198516,1277.6185894198516,1277.6185894198516,1277.6185894198516,1277.6185894198516,1277.6185894198516,1277.6185894198516,1277.6185894198516,1277.6185894198516,1277.6185894198516
Civil_legal_aid,1111.7057490329084,1111.7057490329084,1111.7057490329084,1111.7057490329084,1111.7057490329084,1111.7057490329084,1111.7057490329084,1111.7057490329084,1111.7057490329084,1111.7057490329084,1111.7057490329084,1111.7057490329084,1111.7057490329084,1111.7057490329084,1111.7057490329084
Central_funds,108.69611444550172,108.69611444550172,108.69611444550172,108.69611444550172,108.69611444550172,108.69611444550172,108.69611444550172,108.69611444550172,108.69611444550172,108.69611444550172,108.69611444550172,108.69611444550172,108.69611444550172,108.69611444550172,108.69611444550172
