index,2019
Plastic,46.51078160954157
Paper,43.46475640458616
Metal,7.718630404065998
Glass,0.9178372036817848
