index,Unnamed:_1,Unnamed:_2,Unnamed:_3,Unnamed:_4,Unnamed:_5,Unnamed:_6,Unnamed:_7,Unnamed:_8,Unnamed:_9
Smart_TV,19.64676865898639,19.64676865898639,19.64676865898639,19.64676865898639,19.64676865898639,19.64676865898639,19.64676865898639,19.64676865898639,19.64676865898639
3D-ready_TV,8.805787996209663,8.805787996209663,8.805787996209663,8.805787996209663,8.805787996209663,8.805787996209663,8.805787996209663,8.805787996209663,8.805787996209663
