index,Secured_retail_loans_(including_mortgages),Commercial_real_estate_loans,Unsecured_retail_loans,SME_or_corporate_loans
2014,23.096745562155206,29.065475610898133,27.09249312896366,21.169386981487264
2015,27.091900962329994,25.07496110522657,25.080745727285105,23.105430108814
