index,United_Kingdom,Germany,France,Netherlands,Spain,Italy,Europe_average
2014,13.32619131799612,9.875627838600264,6.8314398545437705,7.012107500819177,2.9022932245545263,2.0163890313794965,7.077006920615588
2015,15.0518259348349,11.465171775551063,7.89355917470348,7.2478784794673885,3.4298377378259097,2.4499074549042774,6.969778593437166
2016,16.609030521147762,13.327338509318883,9.052244210055909,8.388745262896872,4.055484821173717,2.907947433568154,7.887305483288408
2017,16.60135305902926,13.31620721109206,9.040001144466402,8.385963119570171,4.0416095285002775,2.921152395919975,7.911099484785751
2018,17.615380265993064,14.948862107466756,9.95304554090684,8.97597914891211,4.70372694121598,3.3396565102085702,9.948454050695773
2019,19.14915054024945,15.682981443975986,10.751190960350373,9.743267574201276,5.322997711748425,3.607894910735027,11.831583594074118
2020x,25.959143911881537,19.690863275094983,14.154425304152165,12.894310571395287,9.756957572314269,5.939990449155378,16.027682462346714
2021,24.11115357444788,18.559278931667865,13.63167665009234,12.380690399357466,9.158586938232194,5.700202938417487,15.192333710053523
