index,Medical,Industrial,Consumer,Computing,Automotive,Networking_&_communications
Low_(1-2),20.757439540356124,19.995563881581475,0.0,0.0,0.0,0.0
Neither_low_high_(3)_nor,44.21792929963949,49.06264301130509,51.23466549748005,48.5046073629232,49.03643964959832,37.9830349840713
High_(4-5),35.375940737591414,100.65658981331396,60.206076522673655,100.62648916288008,100.72130104488672,40.3493314083089
