index,Coffee_and_tea_shops,"Pubs,_clubs,_and_bars",Quick_service_restaurants,Full-service_restaurants
2017,92.04543550350807,97.18980786754491,1473.681534286089,1996.2697088746345
2022,3743.33739351415,204.652325830667,1601.1986104474154,1602.197669171151
