index,Oct_'16,'16_Nov,Dec_'16,Jan_'17,Feb_'17
Missing0,14.039362583709774,7.236562362401145,9.25073359908808,16.28940346026583,13.269593408711998
2-5,34.43018080859928,41.2459732089183,46.706290875829744,33.41733702862823,52.31841831957669
6-10,14.656572433083014,13.71389571649717,9.040964526354315,16.441614158546656,13.672577565807188
11_or_more,31.44349616515732,21.916609036629914,18.27046672020808,29.066229549955796,11.99019497216618
Don't_know/prefer_not_to_say,5.977761991415164,17.087045391396373,18.10040049147159,6.872304892740743,9.817990960557822
