index,eMMCJUFS_(consumer_electronics),eMMC/UFS_(mobile),Enterprise_SSD,Client_SSD,2D_NAND_Flash_(package),3D_nand_Flash_(wafer)
Low_estimate,14.742122911559145,0.0,29.69261261493329,14.719741849959703,14.715473695317373,0.0
High_estimate,29.70596991783208,8.80381795745815,44.50021722212287,29.694505939799004,29.699258571604783,14.72338583156938
