index,Spotify,eBay,YouTube,Google_Maps,Snapchat,Amazon,Instagram,Twitter,Messenger,WhatsApp,Facebook
Women,4.924055473245865,9.95299276187243,9.95223052596814,6.928812009793518,9.95612819216555,9.94984349371115,9.95675320254395,9.953390600581926,9.959589965516033,19.917446738045463,9.960284165235215
Men,4.940737023308508,6.938364751444212,29.523519532612163,9.932301689511451,9.950896324846724,4.932538086425794,6.926469950608038,0.0,49.89177403314815,0.0,0.0
