index,Washed_your_hands_more_frequently,Stopped_shaking_hands,Purchased_hand_sanitizers,Stockpiled_food_or_other_supplies,Avoided_crowded_public_places,Worn_a_facemask,None_of_the_above
White,58.40125675006063,27.49988289122878,21.60865351793761,14.61516674213675,33.53422807728743,4.756572865670407,28.529546691217668
Black,60.15221570783408,35.55927492573722,24.696356227291027,12.857297872731522,44.39955022325774,9.685332190641615,21.626774247296964
Hispanic,53.646450892685074,24.609626558411385,22.65240594782108,15.705051133543726,37.463157185270425,4.681061920595695,24.72122874673454
Other,52.37591658613997,24.707037337833995,32.48660166948683,12.872200828596448,42.39195208758985,9.731875268188958,17.749372998650628
