index,Convenience_store,Specialty/natural_store,Online_retailer,Drug_store,Wholesale_club_store,Discount_supermarket,Dollar_store,"Supercenter)_""grocery_store",Supercenter_/mass_store
Don't_shop_here,66.11379879632517,66.12956854882523,66.12284914105848,66.12656812469986,66.12083016407692,66.12367636079398,103.01779223464996,66.12279305836455,103.01679676683268
Typically_shop_here,20.678656679273587,0.0,0.0,0.0,0.0,0.0,103.01424850942712,103.00778147378308,103.04014118818196
Shopping_here_of_the_now_as_a_result_coronavirus,0.0,0.0,0.0,0.0,0.0,0.0,103.01919079682992,0.0,0.0
