index,Michael_Jordan,LeBron_James,Kevin_Durant,Giannis,Klay_Thompson,Dwayne_Wade
Sneaker_income,130.78436234119778,32.1717268732383,26.210637392245506,9.996792856616992,8.832202088958866,12.04345806215764
NBA_salary,0.0,36.5183116040202,29.891625632437663,24.129886768375684,19.510110963776185,0.0
Other_endorsements,14.655536722637947,20.797867884309284,9.146451367774716,9.645953372027805,5.491915713902529,4.543819817776722
