index,Kidney,Liver,Heart,Pancreas
2017,39.08086407760505,28.02819346661473,7.843999302807788,1.1456012178141606
2018,43.29041840838645,31.485405920641693,8.755839027612112,0.0
2019,32.66845866912446,29.887326270713025,9.169587096303474,1.1880401962254652
