Unnamed:_0,index,200,1990,eoro,roos,easo,eois,20,eass,Anstances,Protish,eoss,From:,eoso,2045,2035,I,2040,now
0,fertility_Constant,28.346386743075463,24.929858807582765,29.370250370861523,25.91426451614052,33.00144417816314,30.58437777149604,31.632877579269717,32.56564297775153,29.90462343105283,30.70166254353292,33.754214836683104,28.391489746784544,33.83946104030866,33.85826894196818,33.40186182621027,26.975316494935157,33.765623742397565,27.567222600624945
1,High_fertility,28.346386743075463,24.929858807582765,29.370250370861523,25.91426451614052,34.10793162357498,30.58437777149604,34.62837516641168,32.56564297775153,35.082166681127106,34.98084012868011,33.754214836683104,35.65198435829866,33.83946104030866,33.85826894196818,33.40186182621027,36.582134155738,33.765623742397565,36.1079436668742
2,Medium_fertility,28.346386743075463,24.929858807582765,29.370250370861523,25.91426451614052,38.51731762819265,30.58437777149604,39.60638808819325,32.56564297775153,40.5883885293851,40.06185039864592,37.80793168294336,41.68520062567484,37.02271196609489,36.2879417993147,34.739658643709085,42.72259685081295,35.505140919746765,42.14753440164182
3,Low_fertility,28.346386743075463,24.929858807582765,29.370250370861523,25.91426451614052,43.40741785812637,30.58437777149604,45.81806399894019,32.56564297775153,47.48274309717526,46.73680828314373,41.74626863393111,48.82948757712482,40.3225793456231,38.79116020140806,36.0380857464246,50.32799119719639,37.42403540594272,49.6244521889078
