index,Unnamed:_1,Unnamed:_2,Unnamed:_3,Unnamed:_4,Unnamed:_5,Unnamed:_6,Unnamed:_7,Unnamed:_8,Unnamed:_9,Unnamed:_10,Unnamed:_11,Unnamed:_12,Unnamed:_13,Unnamed:_14,Unnamed:_15,Unnamed:_16,Unnamed:_17,Unnamed:_18,Unnamed:_19
In_private_state_prisons,72604.33211441324,72604.33211441324,72604.33211441324,72604.33211441324,72604.33211441324,72604.33211441324,72604.33211441324,72604.33211441324,72604.33211441324,72604.33211441324,72604.33211441324,72604.33211441324,72604.33211441324,72604.33211441324,72604.33211441324,72604.33211441324,72604.33211441324,72604.33211441324,72604.33211441324
Out-of-state_private_prisons,41004.69479206215,41004.69479206215,41004.69479206215,41004.69479206215,41004.69479206215,41004.69479206215,41004.69479206215,41004.69479206215,41004.69479206215,41004.69479206215,41004.69479206215,41004.69479206215,41004.69479206215,41004.69479206215,41004.69479206215,41004.69479206215,41004.69479206215,41004.69479206215,41004.69479206215
