index,Once_(including_a_week_every_day),Daily,At_least_week_(but_once_a_not_every_day),Less_than_week_once_a
2017,82.39744233607864,69.52238576538006,12.646773512882833,3.93775981943206
2018,84.30408015566728,74.26714927599053,9.826736123708898,2.995840979527614
2019,86.53602097460094,76.4893036027658,8.920822027150123,3.028083890765558
