index,(vi,the,Unnamed:_3,Unnamed:_4,>lot_QU,Unnamed:_6,Unnamed:_7,Ken,Unnamed:_9,Unnamed:_10,realst_Not,CO,Unnamed:_13,with,"elic,",Unnamed:_16,Unnamed:_17,and,Unnamed:_19,Unnamed:_20,Unnamed:_21,any_Gr,Unnamed:_23,Unnamed:_24
Yes,46.76854727097216,44.17957727216535,47.12033228503539,47.12033228503539,60.19708460888694,47.12033228503539,47.12033228503539,55.00564064989591,47.12033228503539,47.12033228503539,52.09819684425129,49.27698886213942,47.12033228503539,31.97851484567076,38.888293020311366,47.12033228503539,47.12033228503539,38.98302894499817,47.12033228503539,47.12033228503539,47.12033228503539,32.8901794110033,47.12033228503539,47.12033228503539
No,39.563160848763815,38.81486478162566,41.47461391664703,41.47461391664703,26.39661902733286,41.47461391664703,41.47461391664703,34.21807612558497,41.47461391664703,41.47461391664703,35.04235620506665,38.06674101383521,41.47461391664703,38.33470957437322,34.134589912476244,41.47461391664703,41.47461391664703,44.80185790386645,41.47461391664703,41.47461391664703,41.47461391664703,50.03811405154306,41.47461391664703,41.47461391664703
don't_this_platform_use,10.896361511599409,17.220867518600784,14.749613869982625,14.749613869982625,13.905311170468238,14.749613869982625,14.749613869982625,11.140509687315458,14.749613869982625,14.749613869982625,13.238677815008783,13.220586383498429,14.749613869982625,15.049156285989923,22.086988771682257,14.749613869982625,14.749613869982625,16.510728577842613,14.749613869982625,14.749613869982625,14.749613869982625,18.40170673990538,14.749613869982625,14.749613869982625
