index,Instagram,Snapchat
2014,19.7743209319672,16.85246583769439
2016,29.617645537227105,29.600245018628712
