index,Don't_know)_No_opinion,Never,At_least_month_once_a,a_few_times_month_a,At_least_week_once_a,a_few_times_week_a,At_least_day_once_a
Male,78.86511439285204,78.86199120168365,59.06522171271183,78.86906618575895,20.015486486820254,20.02609896293322,69.96891548381777
Female,0.0,52.12977934893416,59.06015250255652,0.0,78.84862003949402,78.8104844412097,0.0
