index,Expressing_controversial_opinion_a,Posting_social_on_networks,Buying_goods_services_or,Conducting_financial_transactions
All_online_HHs,18.90638568184891,25.957517189708856,25.944927059729224,34.982157299869634
HHs_w/2+_privacy/security_concerns,24.933961961539964,25.954111897500997,33.93296930024539,34.986501983031395
HHs_reporting_breach,25.96461990179928,34.98974975541467,34.940325762453234,34.999126480972755
