index,South_Africa,Brazil,Philippines,Peru,Colombia,Turkey,Mexico,Montenegro,Israel,Serbia,Italy,Argentina,Spain,France,Russia,LUSA,Chile,Sweden,Germany,Hungary,Norway,Canada,Singapore,Belgium,Netherlands,Poland,Great_Britain,Denmark,South_Korea,Australia,Hong_Kong,New_Zealand,Japan
Average_guess,0.0,0.0,0.0,0.0,0.0,19.828693294519205,25.781692140307683,19.84839961866692,19.853372491609942,19.850764714233048,19.83185938033935,19.8583720174686,19.85737604009497,19.857105302583538,19.85303161484685,0.0,0.0,24.75463185590143,0.0,0.0,25.77458282575895,25.777200422631072,25.777349117844604,25.777720855878425,0.0,0.0,0.0,29.869250615401796,29.87117383368244,33.867419419819335,0.0,0.0,0.0
Actual_rates,24.802887661046736,25.78025428564856,23.87400689833568,19.850270933901328,23.87898538241884,15.826944582696704,19.8595854265224,15.83366813136128,15.831917455639726,19.855528572206115,19.86130524097322,19.86134311616912,19.869560630894156,19.8688718634428,19.860024498237824,25.77621005639757,25.78727522474019,24.806083205352586,24.812045041744074,24.80365077610485,25.784654822298,25.78472496154966,25.778750500092865,25.786293275216888,25.788936122219614,25.781821196530743,25.77942103133878,29.90403547587238,33.88360615631851,34.78844037798884,34.796120626046125,34.79420021333554,34.79241727355823
