index,Soap,Spirits,Rice,Flour,Toilet_paper,Pasta
Sales,608.2922632609475,572.0437492744234,527.8129837853473,370.7401433447674,353.35419102820777,237.00301645332289
Transactions,385.020757168049,379.2114092109812,364.04612689598457,217.4373831375654,231.93665902014223,141.30893709420403
