index,Retirees,Boomers,Generation_X,Millennials
Aware_(net),50.12757553930679,50.100891384270014,80.27660633216844,90.98701835029152
Never_heard_of_this_service,0.0,80.26575657461224,80.27581958273308,122.85305451917962
Used_this_service,0.0,0.0,90.9838599915474,0.0
Heard_of_this_but_service_never_used_it,40.19528427500897,40.20014678415458,90.98453881145734,90.97023246883676
