Unnamed:_0,index,2075,2018
0,Mobile_phone_games,33.81315291727303,47.18221679079153
1,PC/MMO_games,30.794388489438333,23.54149856321821
2,Tablet_games,18.644510801005996,19.147209440800182
3,TV/console_games,5.730156650412894,3.0416291574175176
4,Casual_webgames,9.80445621545502,5.811263814158608
