index,Netherlands,Italy,Germany,France,Spain
2012,5338.645437900954,2669.798338144229,1739.2923072996764,2279.9227081279228,1920.675589428316
2013,5287.174570190714,2589.051983130736,2138.602802768636,2173.8660422976272,1907.327135453412
2014,5316.121286579261,2565.7713448102,2757.577579324854,2431.276881952476,1901.5558343155635
2015,5315.680059361643,2516.986599616871,2729.9406240273947,2424.2276186538534,1905.6151793080955
