index,Argentina,South_Africa,Saudi_Arabia,Nigeria,Australia,South_Korea,Vietnam,Canada,Spain,Indonesia,Turkey,Italy,Mexico,Russia,France,Germany,Great_Britain,Brazil,Japan,India,United_States,China
2009,0.0,0.0,0.0,1579.8730625227831,1580.188305354018,1580.006552417638,0.0,0.0,384.89332732221874,384.8594296330532,0.0,384.7686383349365,579.486560730237,1400.3678779365223,399.183900357828,1401.4272233079832,579.2706829844958,602.1256179088816,1401.3924739180848,1400.4503793475064,1400.7356423129468,1400.4777473310537
2050,1580.049762034815,1580.3009569709436,1580.182002768595,1580.3842533026118,1580.3322995579108,1580.5351746724646,1580.371250671424,1580.739696408435,384.6711469910547,384.8933841022677,396.2064113759964,396.29442045171936,396.1660975413104,399.6878800714521,399.6709596168937,399.93299954235295,601.7217982014351,602.0810455705316,399.5493367522495,1400.6383780892606,1400.5097144985584,0.0
