index,Facebook,Twitter,Pinterest,Vine
Top_25_companies_average,3015047.0026816376,274222.05284892535,131121.9930270412,0.0
All_other_companies_average,929918.2964866818,78568.19710721867,0.0,0.0
