index,Rubbing_alcohol,Hydrogen_Peroxide
Week_ended_February_2020_in_1,19.505603117179035,7.991138369401682
Week_ended_in_February_29_2020,65.58359298564856,29.69889401051705
