index,Investment,Development
2018,394.7349675078152,376.6550989849598
2019,388.7033357087764,373.1158012214425
2020,400.5990393664652,395.8345138597471
