index,With_parents,With_child_jchildren_a,With_spouse_a
Improved,18.91885430902579,12.993229575448892,0.0
Stayed_the_same,75.8987827018153,100.2262896402503,19.751673853610757
Worsened,0.0,10.08129754070518,0.0
