Unnamed:_0,index,int,is,trip,spig,and,Z,1993,any,of,be,the,go,isp,snig,oni,see,So
0,Walking,162.55933457160884,45.084255853415,162.55933457160884,-56.09603946102371,2.9972014264430697,162.55933457160884,162.55933457160884,-76.006503485461,58.01830377859421,8.022339740977785,162.55933457160884,162.55933457160884,162.55933457160884,162.55933457160884,-0.4603681310350538,162.55933457160884,162.55933457160884
1,Driving,162.55933457160884,45.084255853415,162.55933457160884,-56.09603946102371,162.55933457160884,162.55933457160884,162.55933457160884,-76.006503485461,-63.89704934635063,8.022339740977785,162.55933457160884,162.55933457160884,162.55933457160884,162.55933457160884,28.44905873086998,162.55933457160884,162.55933457160884
