index,Kidney,Liver,Heart,Lung,Pancreas,Small_bowel
2015,42.92424598852927,18.194030140372966,6.335956184216663,4.724881859365581,2.95358360775505,0.0
2016,42.5030964574321,19.88446201711793,6.361742350093905,6.160382571052047,2.275958683034496,0.0
2017,47.32325749160224,18.05477177180142,6.151351421279237,6.543373043202656,2.3676972985191966,0.0
2018,44.35921561631776,16.061175418032818,6.534298317315141,7.242426522329865,1.7753072541634791,0.0
2019,46.49356009707941,17.746062234181444,5.832156381058148,5.4387348764498,2.243913897682603,0.0
