Unnamed:_0,index,Unnamed:_2,for,the
0,Brexit_Party,1.853207610503624,69.45028149087665,69.45028149087665
1,Labour,1.853207610503624,69.45028149087665,69.45028149087665
2,UKIP,1.853207610503624,69.45028149087665,69.45028149087665
3,Conservatives,1.853207610503624,69.45028149087665,69.45028149087665
4,Green_Party,1.853207610503624,69.45028149087665,69.45028149087665
5,Liberal_Democrats,1.853207610503624,69.45028149087665,69.45028149087665
