Unnamed:_0,index,Unnamed:_2
0,Australia,1496.7998005846894
1,Colombia,8906.1675163346
2,EU,752.4511910207584
3,Indonesia,1799.5683960891984
4,Other_countries,4280.834512513364
5,Russia,17060.914011754616
6,SUSA,3019.724821815267
7,South_Africa,3815.3444104197697
