index,Very_satisfied,satisfied_Somewhat,dissatisfied_Somewhat,Very_dissatisfied
2014,36.50971298375288,43.47444866664132,10.771577059363686,8.775923200633322
2016,32.5965638414295,48.462422016232814,13.750511645480492,3.7953374461247407
