index,Other_commercial,Industrial,Offices,Retail
2013,57.39815320484684,124.88276651413275,193.89997964567792,0.0
2014,64.80360694278517,147.76300769759496,233.06092175005327,444.9758058154085
2015,64.68610104896675,148.02781001877216,232.922789126172,444.8182123674953
2016,64.62781664373358,193.9166292196537,232.9185068731795,64.67431123283995
