index,Total,Staff,Professionals,Management,Executives
Male,62.68250656318831,52.83552957759889,68.82194688374825,74.84129914553732,79.17545338539762
Female,38.40747617106902,48.00368769325265,32.287229039887706,26.21287487967972,21.714783168048967
