index,Standalone_retail,Strip_center,Neighbourhood_center,Community_Centre,Outlet_center,Power_center,Malls
Traditional_retailers,25.783627096472912,17.797840734495992,24.853741948550702,51.9088175383238,77.33709078383995,74.5680694969239,71.9336314181
Necessity_based,26.07193767568704,37.471970700658304,46.0037462701778,27.475944017513555,8.330020085890737,11.330622533608718,7.401418525718839
Experiential,15.714390760232249,21.04197654453017,18.96955639465358,14.844111815328487,9.107764609357162,11.964927738524809,16.56168767923465
Other,31.458452393084883,22.548850511693544,8.658702402437655,4.413451999623305,4.083789254241964,0.0,0.0
