index,Average,Piaggio_group,Yamaha,Honda,Suzuki,Triumph,Kawasaki,KTM,Harley_Davidson
Spring_2078,3.0956923677193737,3.095416676924006,3.095369824047596,3.0951945889957155,3.095180030192311,3.09444772238109,3.0947369131577966,3.095089368552932,3.0948993099921305
2018_Autumn,3.096039926062456,3.0946462515184168,0.0,0.0,0.0,0.0,5.568232082149769,3.999022574880558,3.998533134380667
