index,Free_standing_insert,All_other_media
2011,88.27148061850265,10.084939440392262
2012,88.89172555748569,9.366385694914385
2013,89.99227130312254,8.34817956384451
2014,91.12489699381186,7.488227961439819
