Unnamed:_0,index,Unnamed:_2,the
0,Ireland,23.3514714712382,15.881228300794817
1,Germany,58.204611033627145,15.881228300794817
2,Spain,23.3514714712382,28.79892068923021
3,UK,154.19409935813127,479.8230586403512
4,Nordics,58.204611033627145,15.881228300794817
5,France,154.19409935813127,120.36119721532884
6,Rest_of_EU,70.83388110197609,28.79892068923021
