index,Live_streaming_of_games_events,Videos_of_game_event_highlights,Videos_of_sports_news,Videos_of_player_or_manager)_coach_interviews,Short_key_clips_of_game_event_moments
Via_a_computer/laptop_computer,88.25520076474533,80.4260009640172,82.41296078834921,79.44615985671392,77.45271670161068
Via_a_smartphone,21.51697935716412,33.67189018755576,35.549149277376486,36.512968075275694,40.38841252694588
Via_tablet_a,26.686093840830807,27.7195179159926,31.667553846244655,27.76469785223175,32.65120459244031
Via_mobile_device_(NET)_a,38.434047933293215,50.53695818489755,48.62412758401283,55.31623946378142,57.35203508875839
