Unnamed:_0,index,Unnamed:_2,September
0,Don't_know/refused,9.699953757112368,13.704721864336449
1,Right_thing,25.493597089867883,49.19487926585205
2,Not_involved,70.79616558974897,44.21644207258703
