index,White,Black,Brown,Yellow,Indigenous
1991,255.8903787473448,26.96537331679985,210.88109922670787,0.0,0.0
2000,265.1405461642511,25.595131555396502,192.8461941459404,11.143310703872658,0.0
2010,237.29334158250413,38.46323268245658,212.5862544566512,0.0,0.0
