index,Lesbian/_gay/_bisexual,Transgender
Film,43.85418112899913,0.0
TV,358.3025072935789,0.0
