index,Frozen_foods,Home_care,Cosmetics,Paper_products,Dairy,Beverage,Pet_food_I_care,Personal_care,Baby_food_care,Fresh_foods,Alcohol,Packaged_food,General_merchandize
ending_March_29_2020_week,29.900003828897816,29.87676016684985,9.901873231950123,9.975545730553703,11.265231130290635,11.23989846663904,43.11170584154669,12.2033561415521,12.643927142831398,7.480433206003717,12.641990170994074,18.71148579253681,18.699024982432118
week_ending_April_19_2020,0.0,0.0,0.0,0.0,0.0,0.0,0.0,0.0,0.0,0.0,20.89945877403197,0.0,43.28927942395359
weeks_ending_May_17_2020,33.705545370186854,33.717555721724715,33.72803451413539,20.10187683561866,33.730771049928826,1.7497725184237538,33.42405381178039,33.7264635398836,1.73558870430098,33.72878340150273,0.0,16.640609515486766,0.0
