index,Alaska,Coalbed_methane,Lower_48_offshore,Lower_48_onshore,Tight_gas,Shale_gas
2000,0.400498046383813,1.4714401115610514,5.147696565378216,7.702458731723293,4.013347422997512,0.2978685306106605
2020,0.2521726134175992,1.7860246184765298,2.3303733595541924,4.915354661882447,6.013810207343295,9.658606535880947
