index,Knew_lot_about_it_a,Knew_little_about_it_a,Aware_of_but_did_not_it_really_know_what_it_was,Never_heard_of_it
2012,5.696078952058443,25.501795920376157,8.79078064102977,56.94663791161359
2014,11.76965787325345,42.2114523801258,19.594443720385087,24.63286724440251
2016,11.738650272894889,41.46399554771159,19.61796787037921,25.55639395461161
2018,11.766462990104069,41.2935233438164,21.599325694060603,23.54844966555224
2020,9.67911723787769,44.19683694968531,21.625965186544803,21.589608476846912
