index,Cash,Account,Mobile,PayPal,Debit/credit_card
How_consumers_can_pay,18.61367253334683,31.753723304633823,10.912554996387271,28.80151535534289,83.45274836213798
How_providers_receive_can_payments,19.8475995316593,85.15197569341586,2.0212243876531915,32.611491737173324,19.868576746458828
