index,Apple_TV+,Netflix,Amazon_Prime_Video,Disney+,Hulu,HBO_Now,HHO_Max
Movies,98.91425902424952,48.17247206849014,12.228034123611025,11.815697730322016,3.9819611758636455,1.7101815045789124,0.0
TV_shows,98.9196114907155,71.56282197035662,20.80185187004402,25.45338933477892,21.178072510738417,1.720564932294863,11.520960800476544
