index,Democrat,Independent,Republican
Support_strongly,4.888451439778521,7.948868371970974,10.921039267233198
Support_somewhat,3.9549985654385855,8.971121926395853,11.979853049607172
Oppose_somewhat,9.5080396103031,14.738185898590658,18.360098139484208
Oppose_strongly,73.36576994349458,45.088189994861466,40.46959555998911
Not_sure,9.93676143630853,24.13425692203323,19.81506579512198
