index,Total,Female,Male,18-24,25-34,35-44,45-54,55+
Keep_it_for_yourself,13.066759751381396,15.76319342023882,0.0,37.7422659260669,23.834186161500128,13.062533133287571,7.1405845391584535,2.262100871320513
Publish_it_in_socia_Send_it_in_private_to_Keep_it_for_vourself,15.75015249807997,20.298131622409656,10.547238722788222,49.56281582819626,26.96363579210646,16.15169183663761,7.771412599484819,1.8767352497400225
Send_it_in_private_to_your_partner,8.06131824607668,8.501417510007954,8.103605666301917,20.43243825314512,15.85287630918964,9.741505134810012,4.278972936051048,0.0
Send_in_it_private_to_Keep_it_for_vourself,14.99692242732766,18.255740554464325,11.654984350893416,33.88088922947266,21.80880776236465,17.20970567445781,10.664320291844788,6.044063874181873
don't_take_selfies,65.09447447207629,58.96813491025127,71.8196716576159,21.3247325548993,45.63798145215553,58.16949524409887,75.61871104714781,88.57392737353278
