index,Washing_hands,Hand_disinfection,Wearing_medical_a_mask,Avoiding_crowded_places,"Avoiding_Chinese_buffets_restaurants,_and_shops"
Yes,35.13776028968201,29.97561020245425,2.257572476560995,29.045876041816115,13.101535422356848
No,64.7502373928219,68.81738556785307,91.396408193358,62.75099727470604,73.88956903779253
No_answer,0.0,0.0,8.650836148017191,8.155901079942936,13.055134283795695
