index,Unnamed:_1,st,Unnamed:_3,Unnamed:_4,5,Unnamed:_6,Unnamed:_7,Unnamed:_8,it,Unnamed:_10,of,Unnamed:_12,it.1,Unnamed:_14,Unnamed:_15,or,6,Unnamed:_18,5.1,Unnamed:_20,Unnamed:_21,it.2,Unnamed:_23,Unnamed:_24,it.3,Unnamed:_26,Unnamed:_27
Facebook_fans,76.90204624436228,0.0,76.90204624436228,76.90204624436228,0.0,76.90204624436228,76.90204624436228,76.90204624436228,201.34329416333856,76.90204624436228,0.0,76.90204624436228,201.34329416333856,76.90204624436228,76.90204624436228,0.0,183.3763734071457,76.90204624436228,0.0,76.90204624436228,76.90204624436228,201.34329416333856,76.90204624436228,76.90204624436228,201.34329416333856,76.90204624436228,76.90204624436228
Twitter_followers,19.611615305922896,0.0,19.611615305922896,19.611615305922896,0.0,19.611615305922896,19.611615305922896,19.611615305922896,239.45151732785084,19.611615305922896,0.0,19.611615305922896,239.45151732785084,19.611615305922896,19.611615305922896,0.0,81.38081680586961,19.611615305922896,0.0,19.611615305922896,19.611615305922896,239.45151732785084,19.611615305922896,19.611615305922896,239.45151732785084,19.611615305922896,19.611615305922896
