index,"94th_1975_Congress,","95th_Congress,_1977","96th_Congress,_1979","97th_Congress,_1981","98th_Congress,_1983","99th_1985_Congress,","100th_Congress,_1987","101_st_Congress,_1989","102nd_Congress,_1991","103rrd_Congress,_1993","104th_Congress,_1995","105th_1997_Congress,","106th_Congress,_1999","107th_Congress,_2001","108th_Congress,_2003","109th_Congress,_2005","I_0th_Congress,_2007","111th_Congress,_2009","112th_Congress,_2011","11_3th_Congress,_2013"
African_American,99.70361615466226,0.0,0.0,0.0,0.0,0.0,0.0,0.0,0.0,0.0,0.0,0.0,0.0,0.0,0.0,0.0,0.0,0.0,0.0,197.8503260596446
Asian_American,297.0920079744603,197.789280951642,198.2021231094724,197.9339775495785,198.0452174899354,197.9885636913149,197.9140689675815,297.0785977426701,197.7758707198518,198.07790616067223,297.62900800517974,297.6795769849703,197.9757442186344,197.83693551982475,198.08125379562733,297.2791407684437,497.7399722579522,198.083912211621,297.31978499519124,197.919582719272
Hispanic,100.78779696475846,0.0,0.0,0.0,0.0,0.0,0.0,0.0,0.0,0.0,0.0,0.0,0.0,0.0,0.0,0.0,0.0,0.0,0.0,0.0
