index,Unnamed:_1,Unnamed:_2,Unnamed:_3,&_or,Unnamed:_5,Unnamed:_6,Unnamed:_7,Unnamed:_8,Unnamed:_9,Unnamed:_10,Unnamed:_11,Unnamed:_12
Deaths_children_1-59_(53)_among_aged_months,1.9969333867608832,1.9969333867608832,1.9969333867608832,1.9984999188045336,1.9969333867608832,1.9969333867608832,1.9969333867608832,1.9969333867608832,1.9969333867608832,1.9969333867608832,1.9969333867608832,1.9969333867608832
Neonatal_deaths_(47),0.9040838049275308,0.9040838049275308,0.9040838049275308,10.94984015101689,0.9040838049275308,0.9040838049275308,0.9040838049275308,0.9040838049275308,0.9040838049275308,0.9040838049275308,0.9040838049275308,0.9040838049275308
