index,United_Kingdom,Germany,France,Italy,Spain,Netherlands,Belgium
Pre_lockdown_2020,83.78340822812926,72.77512075977283,63.74360225531844,38.45666169305722,24.62076527247737,12.349341721960812,9.409633642686488
Post-lockdown_2020,73.08001834884031,68.49458639111718,51.79275111384744,32.63815757491203,21.909541174698504,9.920966513594394,7.331311176692623
