index,Videos,Online_curriculum,Digital_textbooks,Animations,Simulations,Virtual_labs
Teachers,46.45081634748888,20.789703863775102,20.76726339924278,19.70486348989812,9.696552509406722,5.790609599931571
Math_&_Science_Teachers,52.33519075075856,23.609389909745097,34.48897821248271,30.593955893236995,24.694317452214584,18.644501146403197
