index,Christian_places_worship_of,of_worship_Muslim_places,Jewish_places_of_worship
2016,937.9236222257448,82.99833131352398,17.788341012018236
2017,869.5114447347742,69.25929069745644,27.427028630160063
