index,Oregon,South_Dakota,Texas,Minnesota,Colorado,Idaho,Oklahoma,Washington,Montana,North_Dakota,Kansas
2017,48468.33452318132,49572.803178446135,0.0,75583.12898987078,0.0,90249.51630091772,98717.68528002818,109659.61035064302,198084.5309412215,0.0,0.0
2078,48495.03885112412,49598.99018116732,49557.02475918509,49566.036564546695,75545.77810886595,98328.5946343028,98733.56716433354,90279.32458019051,152248.5540760054,90221.09445323894,363424.95163009176
2019,49656.609864357335,198277.2863188172,69967.6361341321,69873.59675533621,98465.39611592222,109831.66237286731,109838.48071928896,152277.76225802116,152276.89315164875,363528.2511303557,152253.01341941627
