index,Unnamed:_1,st,Unnamed:_3,Unnamed:_4,a,5,Unnamed:_7,Unnamed:_8,Unnamed:_9,it,Unnamed:_11,of,Unnamed:_13,it.1,Unnamed:_15,Unnamed:_16,or,Unnamed:_18,5.1,Unnamed:_20,Unnamed:_21,it.2,Unnamed:_23,Unnamed:_24,it.3,Unnamed:_26,Unnamed:_27
Facebook_fans,144.1554542109386,0.0,144.1554542109386,144.1554542109386,140.12914307933676,0.0,144.1554542109386,144.1554542109386,144.1554542109386,216.56452193499103,144.1554542109386,0.0,144.1554542109386,216.56452193499103,144.1554542109386,144.1554542109386,202.5819960385283,144.1554542109386,0.0,144.1554542109386,144.1554542109386,216.56452193499103,144.1554542109386,144.1554542109386,216.56452193499103,144.1554542109386,144.1554542109386
Twitter_followers,31.181779530957243,0.0,31.181779530957243,31.181779530957243,17.381566573229435,0.0,31.181779530957243,31.181779530957243,31.181779530957243,128.93173218601814,31.181779530957243,0.0,31.181779530957243,128.93173218601814,31.181779530957243,31.181779530957243,68.45570368055749,31.181779530957243,0.0,31.181779530957243,31.181779530957243,128.93173218601814,31.181779530957243,31.181779530957243,128.93173218601814,31.181779530957243,31.181779530957243
