index,Mobile_banking,Telephone_banking,Internet_banking,ATM,Branch
Daily,3.1114565552443594,0.0,0.0,0.0,0.0
Never,3.024424520641034,0.0,0.0,0.0,0.0
Two_three_days_to,4.357534677913861,0.0,29.946901774912572,11.88127806963756,0.0
Weekly,0.0,0.0,38.54560249250095,11.847195107803984,19.630446959778595
Monthly,4.6535523110323,0.0,0.0,17.434010042922722,7.4603735436933505
Two_three_months_to,0.0,0.0,0.0,0.0,29.89332626240865
Less_frequently,4.641348336951651,29.81532954375963,25.80655275848926,8.791422084486499,0.0
