index,Average_charges_per_stay
1997,15061.152644105763
2011,35422.685685699245
