index,Never_married,Married,[of_them]_Widowed_in_an,Widowed,Divorced_or_separated
Women,166.91182538719715,517.329574184575,66.49347297808379,182.4158204063118,118.2879512962512
Men,247.92966122340815,625.854095762903,82.03871150070347,37.180741342080296,74.07816118887365
