index,"Yes,_using_my_content","Yes,_games_downloaded_for_them",Yes._educational_content_downloaded_for_them,No
18-44,35.40352279408805,34.70772057956199,22.502055196977352,33.68036188271621
45+,18.800176036936463,11.662461260853888,4.910047361795392,73.30749915668896
