index,Unnamed:_1,Unnamed:_2,Unnamed:_3,Unnamed:_4,Unnamed:_5,Unnamed:_6,Unnamed:_7,Unnamed:_8,Unnamed:_9
2020,343.4339440567028,343.4339440567028,343.4339440567028,343.4339440567028,343.4339440567028,343.4339440567028,343.4339440567028,343.4339440567028,343.4339440567028
2019,118.7667425854529,118.7667425854529,118.7667425854529,118.7667425854529,118.7667425854529,118.7667425854529,118.7667425854529,118.7667425854529,118.7667425854529
