index,Male,Female
Avid_fan,29.9260507214766,10.707478509507766
Casual_fan,32.618403498633384,29.02450628725865
Not_fan_at_all_a,36.710029553611726,59.34184133458483
