index,China,LUSA
Used_car_sales,1.9294112523294729,29.037006337857605
After_sales_service_financing_insurance_auto_parts,12.919872786478592,11.32898562425124
New_sales_car,85.90319248857833,60.33360827460088
