index,-5_Oct_'19,Oct_'19,Nov_19,Dec_'19,Jan_20,Feb_'20,Mar_'20,Apr_'20,May_'20,Jun_'20,Jul_'20,Aug,20_1g,Sep_'00,.39_p_`20
Unemployment,3.841965680047712,0.0,3.917009274309208,3.91956346550476,3.841952021271268,3.846784951670694,4.516137844371903,4.729412809200552,5.118990707479091,5.201683216550794,5.342507478180103,5.198555356744475,0.0,5.114786080796216,0.0
Net_wages,0.0,14.444984724935006,13.759970906806169,12.865301699607082,8.46104630780508,9.063205988007592,6.986020242306694,2.131807192711676,2.428255000250409,4.92869663402219,7.934080468404973,7.505217652602679,0.0,7.629448777311863,0.0
Number_of_employees,0.0,0.8414352642290304,0.7146977540418575,0.8351431212125355,0.5477237649051396,0.3905818183473784,0.0,1.4389589280592254,1.7206302159452562,1.7143449023169843,1.7855435510087003,0.0,1.506909064419343,0.0,1.356214060344474
