Unnamed:_0,index,Russia,Central_&_Eastern_Europe,Italy,Benelux,Nordic_region,Ireland,France,Germany,United_Kingdom,Spain,Greece,Portugal
0,Moderately_greater,13.832353118150166,19.862369880087684,39.82998409764903,39.804003954098086,19.913914127304764,19.87867795590321,19.83508316499764,39.83150728499592,19.918803455537883,39.8303416856492,39.81863411698973,39.7427773241071
1,Substantially_less,0.0,0.0,0.0,99.28572140800274,0.0,0.0,0.0,0.0,0.0,0.0,0.0,0.0
2,Substantially_greater,0.0,0.0,0.0,0.0,0.0,0.0,0.0,0.0,19.88837409206171,19.872344522284777,13.651031933639914,0.0
3,The_same,0.0,0.0,0.0,0.0,0.0,0.0,11.589825933725876,14.74489362616582,0.0,0.0,8.610664030601285,0.0
