Unnamed:_0,index,and,the,Mattically,SALATER,supplate,strippers,PERESTER,State,Proging
0,Road_transport,-40.37763187830817,-65.47174599467651,74.77346273068636,-30.55198375242748,74.77346273068636,-2.446905243036297,74.77346273068636,-20.693336027052105,74.77346273068636
1,Car_sharing,-40.37763187830817,-65.47174599467651,74.77346273068636,-30.55198375242748,74.77346273068636,-2.446905243036297,74.77346273068636,-20.693336027052105,74.77346273068636
2,Taxi,-40.37763187830817,-65.47174599467651,74.77346273068636,-12.690736217743916,74.77346273068636,-2.446905243036297,74.77346273068636,1.671109603617121,74.77346273068636
3,Local_electric_trains,-40.37763187830817,-65.47174599467651,74.77346273068636,-37.04556045336646,74.77346273068636,-2.446905243036297,74.77346273068636,-18.476447182646645,74.77346273068636
4,Number_of_personal_cars,-2.5460662206893976,-65.47174599467651,74.77346273068636,-2.446905243036297,74.77346273068636,7.529932482495076,74.77346273068636,7.412777339894022,74.77346273068636
5,Subway,-40.37763187830817,-42.543557849541294,74.77346273068636,74.77346273068636,74.77346273068636,-2.446905243036297,74.77346273068636,-20.693336027052105,74.77346273068636
