index,Smart_glasses,Smart_watches,Multimedia_&_smart_cameras,Fitness_&_activity_trackers,Healthcare
2013,0.0,2.8318896233667985,5.714025751673287,12.609489425911612,15.95006380117865
2014,11.724312365546036,25.28380363326366,17.164297753319197,29.18388981620474,22.186934992056468
