index,Bank/credit_union,Property_and_Cell_phone_Retail,Cell_phone_service,Retail,Health_insurance,Cable_satellite_or
2016,69.83930708096264,62.96720194370313,74.68882693882104,66.93838181048844,66.88984164050301,63.93800534341172
2017,74.69053395559585,73.82835571983512,64.86723639599344,65.92065541458108,63.93960754336702,60.9378884227452
2018,73.80018994305077,76.12637464451187,69.81813907469957,69.79776967277562,68.70846337170002,63.03720460530165
2019,71.8070282422681,69.85957166606708,69.84130359181036,68.74950165217511,64.85659499317505,64.00055103699397
