index,Will_get_better,Will_get_worse
In_month_one,4.875156836032957,81.38195056052795
In_three_months,19.835305134268296,61.26603854912682
In_one_year,57.42479637753159,23.656808868660438
