index,All,Boys,Girls
2-19,18.286779398467434,18.875543973638983,17.624912001754733
2-5,13.73737933375715,14.1237183655694,13.359509066492771
6-11,18.21858559345289,20.2368193759508,16.116170425581586
12-19,20.366576685095293,20.00666670610566,20.6685113495552
