index,Permanent_colors,Colorant,Highlight_preparations,Sun-_lighteners,Natural_hair_colors
2012,73.74213435507585,9.449135999297,7.655622796957374,6.742276330179692,5.1824081189434565
2013,76.28948932900175,9.874858062258028,8.240796949597637,5.160466838053026,4.831959761565514
