index,97th_Congress_1981-82,"98th_Congress,_1983-84","99th_Congress,_1985-86","100th_Congress,_1987-88","101st_Congress,_1989-_90","102rd_Congress,_1991_--92","103rr_Congress,_1993-94","104th_Congress,_1995-_96","105th_1997-98_Congress,","106th_Congress,_1999-_00","107th_Congress,_2001-02",108th_Congress_2003-04,"109th_Congress,_2005-06","10th_Congress,_2007-08","111th_Congress,_2009-10","12th_Congress,_201_1-12","1_3th_Congress,_201_3-14","14th_Congress,_201_5-16","I_5th_Congress,_201_7-18"
House_of_Representatives,693.3212220844702,693.38072148355,473.2899256376036,0.0,0.0,0.0,804.6771031615278,804.5153169468986,804.5022199676191,0.0,0.0,0.0,804.2363986981247,0.0,0.0,0.0,1002.8363849492596,0.0,0.0
Senate,693.641772133895,693.4767264900332,693.5822134724656,693.4579995875341,101.60719492335008,804.4886488895421,804.7189423804027,804.8053765174125,804.4210009173812,804.4697441999939,804.4320237144219,804.4009406120142,804.3967626163617,804.3492045807426,804.4305717868547,693.3262297530182,1003.0914501022868,693.3565424448801,1136.1935022389316
