index,Primary_school,High_school
Very_good,7.863183804449122,4.9356896115503766
Good,29.622737074034667,24.7065093568389
Not_bad_good_not,29.666136176683363,27.610806929616796
Bad,25.65824462167705,27.607679295443187
Very_bad,2.9737285086397733,11.792534871213944
It's_hard_tell_to,2.9799265641667176,1.9253162915412787
