index,UK,Europe,USA,Rest_of_the_world
2015,14751.324385517994,1236.9784220494585,245.81398220695337,550.1885177960357
2016,14643.934209807789,700.4465435580023,0.0,388.57973437606415
2017,15079.109513447002,626.9603792622802,0.0,0.0
2018,15418.621117768762,806.0695519839574,271.44021002677255,0.0
2019,16973.421675121717,1120.8979088397682,0.0,0.0
