index,&,&.1,&.2,Unnamed:_4,Unnamed:_5,tom,Unnamed:_7,Unnamed:_8,Unnamed:_9,Unnamed:_10,Unnamed:_11,Unnamed:_12
Online,35.47344949233251,35.47344949233251,35.47344949233251,29.29009233090549,29.29009233090549,36.34918556124384,29.29009233090549,29.29009233090549,29.29009233090549,29.29009233090549,29.29009233090549,29.29009233090549
In_store,69.13038157216434,69.13038157216434,69.13038157216434,48.6404804380178,48.6404804380178,50.14169324105573,48.6404804380178,48.6404804380178,48.6404804380178,48.6404804380178,48.6404804380178,48.6404804380178
