index,spending_Foreign_visitor,Domestic_spending
2019,86.6677185039546,12.643152576291968
2028,88.22652313133213,10.825413642420784
