Unnamed:_0,index,ears,1950,earo,colled,200Z,core,2014,1993,1990,Is,eads,edis,ecco,ecos,2015,200,20,2017
0,Male,20.90378948513812,21.83212410107313,20.36032140531946,20.602160587061995,19.084787665503782,20.98534041411858,21.292355391052958,20.439555532775287,22.13562994766476,20.928960467392898,19.818512165086165,22.02191158663705,18.254267634440225,19.624340690026376,21.713587956121813,18.686268722076758,19.068321652994264,23.00474617149154
1,Female,6.187926652874911,6.259972879366252,5.646992271794748,5.896756077999147,4.776303846096521,6.055769605236165,6.409079414309666,8.090357561721493,5.391841175015816,6.615657652345757,5.609492076405498,6.613903087174382,6.352560120211948,5.420968410920132,6.624309306574759,6.686642415377069,6.901360963372603,6.732707021423266
