index,Academic_Medical_Center,Teaching,Community,Community-High_Payer_Public,Specialty_Hospitals
FY_2013,83.2762965279099,70.4937663293308,62.37016643903372,63.695631565253805,62.40304629029881
FY_2014,79.29709951291738,70.56049968401051,60.57943876948029,62.42554529144027,63.67243096182811
FY_2015,81.54684689731603,70.53600565052344,63.70658992474063,65.473086065063,68.18331841533578
FY_2016,81.4676231128554,70.56958233126808,57.41190491403791,64.48469072196009,66.4996733910115
FY_2078,85.22148647449804,73.27140977254425,61.52862552234619,66.50498552259198,0.0
