index,Medical_supplies,Pharmaceuticals
Search_ad_dicks,4.856586544597505,33.610517914727424
Search_ad_conversion_rate,23.571471892043668,46.423919202920125
