index,Domestic_travel,International_travel
Yes,6.087547384909129,18.249573651673412
Not_sure,3.9898209337028314,5.928547264419379
No,90.7197292688126,76.50517758334647
