index,Female,Male
0-14,107.64450614346327,112.22897503191224
15-64,250.81966406897172,253.97996985424976
65+,27.879294851582078,22.646551658079147
