index,Coldplay,KeSha,Lady_Gaga,Justin_Bieber,Nickelback
Men,4.007606942003552,4.00975424200845,6.004817428040132,11.432672717474848,11.433796180226643
Women,4.012300044008123,4.011603488868497,4.015453479214704,4.015894795473379,6.006865102546339
