index,tho_ro,ro,19,oix,29,ar,as,cir,"co,",cor,Unnamed:_11
Men,0.0,3279.0068705847957,55324.29866616412,58529.981672222566,33448.73989853756,19901.33085444782,17832.956948655832,14591.49687106072,10392.314562089216,6262.215163531422,8106.870768163528
Women,0.0,19940.64736889054,69106.54655838205,54025.09991153784,27931.338315178946,16445.6707072915,15382.402926194554,12302.162878625735,7716.989971658157,4375.26162182854,5095.570140079828
