index,Urban,Rural
Female,37.60433878906501,11.935464170169794
Male,61.54032184737852,86.87929686440702
