index,From_home,Live_event,Don't_watch_sports
Total,55.060434879585344,35.01583297675961,9.942664415731812
18-34,39.85098742574241,53.15358585066417,6.868237013070001
355-44,55.05831290581139,37.81933176949628,6.813183378068246
45-54,57.94345068608341,29.988682193606024,9.937751145433722
55+,65.19139596637426,19.890014090714928,12.864478876155616
