index,Food,Gifts_for_others,Clothing,Alcohol,Gifts_for_yourself
More,23.66382692775108,22.703857646768068,17.7932934231211,15.809363717382322,10.821740512814229
Less,17.781572266283224,19.7426819363057,22.69462015513376,21.704502392093666,23.668814683036526
