Unnamed:_0,index,Unnamed:_2
0,Bar,-183.85212435780784
1,Coffee_bar,-177.63165912872634
2,Deli,-64.94180314431857
3,Groceries,-91.01315337586394
4,Liquor_store,-78.86606097486063
5,Mini_market_(transit_stations),-164.80440488566924
6,Online_food_delivery,-40.03608206278362
7,Restaurant,-177.63165912872634
8,Supermarket,-91.01315337586394
9,Wholesale,-64.94180314431857
