index,Rest_of_the_world,South_Korea,India,Australia,Canada,Italy,Brazil,United_Kingdom,France,Germany,Japan,China,United_States
2018,22.244082912792056,0.0,5.001722049837575,30.24108832471769,30.2395993849129,30.235845370165254,30.24113818062066,3.993562929198689,3.999344866485892,3.999533510443058,4.9976823742405045,4.99998113560428,41.32661167964806
2028,23.168917997549784,23.168697014628528,23.167431752658665,23.155035149759044,23.171071233575177,30.241480434657237,30.23812661459015,30.24197360385954,23.157406673792018,5.008145376579151,23.162913729884487,23.15947636749352,5.0043846245473205
