index,Public,profit_Private_not-_for-,Private_for-_profit,Total
2-year_institutions,16.50296117073886,16.49811749733749,17.99343712996752,16.967432331041735
4-year_institutions,7.034817346886435,6.510322893911539,14.120171036096924,8.533755501864743
