index,None_Don't_remember,Others,Sports_memorabilia,Toys_dolls,Groceries,Automobiles_and_parts,Sporting_goods,Home_equipment,Cosmetics_Jhealth_supplies,Event/_tickets_concert/aports,Music,Videos_DVDs/games,Computer_hardware,Computer_software,Electronic_equipment,Books,Clothing_accessories)_shoes,Hotel_reservations_Tourism_services,Airline_ticketes
Female,20.11837721118443,0.0,0.0,1.925298176084901,0.0,0.0,5.901980939084041,0.0,12.999689433311984,13.0015033626402,0.0,10.013425825406555,10.026421071629136,10.001062706071076,16.02449903944197,15.988435742469669,26.239573341834983,20.10693021777229,26.24597706203913
Male,28.09460924022929,28.11567097520689,28.091920410644285,28.09294647167843,1.9210610936894523,28.08193463807988,1.914703179781469,5.131876326664852,1.9233651503866511,0.0,8.948507310226809,10.012862407963702,9.974156087702568,15.05332310936803,15.05522865128858,16.012300822772687,16.0183380926075,24.07847809497111,0.0
