index,Unpleasant_taste,Nausea,Headache,Made_insomnia_sleep_disorder_worse,Drowsiness_somnolence,Dizziness,Diarrhea,Cold/flu,Abdominal_pain
Ambien,0.0,410.0499679177642,572.4755463532313,658.08058306664,2347.546795926676,410.7551908003695,410.4913061752047,410.50521616312267,410.04443093228224
Lunesta,0.0,821.2930886826782,821.4350245788135,820.7195380158025,821.1799181013641,410.5331711873853,820.7273708245332,410.3415374703389,410.80353813701686
