Unnamed:_0,index,Female,Male
0,Within_the_previous_your,6.927069457612774,6.932935214423956
1,have_used_this_application_never,0.0,29.015302144631374
2,Within_the_a_year_ago,0.0,29.013656647416965
3,Today,8.921298218945157,28.99753958987941
4,Within_the_month_previous,0.0,15.054458122095896
