Unnamed:_0,index,Ansors,Aprood,Gorebis,Greats,Cossis,Abreots,Stands,Sender:,noreals,Linesso,sweots,Ameors,Mayzo,Speess,angears,Abrears,RECONS
0,Large_household_appliances,24.838998042314312,21.907731603042517,23.23772528031883,22.87006384353123,25.17329132386877,23.526217999295444,22.767801586691693,20.006802824606428,23.55559621914819,26.88636749252648,25.68891210348876,24.30135196723444,23.93525789636668,24.770983491680404,25.21817885775545,23.478700942778207,23.856767863216128
1,Consumer_electronics,26.486077453745587,26.47560501465792,25.301337510946837,22.87006384353123,24.29908156922241,25.650382292721563,27.073191423312817,20.777709469705325,23.55559621914819,28.45661858302512,25.68891210348876,25.03281881630395,23.93525789636668,24.770983491680404,25.21817885775545,24.878723920666932,26.23996448318391
2,Small_household_appliances,37.06673022360833,35.467488950450694,37.761219410685634,35.012138716449044,37.233911863818726,36.43423720637568,37.77571982801583,29.50693939848148,35.53562980338688,42.213896753193886,38.54972772723572,38.13793200523165,33.57681196250191,37.78141256190525,38.446757873160536,37.02918496211311,37.44402259137325
