index,Unnamed:_1,Unnamed:_2,Unnamed:_3,>,6,6.1,Unnamed:_7,Unnamed:_8,Unnamed:_9,Unnamed:_10,o,Unnamed:_12
18-24_years,8.863158105642306,8.863158105642306,8.863158105642306,32.68975262706939,38.76245867033232,38.76245867033232,8.863158105642306,8.863158105642306,8.863158105642306,8.863158105642306,44.57563803197859,8.863158105642306
25-39_years,2.7184108953660697,2.7184108953660697,2.7184108953660697,53.4506278372709,41.67236720098715,41.67236720098715,2.7184108953660697,2.7184108953660697,2.7184108953660697,2.7184108953660697,8.784907001832806,2.7184108953660697
