index,Unnamed:_1,Unnamed:_2,Unnamed:_3,Unnamed:_4,Unnamed:_5,Unnamed:_6,Unnamed:_7,Unnamed:_8,Unnamed:_9,Unnamed:_10,Unnamed:_11,Unnamed:_12
Canada,80.07623028795224,80.07623028795224,80.07623028795224,80.07623028795224,80.07623028795224,80.07623028795224,80.07623028795224,80.07623028795224,80.07623028795224,80.07623028795224,80.07623028795224,80.07623028795224
Nova_Scotia,79.6160049702379,79.6160049702379,79.6160049702379,79.6160049702379,79.6160049702379,79.6160049702379,79.6160049702379,79.6160049702379,79.6160049702379,79.6160049702379,79.6160049702379,79.6160049702379
