index,More_films_made_by_and_starring_racial_minorities,About_the_same_number_as_it_does_now,Fewer_by_films_made_and_starring_racial_minorities,Not_sure
White,18.93186782741613,47.64423554138453,10.86553218930247,22.618071866155557
African_American,61.44956113638807,18.852038834951458,2.8695179068295573,15.895201996680155
Hispanic,28.591130058873404,42.6219716022403,5.883499922377865,21.551986051899355
Other,19.573235887698686,33.56332604879447,18.896565757890592,26.600342492745312
