index,Male,Female
More_common,29.915732250462213,46.534950153860535
Less_common,31.48049546598068,18.92419892626808
About_the_same,27.38547101673356,23.285191055255
Don't_knowl_opinion_no,10.486246033784056,10.50018283140436
