index,Unnamed:_1,Unnamed:_2,Unnamed:_3,Unnamed:_4,Unnamed:_5,Unnamed:_6,Unnamed:_7,Unnamed:_8
Satisfied,74.38280129301721,74.38280129301721,74.38280129301721,74.38280129301721,74.38280129301721,74.38280129301721,74.38280129301721,74.38280129301721
Dissatisfied,23.22756877256369,23.22756877256369,23.22756877256369,23.22756877256369,23.22756877256369,23.22756877256369,23.22756877256369,23.22756877256369
