index,EU_exports,EU_non_exports
2010,36.53327869670613,236.8527828051379
2011,507.1314111699997,266.80263012275566
2012,408.32993731921727,245.0049098546856
201_3,476.07980106332514,424.3199716421159
