index,Age_18_to_34,Age_35-54,Age_55_and_over
Same_marriage_should_be_legal_sex,65.81749802666347,46.71023092857903,39.75591666286962
Gay/lesbian_relations_should_be_legal,75.80384955063685,60.63344993018558,55.80257963934274
Gay/lesbian_relations_morally_are_acceptable,64.51811103519753,54.48136589398992,45.755051305521626
