Unnamed:_0,index,Unnamed:_2,the
0,Video,17.03847756101669,80.14428756748816
1,Link,45.80767059190567,80.14428756748816
2,Status,1.9578861309700244,80.14428756748816
3,Photo,36.28072046110199,80.14428756748816
