index,18_39_to_years,40_to_59_years,60_79_to_years,80_older_years_and
Served,2.284263607480362,7.105908104990533,30.014226814559937,48.14768514408218
Did_not_serve,2.0452680317699645,8.449915313740213,24.253709463921552,34.07111946208104
