index,Washing_hands_often_more,Staying_public_away_from_spaces
February_4_to_6,40.76355540232275,11.72087733075756
March_5_to_6,56.493586568780096,16.79289218704251
March_13_to_15,81.30718068974826,47.548375504277296
March_20_23_to,88.30382917826174,80.4142849455157
