Unnamed:_0,index,May,Jung,August,Decamber,Nevamber,July,octobar,Contenders,March,Fastury,April,Jandary
0,2012,-180.9019660706912,-441.5620925090383,-703.4105917323332,-913.1711704808,-818.4362911004516,-671.7591215150263,-536.5052721942671,-502.7791135664803,-375.2105961378505,-847.8411956822207,-120.31040437374796,-941.3643716506822
1,2010,-395.9772740458254,-672.0984083982811,-854.2511613346979,-985.2425795731052,-900.2451344629038,-879.2401242728182,-716.3647982412679,-594.6324123216735,-785.2462404959496,-1092.6293601048142,-269.7457380498016,-1103.6435257044873
2,2011,-180.9019660706912,-441.5620925090383,-703.4105917323332,-913.1711704808,-818.4362911004516,-671.7591215150263,-536.5052721942671,-502.7791135664803,-624.4447962308627,-899.8580694340554,-200.66567521843768,-978.0531476025144
