index,Time_savers,Loot_boxes,Cosmetics/Skins,Playable_characters,DLCJ_Expansion_packs,Power-_ups
Female,33.6066090164726,33.612675939091034,33.59142006613013,29.731122447280708,29.733263518215757,19.7845410016749
Male,29.76016342731181,31.765369592796944,35.72402328206529,35.704067701795104,38.73323188497488,29.765124851407013
