Unnamed:_0,index,Unnamed:_2
0,All_India,140.67219752188953
1,Rural,140.47634569746774
2,Urban,141.0665789866536
