index,friends_often_invite_at_home_more,go_out_less_often,go_less_to_the_restaurant
Total,18.89071208921237,15.908443117479932,15.903581657620222
25-34_years,33.94796862065249,25.87746644560784,26.949113815489252
