index,Credit_card,Cash_(ATM_card_card),Paypal,a_special_credit_Bank_transfers,Bank_transfers,Any_other_method
Current,46.81524178605135,18.873605952390896,11.801174537683885,7.911162761285119,7.9080784663716415,28.83716414295379
Preferred,35.85473149930141,15.89269159317852,9.811410578713948,7.895317718170617,5.9214763571195945,22.76569977700011
