index,Unnamed:_1,Unnamed:_2,Unnamed:_3,Unnamed:_4,Unnamed:_5,Unnamed:_6,Unnamed:_7,Unnamed:_8,Unnamed:_9,Unnamed:_10,Unnamed:_11,Unnamed:_12
Conference_tch_operations,4.286618386696063,4.286618386696063,4.286618386696063,4.286618386696063,4.286618386696063,4.286618386696063,4.286618386696063,4.286618386696063,4.286618386696063,4.286618386696063,4.286618386696063,4.286618386696063
Transfers,7.1634950867906895,7.1634950867906895,7.1634950867906895,7.1634950867906895,7.1634950867906895,7.1634950867906895,7.1634950867906895,7.1634950867906895,7.1634950867906895,7.1634950867906895,7.1634950867906895,7.1634950867906895
Release_fees_for_players_national_team,2.3186600760616614,2.3186600760616614,2.3186600760616614,2.3186600760616614,2.3186600760616614,2.3186600760616614,2.3186600760616614,2.3186600760616614,2.3186600760616614,2.3186600760616614,2.3186600760616614,2.3186600760616614
Retail,8.314863403399471,8.314863403399471,8.314863403399471,8.314863403399471,8.314863403399471,8.314863403399471,8.314863403399471,8.314863403399471,8.314863403399471,8.314863403399471,8.314863403399471,8.314863403399471
Match_operations,4.2075112741077305,4.2075112741077305,4.2075112741077305,4.2075112741077305,4.2075112741077305,4.2075112741077305,4.2075112741077305,4.2075112741077305,4.2075112741077305,4.2075112741077305,4.2075112741077305,4.2075112741077305
Advertising,13.56049353849437,13.56049353849437,13.56049353849437,13.56049353849437,13.56049353849437,13.56049353849437,13.56049353849437,13.56049353849437,13.56049353849437,13.56049353849437,13.56049353849437,13.56049353849437
TV_marketing_(Media_rights),16.358104580898782,16.358104580898782,16.358104580898782,16.358104580898782,16.358104580898782,16.358104580898782,16.358104580898782,16.358104580898782,16.358104580898782,16.358104580898782,16.358104580898782,16.358104580898782
