index,Follow_charity_a_on_social_media,Share_about_a_charity_on_Face_book,Fundraise_for_a_charity_via_social_media,Follow_charity's_a_Twitter_feed,Pin_about_a_charity_on_Pinterest,Participate_in_or_watch_a_Google_hangout
Gen,54.51610365946721,49.66401187926063,33.81720739099203,29.82911234926721,19.64277138066366,13.79686110123815
Gen_X,46.52575555872338,37.664784892419725,21.78705293247542,21.765015459395023,11.744903573900976,3.7718041540254745
Boomers,26.7328091822573,18.912062113308927,8.923822261841366,4.857863333982138,2.8993480262553675,0.0
Matures,11.69788381570546,8.720123223714907,5.826845399625405,1.9769551095006503,1.922899750854313,1.9667038298704256
