index,Inheritance,Inheritance)_self-made,Self-made
Male,320.0540312901237,289.12133799039293,318.9984274530063
Female,349.4263673136396,339.84725035587,219.3368389786045
