index,Millennials,Generation_Xers,Baby_Boomers
Yes,92.55131873249536,90.2195492673164,83.59266508498455
No,6.498350195632597,8.722176180669564,15.402080632514838
