index,Portfolios_E5OK_it,Portfolios_E50k_f250k,Portfolios_6250k_fl_m,Portfolios_flm_fl_Om,Portfolios_above_flom
Full_service_wealth_managers,406159.53237421846,259871.3646948582,103566.59363114106,19582.57664310437,0.0
Investment_managers,256715.38234838744,161174.4860156384,64748.59173621354,15005.321261766716,0.0
Private_banks,179294.69337549788,156367.2726002133,98836.71545020718,28441.318230025587,0.0
