Unnamed:_0,index,Unnamed:_2,the
0,Chickpeas,84428533.41733184,260385219.9699604
1,Colored_bean,84428533.41733184,260385219.9699604
2,Canaryseed,-447306847.7553096,260385219.9699604
3,White_bean,-96305016.57468309,260385219.9699604
4,Soybean,84428533.41733184,260385219.9699604
5,Dry_peas,-96305016.57468309,260385219.9699604
6,Sunflower,-447306847.7553096,260385219.9699604
7,Lentils,-168062873.55447933,260385219.9699604
8,Mustard,-447306847.7553096,260385219.9699604
