index,Unnamed:_1,Unnamed:_2,Unnamed:_3,Unnamed:_4,60,Unnamed:_6,Unnamed:_7,Unnamed:_8,Unnamed:_9
2010,1.8149490814245084,1.8149490814245084,1.8149490814245084,1.8149490814245084,7.032431025800598,1.8149490814245084,1.8149490814245084,1.8149490814245084,1.8149490814245084
2011,14.0721404142892,14.0721404142892,14.0721404142892,14.0721404142892,5.869578205444135,14.0721404142892,14.0721404142892,14.0721404142892,14.0721404142892
