index,Pampers_Baby_Dry,Pampers_Active_Fit,Pampers_New_Baby,Other_Pampers,Up_Pampers_Easy_Pants
2014,947.5912869622624,960.2785292141886,358.2415252234175,212.35958670756247,344.8762806273229
2076,890.880630617104,760.7792828837826,262.1950780787904,110.90065672037258,345.3194023137588
2017,780.9936474593555,620.5231226330943,204.15018067079652,106.28272459897973,457.9528241901627
2018,586.8531884692507,464.1690151263738,218.35730890035347,142.2989084114688,426.9040987031556
2019,578.414253485941,485.01880621043495,161.62179682989608,220.3435073129052,415.6829874631409
