index,Familiar,Willing,Using
P2P,5.925628880703986,1.897519928687938,0.9212455067775452
POS,19.79784734377903,7.880492980431789,3.869046235237772
m-commerce,25.737118235878626,12.799659120155033,6.924398645343498
