index,2019
Slimming/dietary_tea,1829.711547610976
Fruit/herbal,18315.34370640437
Green_tea,14636.472487842
Decaffeinated,449.3908720733489
Standard,11071.909309876592
Other_(white)_teas,3659.97457058472
Black_tea,9458.366256699715
Org_lite),4301.141000063642
Fair_trade_tea,1864.0925897590787
