index,Dairy_products_and_desserts,Grains_and_flour_products,Fruit_and_fruit_juice,Snacks,Fish,Pizza,Meat,Potatoes,Frozen_meals,Vegetables,Baked_goods
2017,20.378488656710637,20.38476321313389,20.38586935832559,7.231494733580131,20.38571658506515,9.200234486084106,12.199193624329382,12.244902048130088,12.578424441851658,12.60533424117939,31.69409433673697
2018,0.0,0.0,0.0,7.25031506354366,0.0,9.22599639889215,12.194076137517976,12.202838477089356,12.598662307313685,12.608514930372126,31.692573282745062
2019,0.0,7.25545592549874,9.215919207489126,7.254140238840538,12.20149106702188,9.226979824579562,12.209678211093577,12.205050767472752,12.612954538017002,31.70426168940845,0.0
