index,1.5-3_years,4-10_years,11-18_years,19-64_years,65_years_and_over
White_bread,25.96369022927371,43.85783670140843,56.85428038283931,51.70080832889535,41.89639900497921
Wholemeal_bread,7.641106168864212,8.653176112382035,7.617380645650016,17.183010535702145,19.80713372040756
and_wheatgerm_bread_Brown_granary,10.052384166373464,13.966757799326524,11.988298329173716,14.752584183623412,15.973268970036663
