index,Pomorskie,Lubuskie,Zachodniopomorskie,Wielkopolskie,Dolnoslaskie,Kujawsko-_pomorskie,Warminsko-_mazurskie,Opolskie,Mazowieckie,Slaskie,Lodzkie,Podlaskie,Matopolskie,Swietokrzyskie,Lubelskie,Podkarpackie
Andrzej_Duda,39.904681193533015,39.98891824562019,59.51747324323318,59.515539830766905,59.508857094995,59.38341882115283,52.88146946533173,52.33217822604803,52.32170501380335,89.34236805077443,54.12317386834741,59.76482428851095,59.37145456839991,59.35739522408947,59.36959974993634,59.37491270451844
Rafal_Trzaskowski,59.49935171175492,59.51574192963097,59.525191174297696,59.51216477973694,59.52501602194884,59.50677996778095,52.07074987211633,52.32429637034931,52.06538751558968,52.0581995326576,54.15576118740717,59.77948543832774,39.983400946631086,52.89366276346394,89.3504969161959,52.88897631536045
