Unnamed:_0,index,Unnamed:_2,using,for,the,X14,I,Aps,Marea
0,Walking,-205.21148796255164,490.235768593084,-509.9759159828434,490.235768593084,490.235768593084,490.235768593084,490.235768593084,490.235768593084
1,Driving,-266.7201958418738,490.235768593084,-509.9759159828434,490.235768593084,490.235768593084,490.235768593084,490.235768593084,490.235768593084
