index,Obama,Romney
DNC_RNC_and,266.5527566016385,352.4984728860378
Campaign,643.982312658523,410.6049087951751
Super_PACs,72.85799914453008,204.11672729821717
