index,Total,Elementary,Middle_School,High_School
"Large_(10"")",30.61532999192765,22.75406342181836,29.52592622583586,37.58800158488771
"Medium_(8""_9"")_to",27.5669690372298,28.64096288539535,29.533287651596808,25.632588104849333
"Small_(about_7""",43.48714010040576,50.45596194033824,42.58761204277452,39.6667073589924
