Unnamed:_0,index,Unnamed:_2,(OS
0,Police_force,8337.011593323992,13325.647967328596
