index,Black,Hispanic,Asian_American
June_2018,57.4291706946397,67.19824369745602,77.43814081216692
June_2019,64.25148492118232,73.12507232128783,79.1091338483672
