index,"February_2014_6-9,"
Respect_him,40.60950623992399
Don't_much_have_respect,52.3657631659609
No_opinion,5.74040569693495
