index,Under_18_years,18_to_24_years,25_to_34_years,35_44_to_years,45_to_54_years,55_64_years_to,65_and_years_older
Likely,31.64849131035901,47.64839413324114,63.64062163106672,77.15956643523785,87.41199054881075,94.35018072145316,91.25076061042236
Unlikely,67.17626696602618,51.25460005929472,35.25233926222917,21.57833979205884,11.42003814797323,4.462489960001975,7.665559708937849
