index,Argentina,Chile,Mexico,Brazil,Colombia,Peru
Allowed_long_the_decides_as_as_woman_so,39.25350154980471,29.29859436939367,24.876939260149054,20.24586426456682,19.21840671592058,13.932308325452638
Allowed_in_ce_woman's_life,34.84828148555437,41.85377954257797,33.849865863977286,36.944958967505045,35.653725627613284,39.14705456936007
Forbidden_the_unless_pregnancy_threatens_th_Forbidden_no_matter_what_the_circumstance,12.184468013961776,16.613331827901035,18.820812245311075,18.37636453464272,17.547169748293285,26.200147447741077
Forbidden_the_no_matter_what_circumstance,7.04295793396787,6.439731654464538,13.684326211591852,12.810576419117696,13.7239373423931,14.073008344793877
