index,Unnamed:_1,be,2,Unnamed:_4,it,Unnamed:_6,Unnamed:_7,5,Unnamed:_9,it.1,Unnamed:_11,it.2,Unnamed:_13,Unnamed:_14,st,Unnamed:_16,Unnamed:_17,5.1,Unnamed:_19,Unnamed:_20,it.3,Unnamed:_22,Unnamed:_23,5.2,Unnamed:_25,Unnamed:_26
Facebook_fans,0.4191264228129381,0.0,0.3617545030550495,0.4191264228129381,0.0,0.4191264228129381,0.4191264228129381,0.862777148783094,0.4191264228129381,0.0,0.4191264228129381,0.0,0.4191264228129381,0.4191264228129381,0.0,0.4191264228129381,0.4191264228129381,0.862777148783094,0.4191264228129381,0.4191264228129381,0.0,0.4191264228129381,0.4191264228129381,0.862777148783094,0.4191264228129381,0.4191264228129381
Twitter_followers,0.1299238013081201,0.0,0.0770437901863849,0.1299238013081201,0.0,0.1299238013081201,0.1299238013081201,0.8642710698061622,0.1299238013081201,0.0,0.1299238013081201,0.0,0.1299238013081201,0.1299238013081201,0.0,0.1299238013081201,0.1299238013081201,0.8642710698061622,0.1299238013081201,0.1299238013081201,0.0,0.1299238013081201,0.1299238013081201,0.8642710698061622,0.1299238013081201,0.1299238013081201
