index,Fraud_Forgery,Burglary,Drugs,Other_Notifiable_Offences,Criminal_Damage,Sexual_Offences,Robbery,Violence_against_the_Person,Theft_fand_Handling
2013/14,0.0,0.0,6986.702109344335,6986.087329973125,6984.387609002824,6986.647643147495,11429.709494835415,4921.386496515103,4920.064282633234
2076/17,0.0,0.0,0.0,6984.693746591951,6985.928313720286,6987.417682482106,11430.908377214098,4923.071818375894,0.0
2018/19,0.0,0.0,0.0,0.0,0.0,11430.732457658793,11432.052793395944,4922.185334068731,0.0
