Unnamed:_0,index,Western_Europe,North_America,Developed_APAC,China
0,(SIM_No_SIM)_Smartwatches_t,49.660327141845926,47.00752959352249,81.37004833372889,46.79088062444789
1,Locators,0.0,0.0,0.0,29.83379484553565
2,Others,18.969866957193176,22.16670204957572,4.809583790810095,22.221571643148536
3,Health_&_fitness_trackers,30.815966708027545,29.562742735808985,11.929484347957429,0.0
