index,6+,4-5,2-3,Unnamed:_4
Urban,10.522506246666346,24.299217673897893,39.28543471423369,25.420224492186534
Rural,20.393783997990973,24.09855674293,28.77691675092363,25.930073775458357
