index,Denmark,Turkey,United_Kingdom,Germany,China,Spain,United_States,Brazil,India,South_Africa
Awareness_Technology,0.0,0.0,0.0,0.0,21.85947199435816,0.0,0.0,24.48350237999773,24.48093522972974,0.0
Regulatory_and_model_environment_reimbursement_business,9.68190188497308,11.163591457168408,9.649992222634676,21.22701184328516,21.22276605251302,21.94018772266969,9.679197623782503,24.4795129943972,24.48320646828911,25.52828993398225
Technology,0.8456769313429078,0.0,0.0,0.0,0.0,21.909999305924373,22.35429446902285,21.938925837399157,22.356825985943733,0.0
Impact,2.3160622114860843,0.8637027571534723,0.0,0.0,0.0,0.0,6.199545504403972,0.0,0.0,0.0
