index,Total,Mecklenburg-West_Pomerania,Bremen,Saarland,Schleswig_Holstein,Saxony-_Anhalt,Thuringia,Brandenburg,Hamburg,Rheinland-_Palatinate,Berlin,Lower_Saxony,Saxony,Hesse,Baden-Wirtemberg,Bavaria,North_Rhine-Westphalia
Ilness_cases,200.1681583338105,98.1228385709114,200.4384734620428,101.23471409200808,0.0,0.0,0.0,791.2851276207706,791.175497122624,791.2809539940151,791.1700131711895,791.1178913672898,0.0,0.0,96.11168431075464,0.0,165.09401822224856
Deaths,0.0,0.0,0.0,0.0,0.0,0.0,0.0,0.0,0.0,0.0,0.0,0.0,0.0,0.0,97.31097110588496,0.0,0.0
