Unnamed:_0,index,17_years,16_years,5_years,14_years,13_years,12_years,years,10_years,9_years,8_years,6_years,3_years,2_years,year,0_year
0,One_father,97287.35035858808,97268.32593420902,69411.64422202323,69443.67494433466,69437.59086581739,69433.0291809309,69423.69421493122,69456.35148191382,69436.86539304024,69400.50931409549,69426.67579812513,69452.70213400462,55459.84916080611,55484.83125556702,69409.01438320614
1,Unkown_father,0.0,0.0,0.0,0.0,0.0,0.0,0.0,0.0,0.0,0.0,0.0,0.0,55489.44515250944,0.0,0.0
