index,Friendly_service,Cleanliness,High_food_Fast_service,Fast_service,Inviting_atmosphere,Healthy_food_choices,Sensitive_allergies_to
Wagamama,45.14004897361996,55.37314782514453,32.04073006594165,42.21417322301286,29.160586735125868,38.28140526517217,36.27617938027712
Nando's,39.17190214759145,44.49408489438159,28.03497244810523,34.0758616952459,30.08553110637708,22.983001480046468,34.05064671595638
Pizza_Express,39.16123700725798,44.13376978334423,24.10342713734628,29.099786290773245,25.21438320672219,18.10275654421003,29.172007139446123
Frankie_Benny's_&,38.31196466854749,37.17747687639071,22.083112906885766,29.163621338409072,29.23185927027275,19.043646130034094,29.19397414490908
