index,Unnamed:_1,Unnamed:_2,Unnamed:_3,2,Unnamed:_5,it,Unnamed:_7,6,Unnamed:_9,st,Unnamed:_11,o,Unnamed:_13,5,Unnamed:_15,of,Unnamed:_17,Unnamed:_18,>o_it,Unnamed:_20,5.1,Unnamed:_22,6.1,Unnamed:_24,5.2,Unnamed:_26
Facebook_fans,0.3226231763546454,0.3226231763546454,0.3226231763546454,0.0,0.3226231763546454,0.0,0.3226231763546454,0.5869675071948012,0.3226231763546454,0.0,0.3226231763546454,0.0,0.3226231763546454,0.5272101881362875,0.3226231763546454,0.0,0.3226231763546454,0.3226231763546454,0.5865828729346967,0.3226231763546454,0.5272101881362875,0.3226231763546454,0.5869675071948012,0.3226231763546454,0.5272101881362875,0.3226231763546454
Twitter_followers,0.1302291357277941,0.1302291357277941,0.1302291357277941,0.0,0.1302291357277941,0.0,0.1302291357277941,0.6746134144901312,0.1302291357277941,0.0,0.1302291357277941,0.0,0.1302291357277941,0.2113342259300624,0.1302291357277941,0.0,0.1302291357277941,0.1302291357277941,0.4621651653369818,0.1302291357277941,0.2113342259300624,0.1302291357277941,0.6746134144901312,0.1302291357277941,0.2113342259300624,0.1302291357277941
