index,Every_day,Several_times_per_week,About_once_per_week,Several_times_per_month,About_once_per_month,often_Never_Less,Never
White,50.47092214256772,22.644854560210845,6.915023569575695,4.762866421642897,4.763264496150562,6.874443735436117,1.8663990655349425
Hispanic,49.70273637604851,21.724743954911823,10.772353666028556,4.780405465622401,1.870385752022159,4.797148360586583,5.921542485244508
African_American,49.63141271295501,26.735408786870916,4.769865403285124,2.7715491990384464,1.8456041285673732,4.758000406392483,7.905587421320874
Other,31.5787397317572,18.768446594442885,12.742388755999336,13.674168291642452,3.793228217897664,3.8096324524598018,13.656688661768564
