index,Americas,Rest_of_Europe,Asia_Pacific,Germany
2018,44739.11132018418,59831.65735196191,59747.26142689047,59747.31965679294
2019,43760.78241024382,109714.23259435424,59737.53703317815,109797.28507239016
