index,U.S.,Canada,Mexico
2008,1613.5901509047635,164.75832451120368,0.0
2015,2718.415592656353,206.565409326854,0.0
2022,4947.6796798084615,294.1830634724565,0.0
