index,All_adults,Practicing_Catholics,Practicing_Protestants
Aware_of_Lent,71.12166048342286,93.93309573196912,68.94655983952515
Planning_in_2014_to_fast,16.517485643594142,62.191767768851314,15.427670204369647
