index,China_and_Hong_Kong,Japan,India,Arab_Gulf_States
2010,1549.6534729226114,1317.3127886003865,576.6014498308759,1272.406048400082
2020,2183.8924969528016,1382.5001759780175,1489.2154116275449,1980.503402574152
