index,Flickr_other_photo-sharing_or_site,Restaurant_blog,YouTube_other_video-sharing_or_site,Text_messaging,Twitter,Smartphone_applications,Online_review_sites_such_as_Yelp,Facebook
Quickservice_restaurants,50.74104680833149,64.58777156604941,76.41499681530897,85.38269695384498,85.40613971009567,76.55676039351398,0.0,90.4928202173698
Fast_casual_restaurants,50.86718707974357,64.61557232055222,70.79054400135963,85.40426085932866,85.41710876830808,136.4705905282533,136.47241480659142,136.48322794357836
