Unnamed:_0,index,Q4,o,8,Q2
0,2016,212.40791192927188,224.30092547468237,221.35649416994573,221.3407260661737
1,2017,212.40791192927188,224.30092547468237,221.35649416994573,221.3407260661737
