index,Popolin,Johnson_&_Johnson,Gardi,Estee_Lauder,Cireaseptine,Lapitak,Covergirl,Chanel,Amway,Akat,Voila,Neutrogena,Lux,Innova,Imaj,Fume,Garnier,Clinique,Clarins,Neva,Fonex,Hobi,Dalin,Egos,Lancome,Hobby,Sebamed,Maybelline,Ipek,Max_Factor,Olay,Dove,L'Oreal,Nivea,Arko,Oriflame,Avon
2012,0.0,0.0,0.0,0.0,0.0,0.0,0.0,4.94849399412216,0.0,3.887011826341976,49.146671569577904,3.882387789376807,3.880040440538444,49.38702680641283,15.852148396538864,49.15084055156056,49.14549294890892,49.15732437845425,49.14706585634847,49.40053148160815,49.402642823669865,49.41152628832849,49.39879605453198,4.952944205736863,49.39625085570122,4.969337490821175,49.40774876668794,7.89677826725238,7.906703270799547,24.782184116941785,32.71170090507893,15.861981541160992,15.868401773414275,15.861116654051372,24.792048352277,15.863452697175887,24.78679402176463
2013,0.0,0.0,0.0,0.0,0.0,49.15943854694444,49.16184525078052,4.96216260216832,4.967327900184117,3.891025354759165,3.8969523752456814,3.8895753969577456,3.87653284281609,3.883555104331954,0.0,0.0,49.16032604548175,49.15458698248801,49.15073738692166,49.14397233039592,0.0,0.0,4.966224179869386,4.966084271660478,4.963807583533679,7.907065053642789,49.35312097057293,7.904223079823431,7.904748795517513,7.917753192874912,7.90903507428137,7.911063036703439,7.900047031769624,0.0,0.0,55.76307915639024,32.72799102552435
