index,Legacy_WMS,ERP:_with_a_WMS_module,Best-of-breed_WMS,Labor_management_systems_(LMS),Product_slotting,On-demand_Cloud_Saas,Warehouse_execution_system_(WES)
2015,34.993676774423705,34.01292969362585,15.985779826642847,9.921573487003217,5.972903178427181,2.88612570398547,0.0
2016,35.04228588686202,39.06816228867925,10.874259045384044,9.9303209754,7.963752469848721,2.8927163459869405,0.0
2017,42.09165058362775,35.991140665856264,13.035609296283198,11.917106788229894,8.890415751534292,5.09439612147974,0.0
2018,42.98430475138623,33.06525342350886,18.94254099900396,15.005850946275691,0.0,8.893818664640598,5.986850117879037
