Unnamed:_0,index,sorting,Constring,sasses,sookes,and,assiving,sorens,easses,sassor,work,soores,ROISTIC,evists,Dating
0,Women,8999.704809515504,6973.495410788072,2012.407173294396,1725.7159324764189,8307.582624351699,8294.289497397749,6869.989421810131,6162.691617418353,3081.0267940466056,8892.825215000466,3816.152767254725,7614.206293685357,8481.359491686317,8136.583121092181
1,Men,3245.5445920453494,2805.925060347153,982.2619439076934,837.1275991127213,2735.527799184857,3190.7739532681744,2741.4912330209736,2307.703656272404,1275.9327770876134,3154.8445446900178,1640.867205178026,2798.871065204483,3115.509934873361,3008.46675616234
