index,>the,to,Unnamed:_3,Unnamed:_4,in_<.,in,is,to.1,for,for.1,is_<,in.1,(,to.2,in.2,Unnamed:_16,to.3
Wireless_(UMTS_LTE_WIMAX_WLAN),97.3797471342627,99.07616970495042,92.57882365871394,92.57882365871394,94.30920512449724,98.78027904730368,96.21505055650664,99.07616970495042,97.8993988533826,97.8993988533826,98.33866506261144,98.78027904730368,98.72831839034453,99.07616970495042,98.78027904730368,92.57882365871394,99.07616970495042
Fixed-_lline_(DSL_CATV_FTTx),95.67494610113827,93.66131584558808,93.60958738620224,93.60958738620224,95.34916645586138,97.77151603988588,96.25196352072923,93.66131584558808,99.51351383426692,99.51351383426692,97.95600991174042,97.77151603988588,98.31673529179946,93.66131584558808,97.77151603988588,93.60958738620224,93.66131584558808
