index,Spain,Italy,France,Canada,Germany,United_Kingdom,Japan,United_States
2014,0.0,0.0,59.99546811966261,29.91879289568817,59.99505851198103,29.91720923808208,100.36135970698764,100.34305834051736
2024,0.0,0.0,100.34431335940216,100.35305562567572,59.99538238782228,100.35470834504208,100.36664650380791,100.36287906571346
