index,TOTAL,Hispanics,Whites,African_Americans,Asians
Top_Describes_completehy.somewhat_2_Box:_me,29.91038675881808,28.851344101646664,31.80963690440302,24.840760109390207,26.91203007608863
Top_Describes_completely_Box:_me,8.851023526720063,10.90333736181552,8.860757139793996,7.96661092351647,6.7504021304428505
