index,Facebook,YouTube,Instagram,Twitter,Tumbir,Linkedin,Googlet,Snapchat,Pinterest
Gay_&_Bisexual_Men,78.75319526099777,71.99558765120345,43.51692034102203,35.5210806333169,35.50644684937023,31.670409830384894,21.627590258809548,20.571110845529983,15.685612101477446
Lesbians_&_Bisexual_Women,87.73823206957712,68.12520113377826,43.5503676947886,36.46669145297823,15.64389584377075,29.627256147943115,21.66746596004711,21.62456195407709,28.690947845214424
Gender_Expansive,81.91098722110938,70.03456540115377,40.56888381753625,32.44309900975455,32.43519277703987,25.680686006223095,22.856392904858826,17.728675116112882,15.63484719669593
