index,Washington,New_Mexico,Minnesota,Pennsylvania,Michigan,Texas,New_York,Idaho,Wisconsin,California
2018,10035.756814753298,8243.03193704207,8241.853166400266,10088.179686331216,10081.284225455052,12831.031912957167,12828.5087879783,15134.756179745618,15127.673134543356,15123.599544054294
2019,6799.403806062815,8258.177634482912,9949.756348803096,8255.098704093369,11366.211384840131,9944.275875868272,12848.09513906483,15147.822238608189,15142.533981711222,10051.413158415196
