index,Prescription_medications,Home_health_care,Hospice,Nursing_home,Skilled_nursing_facility,Medical_provider,Inpatient_hospital
With_Alzheimer's_disease_ooher_dementias_or,24454.40509070904,24464.048864633616,14624.360112028577,14653.57483261016,24480.822788274163,157962.59772668337,14654.408600117267
Without_Alzheimer's_disease_other_dementias_or,0.0,0.0,139493.13598393096,139520.09172850806,157957.67726622266,157964.5240171308,157981.4622299353
