Unnamed:_0,index,AEP,Dominion,Berkshire_Hathaway_Energy,Dynergy,Entergy,Tennessee_Valley_Authority,NextEra_Energy,Southern,Exelon,Duke
0,Coal,19.59429200828093,14.72162522642158,29.521837103305188,59.21197525039848,10.030079528253594,10.062504974965009,10.047212822369644,39.27112151728181,0.0,78.74158785998523
1,Hydro,39.406828855379466,59.19392947489609,98.54859157527292,98.43965035784154,19.52914666164478,59.28952969673908,39.395076612843205,98.60754693293003,98.49210185880872,9.79282789630328
2,Natural_gas,19.465596539559957,9.924697635378903,19.60950326713636,98.48656225549868,39.281220291774005,4.871492204755647,39.28879194583096,9.662841363493108,9.828421141870152,9.56466224922132
3,Nuclear,0.0,9.771400762472028,9.719007504997611,19.90642859315432,19.528292423751168,9.689795157636013,9.67133197043561,9.692124897345842,39.25725309450913,39.23869930632
4,Renewable/other,0.0,0.0,39.23565770169884,0.0,0.0,0.0,0.0,0.0,0.0,0.0
