index,Average,ARG_(2/6_217)_UMass,ARG_(2/6_2177,(2/4_Monmouth_2/6),CNN_WMUR_(2/3_2/6),Boston_Herald/FPU_(2/2_2/6)
Ted_Cruz,13.345614808634608,13.516505893634246,10.27232508155366,12.705160045495674,14.596731136956976,16.005891471071962
Chris_Christie,5.3817602713021415,5.012920040644289,6.150333851738409,6.135741564282952,3.9179485209030105,5.026837709785212
Donald_Trump,31.16815807421696,33.65226403006275,29.66884820141992,29.65151344385977,32.714735225877234,30.807618581950837
Marco_Rubio,14.557654604368992,12.964396798466794,16.311874873554885,12.866305828973552,15.568826796954042,15.186743515469772
Jeb_Bush,9.44079201363374,9.943646639033233,8.821895705328473,12.906753596613882,6.847273233103152,9.567026299335057
John_Kasich,11.968520842882782,9.387328512207771,15.728945987344602,12.953316925931532,10.52516762615234,10.921139245546478
Carly_Fiorina,4.212940044543885,4.254201753846303,0.0,4.86987162673428,5.775620042059515,3.610315236672591
Ben_Carson,0.0,0.0,0.0,3.697905625444136,0.0,2.7767069841547567
