index,TV_shows,Information,Entertainment,Films,Documentaries,Sports,Children,Other
January,26.77118064114042,15.84769829000942,12.81856061572265,16.843898992960533,11.83013228723193,6.899816984998008,1.9011380704077825,6.916461160702777
March,24.69904010220577,21.749872767948798,14.773016792993896,13.796422989041336,10.819456252976195,2.893091112062009,1.90125265086666,7.908340543490585
