index,Slovak_Republic,Poland,Estonia,Hungary,Czech_Republic,Turkey,Chile,Iceland,Slovenia,Israel,Greece,Sweden,Norway,England,Australia,Italy,Scotland,France,OECID_Average,United_States,Portugal,Finland,Denmark,Japan,Spain,Netherlands,Austria,Ireland,Belgium_(French_community),Belgium_(Flemish_community),Germany,Korea,Switzerland,Luxembourg
Primary_school,0.0,0.0,0.0,161.24739860672796,161.04459252166606,160.95577387175254,161.04236973492658,161.03111412910727,161.03266275195654,161.01690294971127,160.99967757379164,161.01372265483786,161.03846153846152,161.04610206255066,161.05712317658208,161.05877927483414,161.27877165385104,161.00246704901855,161.01809494963314,161.03754799753784,161.0463072428651,60.83970043674094,61.311673782841055,62.81173729103364,62.81116083205504,65.91442026790686,66.23286011587803,66.21940126430155,70.37713118838485,70.38527489276885,70.37986204066479,0.0,0.0,0.0
Upper_secondary_school,62.80994929115087,68.95123059336194,48.447776724735945,61.30672991431278,161.0632297335587,70.38073649962382,161.0407722596215,161.02271639195305,161.06511543835308,68.95003370819452,161.0683787824014,161.09503268229295,85.24694427888892,161.0701277003195,51.83732620738844,161.1004748458705,161.06621461860888,60.8424850267223,61.32946584724813,161.11049448455773,60.84215771526836,61.326148765498445,61.33948060068981,62.83082394551974,65.45752278967062,66.22698805068933,66.23000224721298,68.9631212811068,70.33894322367584,70.3905411875055,70.39010640064876,66.2260256573098,65.92288151325367,70.36679889398039
