index,Male,Female
No_interested_not_very,16.67383754387913,14.397540655310875
Yes_interested_revery,10.21055104280363,14.08513448896258
Yes_somewhat_interested,14.645875791397003,25.861598711650142
Don't_knowl_opinion_no,7.940999119837272,4.645260267213658
No_interested_all_not_at,49.78803730592559,41.03428211697073
