index,--7.5,-2_5,10,2._5,-5,5,Mexico,Brazil,Argentina,10_Colombia
Mobile,0.0,0.0,0.0,0.0,0.0,0.0,14.813277467474029,0.0,14.148543341767068,33.1989338547572
Fixed_line,0.0,0.0,0.0,0.0,0.0,0.0,17.51056711813776,12.84222635119353,60.23454137145798,93.75221156484196
