index,Periscope,Tumbir,TikTok,WhatsApp,Snapchat,Reddit,Linkedin,Pinterest,Twitter,Instagram,Facebook,YouTube
Q2_2017,3.903826679987958,11.863385163257265,3.900614491821898,15.842092170613014,0.0,0.0,21.911640220478454,0.0,0.0,0.0,0.0,0.0
Q4_2078,0.0,11.884902083565647,0.0,15.841446572710352,25.922189199914577,25.909261440514022,0.0,32.01485462083313,0.0,0.0,0.0,0.0
Q3_2019,0.0,0.0,0.0,0.0,0.0,21.97581400640452,0.0,0.0,0.0,0.0,79.96826412267986,0.0
Q3_2020,6.87249576862493,6.885450616049383,11.831439353751987,11.837574791162623,18.94179731747299,21.91163344847248,21.918037508786675,18.92530296826051,0.0,40.04532503597064,0.0,0.0
