index,Unnamed:_1,Unnamed:_2,Unnamed:_3,Unnamed:_4,Unnamed:_5,Unnamed:_6,Unnamed:_7,Unnamed:_8,Unnamed:_9
2015,18.563940562017702,18.563940562017702,18.563940562017702,18.563940562017702,18.563940562017702,18.563940562017702,18.563940562017702,18.563940562017702,18.563940562017702
2016,6.270249104039333,6.270249104039333,6.270249104039333,6.270249104039333,6.270249104039333,6.270249104039333,6.270249104039333,6.270249104039333,6.270249104039333
2017,12.326584733590073,12.326584733590073,12.326584733590073,12.326584733590073,12.326584733590073,12.326584733590073,12.326584733590073,12.326584733590073,12.326584733590073
2018,1.7321918104318357,1.7321918104318357,1.7321918104318357,1.7321918104318357,1.7321918104318357,1.7321918104318357,1.7321918104318357,1.7321918104318357,1.7321918104318357
