index,Yes,No
Total,52.43626932145998,46.58124544723991
Male,44.616278169780095,53.49715041411604
Female,59.33306663090815,39.453420347122986
