index,Above_55_years,45_to_54_years,35_to_44_years,25_to_34_years,18_to_24_years
Dettol_customers,39.90086158396425,22.9615766835258,39.9056933377585,50.12565751091873,6.9532742932732745
National_population,17.931029551233134,17.92142159463004,17.932941923454052,17.934297603885067,11.004003689530984
