index,Never,Once_a_month_or_less,Few_times_a_month,Few_times_week_a,Every_day
Women,25.72420848242881,21.83204899582906,33.592525900953405,14.808921811773544,0.9455802866219756
Men,15.865727280485435,22.707016481045606,38.698830242059145,19.75031037420993,1.8578718112810928
