index,Biologics,Surgical_procedures
Crohn's_disease_patients,45.57794270891832,57.49436152483296
Ulerative_colitis_patients,24.706521290630526,16.74165038092466
