index,Union_States,Confederacy_States
Army_Size,99187.51278467324,51751.215496653895
Casualties,17646.448628292696,11693.145462649176
