index,Generation_Z,Millennials,Generation_X,Boomers_and_Silents,Total
Gained_weight,148.24012442672347,108.85945399739086,173.36208051147636,148.20230399172007,118.57153197268678
Lost_weight,193.91173066105404,119.8455494592236,138.86232073621045,179.73770764621366,143.81175955641345
