index,Support_strongly,Support_somewhat,Oppose_somewhat,Oppose_strongly,Not_sure
Male,10.752632279184027,10.743517515979503,16.75861329652483,40.62686201526176,18.677452955136182
Female,3.931557010131989,4.87570669900515,9.822518743232862,63.240516724079846,16.785113087311167
