Unnamed:_0,index,Dishwasher/bus_person,Host/hostess,Crew_person_(fast_food),Restaurant_manager,Chef_cook_or,Waiter_/waitress,Bartender,Shift_crew_supervisor_or,Business_operations
0,Happy_with_hours_current,39.90664099637419,99.6068038987608,99.60763475541486,99.68024958389064,99.67565263109148,99.64327646278444,99.64090307307995,99.65421721044645,99.64682462931536
1,Would_like_hours_more,51.49808221939519,0.0,0.0,0.0,0.0,0.0,0.0,0.0,0.0
