Unnamed:_0,index,Male,Female
0,Yes,73.41445197412297,81.55927916973447
1,No,24.91319037089864,18.90341424623397
