index,in,Unnamed:_2,Unnamed:_3,Unnamed:_4,Unnamed:_5,VX,VK,Unnamed:_8,Unnamed:_9
Smartphone,98.47086943882452,78.35940234105865,78.35940234105865,78.35940234105865,78.35940234105865,72.67438415005753,71.70643309291331,78.35940234105865,78.35940234105865
Tablet,0.0,20.738522077594126,20.738522077594126,20.738522077594126,20.738522077594126,26.37522980670744,27.31970300711437,20.738522077594126,20.738522077594126
