index,use_it_regularly,it_use_occasionally,it_have_used_once,imagine_using_it_can,won_'t_use_it
City_urban_community_or,25.746216725518423,21.83746206929232,6.9106010283594514,31.72463049490496,12.905290302120882
Suburban_community,26.74651551224837,15.889671946295389,2.8920641766101767,38.729241697960674,13.775487573126142
Rural_community,22.705207990534507,17.838968874806536,3.895878235351674,33.6014918604822,20.83713822229528
