index,TV_Free,Pay_TV
March_9-13_2020,201.30948177392168,134.4806687816227
March_16-20_2020,248.96962747776485,152.33880373095272
