index,Unnamed:_1,Unnamed:_2,Unnamed:_3,Unnamed:_4,Unnamed:_5,Unnamed:_6,13,5,Unnamed:_9,19,21,23,25,27,29,31,33,35,37,39,Unnamed:_21,43,45,Unnamed:_24,49,51
Influenza_Type_A,4819.917720014615,4819.917720014615,4819.917720014615,4819.917720014615,4819.917720014615,4819.917720014615,23277.540529355305,9754.98356555702,4819.917720014615,2998.188933408346,2974.328766871964,3091.487614110876,3460.8756886964256,3491.2692091606223,2766.788873698264,2121.3114052297096,2083.3582871156977,7038.221090039384,2108.5251244376414,1997.4640741980184,4819.917720014615,2947.157174372158,3736.034303389715,4819.917720014615,8219.866154250842,12510.251063515912
Influenza_Type_B,1092.3916930642226,1092.3916930642226,1092.3916930642226,1092.3916930642226,1092.3916930642226,1092.3916930642226,3598.3804143772286,3234.642646795917,1092.3916930642226,2342.025403857857,2259.782709299834,1620.2777406319656,2410.944829629741,1005.0983280953368,1002.932476519265,2645.235674707892,14059.735886930015,17189.17960242155,1094.0891717788036,940.4091744100442,1092.3916930642226,1190.341286448711,2211.304626502104,1092.3916930642226,9050.0674926785,4582.494444971075
