index,Less_than_high_school,High_school_diploma)_equivalent,"college,_Some_no_degree",College_advanced_or
Democratic,71.52648039403502,56.69601051392265,52.65926225881854,50.66228994428339
Republican,27.628031365873102,42.63156646970269,46.652985107443065,48.64219893017702
