index,None,Other,"Tablet_computer_(e_iPad,_Xoom)_g.",Smartphone_(e.g._iPhone_Droid_Blackberry),Live_(i.e._attend_the_games),Computer_(desktop_laptop)_or,Television
Female,44.92009514356575,44.921323785129886,0.0,39.905455523936936,39.92773861412277,90.95386755548562,90.9614171009644
Male,0.0,0.0,0.0,0.0,39.898992463147096,90.97528247332656,90.97175393660312
Total,0.0,0.0,0.0,90.98110075114678,90.95032886469969,90.98381188583788,0.0
