index,Europe,North_America,Japan
Cycle_length,89.89410921483943,34.98377902041612,59.96923764872376
Main_swash'_cycle,39.76501977686146,11.783765432577,10.866208851841492
