index,0-6_years,7-16_years,17-24_years,25-59_years,60-_69_years,70_years_and_older
Men,2903.948429366892,3787.3226415174,3184.415672136407,15116.09809227496,3126.2053622313506,1418.543644645577
Women,2742.3334276149435,3564.820857906356,3111.4180657635334,13402.820005150306,2397.8318044233547,1307.2919085271403
