index,Yukon,British_Columbia,Alberta,Saskatchewan,Manitoba,Ontario,Quebec,New_Brunswick,Nova_Scotia,Prince_Edward_Island,Newfoundland_and_Labrador,Canada
Primary_treatment,36.069515948217386,99.53764093482904,36.05622398194892,99.46035259591424,99.38664876791364,99.3286289602776,39.82569423122237,39.92747434789749,99.49020328889588,99.44930630431212,99.4485279941734,79.66757945546853
Secondary_treatment,99.46552228894586,0.0,0.0,39.8368476297243,0.0,39.78201960770312,0.0,99.4165494441152,0.0,99.41033010346528,11.415589052246752,71.3284575892379
Tertiary_treatment,0.0,0.0,39.78862096296244,0.0,0.0,19.780459417195654,0.0,0.0,0.0,39.51993259405771,0.0,0.0
No_(including_CSOs)_treatment,0.0,0.0,0.0,0.0,0.0,0.0,0.0,0.0,0.0,0.0,19.667882925018034,0.0
