Unnamed:_0,index,Unnamed:_2,the,States,bo,Liness,Say,St,State,Sass
0,Men,79.87755641216883,54.336999326916434,55.65217524035724,54.9836632702118,98.10470783892728,57.55565023542661,52.29197516860321,52.93813030829237,98.10470783892728
1,Women,83.55334700870226,54.336999326916434,55.65217524035724,54.9836632702118,98.10470783892728,57.55565023542661,52.29197516860321,52.93813030829237,98.10470783892728
