index,Adult_day_services_center_(19_900_FTEs),Home_health_agency_(145_000_FTEs),Hospice_(85_600_FTEs),Nursing_home_(945_700_FTEs),"Residential_care_community_(298,_800_FTEs)"
Registered_nurse,20.43854822583577,52.98782945313396,48.010902374781146,11.611659973675287,5.998849483043401
Licensed_practical_Aide_or_vocational_nurse,11.230437331621744,19.456162950850697,8.597505811412347,22.437704112872822,9.666254957161016
Aide,56.86916199008392,25.029030777079583,31.669966851293424,64.10657451850264,83.38731116977735
Social_worker,11.223808591628057,2.497943538555589,11.305085755568712,1.780107071173347,0.0
