index,Yes,Unsure,Probably_not,Definitely_not
October_2013,10.793943252736888,6.81542374359698,29.462894446370232,51.45557636132839
May_2014,11.815258627422269,13.735993467255142,35.55403762156721,37.53647484388691
