index,Married_living_together,Married_living_separately,Single,Widowed,Divorced,"Married,_total",Partnership_without_a_marriage_certificate
Campers,42.89898429838056,1.9793486864704164,43.947303244370765,2.788767417895066,7.832626411975845,44.95700598891826,15.615208267992893
German_population,49.019541770589086,1.9347678360738956,33.10112895838623,7.447528513324471,7.796583379382788,51.02663214202149,12.335640784384005
