index,Global_North,Global_South,World_Total
1910,495.18070419565856,106.1251731733264,599.5744993597709
2010,842.356895440286,1313.7562189068865,2163.2981625622983
