index,All_households,With_children,With_elderly_people_(age_60_or_older),With_disabled_nonelderly_people,Without_children_elderly_or_or_disabled
Monthly_income,730.875798650596,924.5263357809451,812.5554745013517,948.8316479158044,269.03125961267347
Monthly_SNAP_benefit,284.39107818139394,419.5867374300212,140.8403603511615,218.831459905088,189.94250281930044
