Unnamed:_0,index,Unnamed:_2,I,CONTERTION
0,Too_hhigh,54.17240439080179,48.16931159835706,92.26722497511795
1,About_right,44.05065627899493,49.94104810014866,92.26722497511795
2,No_opinion,6.496902871864933,4.707715698185851,92.26722497511795
3,Too_low,4.552925772017844,4.707715698185851,92.26722497511795
