index,Image,Link,Text,Video
Q4_'12,4.370123994058156,2.680507858552274,2.2764540261706383,2.875902456190645
Q4_'73,4.47367840980809,1.0785939612386644,0.587153080026682,1.889988079479035
