index,Gen_Y,Genx,Boomers,Matures
Have_given_through_crowdfunding,16.605655430257798,9.702519679700876,5.7544437847596654,1.859316329077032
Likely_give_through_crowdfunding_in_the_future_to,46.42786047435495,29.441123859621563,12.70662341518522,3.787188443593344
