index,All_of_them,of_them_Most,of_them_Some,None_of_them,Don't_know
18-34,12.738857633922803,26.63749753481824,38.4528352400244,11.854982255800545,8.793215274828164
333-54,4.875290584896092,18.621505104586724,45.420668151963504,21.654742396596056,7.742968484162716
55+,2.922421113332284,14.670282153037803,49.37123167803687,26.604128425836265,4.930595128085564
