Unnamed:_0,index,iMesssage,WhatsApp,Facebook_Messenger
0,Sweden,27.85260886376317,29.897024343392253,27.860767907965453
1,Finland,4.83228386146795,29.853029064470796,89.24875219810875
2,Norway,23.798537154217183,50.64635873134697,50.657781834617474
