index,Trentino-_South_Tyrol,Aosta_Valley,Molise,Basilicata,Umbria,Friuli-Venezia_Giulia,Abruzzo,Liguria,Marche,Sardinia,Apulia,Calabria,Tuscany,Emilia_Romagna,Lazio,Piedmont,Veneto,Sicily,Campania,Lombardy
Public_state,279.7312005017002,119.44798743809132,120.49860382801036,196.141391829422,280.2534003641449,280.017697783956,279.9642496273036,278.87034402114523,279.1632095944069,464.8664417750185,279.25168335158924,1328.6483181040203,1001.5062524487594,1002.4633156112892,1329.249060222199,1329.9128787465263,1329.88058241357,1487.0691093004948,1329.6519304412802,717.2125505066126
Public_not_state,522.4916666363415,76.53753288767439,75.83603530823166,0.0,0.0,0.0,0.0,0.0,0.0,0.0,0.0,0.0,0.0,0.0,0.0,0.0,0.0,0.0,0.0,0.0
Private,0.0,0.0,0.0,0.0,0.0,0.0,0.0,0.0,0.0,0.0,0.0,0.0,0.0,0.0,0.0,0.0,0.0,0.0,1488.7090200473804,0.0
