index,Local_TV_News,Fox_News,Local_Radio_News_Stations,PBS_News_Hour,60_Minutes_(CBS),Local_Newspapers,Face_the_Nation_(CBS),NPR_(National_Public_Radio),Meet_the_(NBC)_Press,Radio_Talk_Shows,LUSA_Today,CBS_This_Morning_(CBS),ABC_World_News_Tonight,CBS_Evening_News,NBC_Nightly_News,The_Today_Show_(NBC),Good_Morning_America_(ABC),The_Daily_Show,MSNBC,The_New_York_Times,CNN,Internet_News_Sites,Twitter,Saturday_Night_Live,Facebook
Republicans,30.14227438921684,30.158672966895097,30.14164749031473,30.15753103993874,30.154594957875357,30.156528423849515,39.05193466911347,19.0105846708232,19.02155434622466,19.02233955293033,19.01802513759059,19.020640382505427,19.02502656404944,19.02090000730327,19.01193134253883,30.118209492304768,27.00509708912054,30.1549601212089,30.118388907815465,30.181121013440126,39.069057241146695,39.05254890339129,39.03699674476941,39.05764430389526,39.04500289808819
Democrats,30.135507258307257,30.15303931985902,30.15092221683273,30.155781211016706,30.138983697673467,30.13317063512669,30.139739353589132,30.126230421018548,30.12401200099797,30.15367677261469,0.0,0.0,0.0,0.0,30.13143980314108,30.148682689105,30.124854198512924,30.12771851437203,30.18758208259615,30.170628372220065,0.0,0.0,0.0,0.0,0.0
