index,1892:_Benjamin_Harrison,1896:_William_Jennings_Bryan,1900:_William_McKinley,Theodore_1904:_Roosevelt,1908:_William_Taft_Howard,1912:_Theodore_Roosevelt,1916:_Charles_Evans_Hughes,1920:_G._Harding_Warren,1924_Calvin_Coolidge,1928:_Herbert_Hoover,1932:_Franklin_D._Roosevelt,1936:_Franklin_D._Roosevelt,1940:_Wendell_Wilkie,1944_Thomas_E._Dewey,1948:_Thomas_E._Dewey,1952:_Dwight_D._Eisenhower,"1956:_Dwight_D._Eisenhower""",1960:_Richard_Nixon,1964:_Lyndon_B._Johnson,1968:_Richard_Nixon,1972:_Richard_Nixon,1976:_Gerald_R._Ford,1980:_Ronald_Reagan,1984:_Ronald_Reagan,1988:_George_H._W._Bush,1992:_George_H._W._Bush,1996:_Bob_Dole,2000:_George_W._Bush,2004:_George_W._Bush,2008:_John_McCain,2012:_Mitt_Romney,2076:_Donald_Trump,2020:_Donald_Trump
Democratic,0.0,401.0853912872347,401.1998344422208,0.0,0.0,0.0,0.0,0.0,0.0,0.0,0.0,400.8011403730104,0.0,0.0,0.0,0.0,0.0,0.0,400.69098548612686,0.0,0.0,0.0,0.0,0.0,0.0,0.0,0.0,0.0,0.0,0.0,0.0,0.0,0.0
Republican,400.6540374618507,501.02007177488736,400.81783398812377,401.0741728715736,400.9431892539064,501.3160388501775,501.1726115973913,501.2332216724475,501.3439125928438,501.26932735834646,501.2485752037789,501.3244239458422,400.8439847659276,401.02937578514553,400.7400325525495,401.0381054737828,400.76139731684594,400.9357996490512,400.4817026874806,400.8782909107477,400.7038502904345,400.8006426276056,400.5771166527617,400.464243310206,300.4017188297469,300.4821238566692,300.39241481948875,300.4315069778163,300.6621928288671,300.232753408886,300.63454881484904,300.3303115082183,300.37510859464646
Progressive,0.0,401.07026748455166,0.0,401.117132128815,401.1632692990251,401.0953844834379,501.2741899480698,501.2081046735613,0.0,0.0,0.0,401.0206078084002,401.0829408483189,401.1255938006958,400.9339235317564,401.04649056944754,400.9299798566264,400.9771890938621,400.65285053050087,400.9072750085478,400.9098020236797,400.9170001879946,400.6263551597245,0.0,300.5680423711519,300.5196844906743,300.47795045289087,300.5366078344361,300.58469769815724,300.569420743042,300.45884468696977,300.60663678407457,300.39984271245214
