index,Morally_acceptable,Morally_wrong,Not_a_moral_issue,Depends_Don't_know
Catholics,40.71097527237878,14.844527826983963,35.74664206243153,7.831330989225727
US_population,41.734662436416826,7.789730947625685,42.59694189518751,7.8349527472334515
