index,Industrial_countries,Developing_countries,World_total
1980,14.224529451549367,2.4755505783352767,5.466433793324562
2005,12.91477764975733,7.926235910697621,8.937048462345768
