Unnamed:_0,index,Bank_withdrawal,Car_loan,House_apartment_loan,Bank_deposit,Buy/sell_stocks,Deal_with_advisor,Find_advisor,Send_/receive_money_(international),Set_up_investments,Line_of_credit,Claim_other_insurance,Make_insurance_claim_(home),Statements,Make_payment,Obtain_insurance_(home),Buy_fother_insurance,Transfer_between_accounts,Send/receive_(domestic)_money,Balance
0,Computer,80.68862073117211,80.71656885857767,80.71962932611457,80.70669613208172,80.73457435033033,80.70431922074594,80.72533080624679,80.71893023454523,80.68970043926255,80.68259300830755,80.73233725730843,80.72932339587615,80.71457256376299,80.6902053387293,80.70555428251845,80.68197159357923,80.68324549377226,80.6611775032333,80.71343848188383
1,Smartphone,25.038484990892385,0.0,0.0,0.0,80.74363923767949,80.72509777572367,80.74941062696863,80.70741852670336,0.0,0.0,0.0,0.0,0.0,0.0,0.0,0.0,61.32732632429304,61.34471816900151,100.96243936351595
2,In_life_real,101.080578071051,101.0805314649464,101.09949238184382,101.13820651941728,101.09790777428664,101.09163925321484,101.10037789783166,64.55051907549023,75.87005441262716,0.0,0.0,0.0,0.0,0.0,0.0,0.0,0.0,0.0,0.0
