index,Bulgaria,Romania,Germany,Netherlands,Hungary,Greece,France,Europe,Belgium,United_Kingdom,Italy,Turkey,Portugal
Discretionary_mandates,49.66073496790405,99.13465346877643,49.68193307829011,99.1831842373588,99.2037963180011,99.17295325503436,99.17023961976774,99.16876155460122,37.637018373042864,99.12795021229866,99.14301088802848,99.13745370942394,99.19446025794548
funds_Investment,99.10554251342673,29.531987408732363,39.77597497450915,0.0,0.0,0.0,99.16391742696568,99.15746243924632,0.0,0.0,0.0,0.0,0.0
