index,Northern_Africa,Africa_Eastern,Africa_(total),Africa_Southern,Middle_Africa,Africa_Western
Males,71.39208428694683,62.45548898251096,61.297888235673234,60.31156730968275,57.33136577931619,56.48891953877048
Females,74.44508554348957,66.35261573814535,64.27042615793324,66.33114034226952,61.31031656924748,58.27916387714631
