index,--10
Domestic,5.685132061175317
International,4.102203935909429
