index,"Service_Management,_occupations",Service_occupations,Sales_and_office_occupations,"Natural_resources_construction,_and_maintenance_occupations",Production_transportation._and_material_moving_occu_pations
Male,38.38174326701949,13.39005349405879,14.0511518030102,14.282270168795996,18.24104799022312
Female,50.83203094011572,15.152776975659537,24.92877718889958,1.6940804943107397,6.062035507429869
