index,Maximum,Mean,Meadian,Minimum
2014,60.71359875092404,12.655787724873932,9.768205851433123,1.5549566347305728
2015,65.2895847275558,15.289641831960893,10.88235332042774,1.8506248235059388
