index,International,Specialty_Stores,Retail,Mass,Royalties_Jother,Chains,Upscale_department_stores,Mainline
2009,26.831071398872528,17.910497286088148,16.84256943450821,14.812567504181056,9.921532870317003,6.939641658138456,2.909472116543917,2.9326149591718185
2010,25.8632424233443,18.841793168101493,17.885452092065535,13.86212485271677,10.894502086890022,5.881227185315016,2.926549490956795,2.9395561901772425
