index,Porsche_Panamera,BMW_7-Series,Mercedes:_Benz_5-_Class,Tesla_Model_5,Lincoln_Navigator,Land_Rover_Range_Rover,Infiniti_0x80,BMW_X7,Mercedes-_Benz_GLS-Class,Cadillac_Escalade
2018,56515.457443012536,56567.06234003219,104944.23699949632,209965.8609020816,209894.01798888008,209899.41479319523,56555.246609372494,133856.91289801672,56585.46053656115,56521.92543121448
2019,133986.3217239133,209945.05867453956,133483.75658752825,209962.8272438984,209968.9763300272,133492.82485417297,134040.29794404114,134089.94854374064,133956.51664553638,134067.96065464447
