index,Australia,China,India,Indonesia,Japan,South_Korea,Singapore,Global
Very_important,17.976513837911448,10.927680312141971,25.99430986246572,16.941859772566936,17.9152857461252,7.045567181885502,15.072329796082428,16.05951881086056
Important,32.77867259788206,27.93436353317326,37.798892515186864,38.96433907622523,27.83700349417533,31.77192912390533,35.6849536007725,30.680502513528918
