index,Very_positive,Somewhat_positive,Neutral,Somewhat_negative,Very_negative
18,27.653640373322084,25.754652969137272,36.60524530191724,6.937796513856036,2.896349396366027
30,24.669043714191066,24.810367840091796,34.70336652450558,9.930625270283016,4.8452898869379695
45_54_years,17.82673087079777,15.898118852983814,30.760715966896623,19.818087282560302,14.868165684571911
55,18.89046913157184,20.803478214903997,33.63746827805851,18.896821494500468,7.839171294610651
