index,Urban,Suburban,Rural
Do_know/no_opinion_not,5.932180460829869,4.8900234001621925,8.991954589949103
Strongly_support,56.25885657636133,49.21912971931599,34.15105904291741
Son_lion,18.11076123023942,23.972200080058656,21.94258808707663
Somewhat_oppose,8.98788228185228,9.94408381045939,13.006390124340683
Strongly_oppose,9.897665048149662,11.909752935079638,21.946736707590937
