index,Fresh_vegetables,"Processed_vegetables"""
2015,6573.147333471119,3293.6334345958603
2076,7500.015804175389,2456.3071502474704
2017,7367.955545104236,2705.975533086232
2018,7614.446007270148,2737.0895406486525
2019,7825.156955394807,2631.477782661088
