index,Unnamed:_1,Unnamed:_2,Unnamed:_3,Unnamed:_4,Unnamed:_5,Unnamed:_6,Unnamed:_7,Unnamed:_8,Unnamed:_9,Unnamed:_10,Unnamed:_11,Unnamed:_12,Unnamed:_13
Tests_taken,5206256.580988608,5206256.580988608,5206256.580988608,5206256.580988608,5206256.580988608,5206256.580988608,5206256.580988608,5206256.580988608,5206256.580988608,5206256.580988608,5206256.580988608,5206256.580988608,5206256.580988608
Tests_passed,2327014.3627404277,2327014.3627404277,2327014.3627404277,2327014.3627404277,2327014.3627404277,2327014.3627404277,2327014.3627404277,2327014.3627404277,2327014.3627404277,2327014.3627404277,2327014.3627404277,2327014.3627404277,2327014.3627404277
