index,to_H,sox,Unnamed:_3,cor,6,Unnamed:_6,Unnamed:_7,Unnamed:_8,So_I,Unnamed:_10
Men,0.0,0.0,33.94774753755184,2.9021983226141543,3.931572712412631,33.94774753755184,33.94774753755184,33.94774753755184,34.00880819684956,33.94774753755184
Women,0.0,0.0,55.10917196838919,21.03560544722188,6.939944364897386,55.10917196838919,55.10917196838919,55.10917196838919,42.29470262903404,55.10917196838919
