index,Direct_writing,Bancassurance,Brokers,Agents
2012,15.223519371033085,15.22230222795664,16.74047073830876,77.99406414307462
2013,10.632075557902937,0.0,78.0045249943803,77.9829910651464
2014,10.628924875224564,15.219767426985122,77.99444427184324,10.64600508422228
2015,0.0,16.76827313714059,0.0,61.09776619522171
2016,77.98284303423169,16.729457969271706,16.7305928729511,77.98892326698746
