index,M&G,Aviva,Aberdeen_Standard,Schroders,Insight,UBS,Legal_&_General,JP_Morgan,State_Street,BlackRock
Global_assets,0.0,0.0,0.0,1184.190456245895,1184.9100930006753,675.7309167753419,1186.157844135817,1186.2288559108256,1185.622685691984,1185.4026063034844
UK_assets,0.0,0.0,0.0,0.0,640.5283047604544,640.8944056809423,680.9073515273249,680.6716609711293,0.0,0.0
