Unnamed:_0,index,to_a,Unnamed:_3
0,Android,35.126359870491925,23.47425167632028
1,Apple_ios,4.05203237161119,15.060002837199576
2,Windows_tablet,7.432386018457528,2.5549252579847845
