index,Peroni,Carling,Budweiser,Amstel,Tiger,Heineken,Gusta,Fosters,Vole,Troy,Skol,Guinness,Marmara,Corona,Becks,Miller,Carlsberg,Tuborg,Efes_Pilsen
2012,0.0,0.0,0.0,1.8630443731429267,0.0,0.0,0.0,0.0,0.0,0.0,0.0,0.0,9.94667509807897,0.0,9.994141964377292,0.0,0.0,0.0,0.0
2013,0.0,0.0,0.0,0.0,0.0,0.0,0.0,0.0,89.32052930742849,0.0,89.32251664424119,0.0,0.0,9.991339370489214,0.0,0.0,0.0,0.0,0.0
