index,Not_very_important,Unnamed:_2,Unnamed:_3,Unnamed:_4,5_Very_Important
Speciality,34.62817070492113,10.7082875843762,10.7082875843762,10.7082875843762,17.69609350770101
Consumables,37.69039743125828,10.745975287612431,10.745975287612431,10.745975287612431,16.841800978882247
