index,Total,American_Indian,Asian_or,Black_African-_or_American,Hispanic_or_Latino,White
Female_presidents,35.69022376259319,30.72589949138832,44.49575007791342,42.4446884047591,42.44899172205801,32.58545561966283
Female_executives/administrators_/managers,55.40640691035093,57.5049833880461,53.57112925821865,60.36668146674965,53.57221895642971,54.37796162637656
