index,Postgraduate,College_grad,Some_college,HS_or_less
Significant_crisis,78.36403104929568,74.40160701318344,65.52962645738675,60.43008929851077
Serious_problem_crisis_not_a,18.641225329324,21.56151972662913,29.62116660206988,32.60753884408888
