index,Strongly_support,Slightly_support,Neither_support_nor_oppose,Oppose,Strongly_oppose,Don't_know
2012,25.9261118542116,40.79045146483014,19.90709861462064,6.875490768764507,4.834939873589335,0.8032101940952288
2014,23.97234908631244,45.88266600768142,16.86833466074942,6.902181972850514,4.816723802855051,1.932543289419044
2016,26.732227643923,42.03107750273551,19.89953255870921,6.889731064111111,2.871298080595181,1.897123791175133
2018,29.78336770902273,45.92790124081879,14.721732402411185,4.83128054920936,1.932468491908132,0.857875667262121
2020,31.904475523449527,44.79400549732937,15.918688201253635,3.868308625461964,0.8107129598051159,1.962715454589784
