index,Kidney,Liver,Heart,Lung
2017,549.497981763558,176.44000383778678,67.353158421089,0.0
2018,353.1943647759455,185.1957215948059,59.19049569252695,0.0
2019,502.02873187226623,195.95720456747205,27.23785410814685,9.288518900388794
