index,Men_15-17_fold_years,Men_old_I_8-24_years,Women_1_5-17_years,Women_24_18_years_old
Themselves_naked,148.50259561645436,494.9217723974522,148.20100112725993,98.09863798537845
Their_naked_partners,49.38705237928468,396.2726717429848,148.32942531628942,98.13198381342204
with_their_Games_partners,48.95572266850536,396.5956987643918,97.72487970421288,98.32755566986236
