index,Obsessive_compulsive_disorder,Separation_anxiety_disorder,Agoraphobia,Post-_traumatic_disorder_stress,Specific_phobia,Social_phobia,Panic_disorder,Generalized_anxiety_disorder,Body_dysmorphic_disorder,Other_anxiety_disorder
Male,0.7128224077626086,0.713141853774117,0.7130788107864152,0.9174438677648652,0.9174330080108316,0.7129482116664785,0.0,0.0,0.0,0.0
Female,1.7338239027417357,0.9171610910526912,0.8127839049983077,0.8126308811914702,0.9169396648990183,0.9166664786189778,1.7336866749407651,1.7335821674376624,0.9170122983188536,1.7334572097483922
