index,(in_Soap_kilograms,Wipes_/napkins,Toilet_paper
Usual_week,54.54030463229092,6.372561428522886,1.9340403517257985
02.03-08.03,66.51851253839033,6.990647206214618,2.0250710792714983
09_.03-15.03,79.41008822792254,9.856085427854223,3.1324093883248594
