index,Urban,Suburban,Town,Rural,National_average
Total_programs,3828.9443534094953,4680.569231272432,4481.511316307008,4876.155482266919,4367.817638135233
Children's_programs,2648.708237877162,3321.272095809817,3356.9409554538893,3536.822625888128,3119.863344692099
