index,Overall,Male,Female
Yes,46.59545335163705,57.77586824513348,36.88429509965077
No,52.53357458302435,41.35367802017741,61.97729130769184
