Unnamed:_0,index,12_weeks_to_11_August_2019,12_weeks_to_12_August_2018,12_weeks_to_13_August_2017,12_weeks_to_14_August_2016,12_weeks_16_August_2015_to,12_weeks_to_18_August_2014,12_weeks_to_17_August_201_3,12_weeks_to_19_August_2012
0,Tesco,26.968577836236832,26.9618403247632,26.920574959546546,43.8965072816223,26.925003548548887,59.72731247102018,59.745041967504754,46.83737804820349
1,Iceland,0.0,0.0,0.0,0.0,59.74508738893042,0.0,0.0,46.67916008213708
2,Morrisons,0.0,0.0,0.0,0.0,2.086115237942039,0.0,0.0,0.0
