index,16-17_years,18-25_years,26-34_years,34_years_and_older,Total
No_most_are_not_corrupt,12.8112191417256,15.973140246710976,11.860532589980338,9.938174845010025,13.789106373708291
Yes_some_are_corrupt,66.04835817314957,62.909280643220406,60.98122486272226,55.93299315951018,61.93881445041649
all_of_them_Yes_almost_are_corrupt,20.75247316692755,20.741973498624127,26.803816287766598,34.90580561304259,23.969721425394265
