index,All_coworking_spaces,Coworking_WeWork_spaces_without_in_the_same_city,Coworking_WeWork_in_spaces_with
A_positive_impact,18.832328771994227,16.196602916740915,25.758155101677488
No_impact,51.84267356522395,0.0,33.930728491969546
a_negative_impact,11.366648293078995,2.207527196897104,33.12901044717144
Don't_know,17.23177430687535,18.75937534733868,7.467977425962388
