index,Male,Female
Urban,85.90398456988532,73.23739832540932
Rural,58.8802403361678,34.9650630953133
