Unnamed:_0,index,Unnamed:_2,State
0,Residential/commercial,631285.4065655612,3349476.8372585378
1,Industry,935495.4511272612,3349476.8372585378
2,Energy_supply,935495.4511272612,3349476.8372585378
3,International_aviation,207239.3019661256,3349476.8372585378
4,Waste,631285.4065655612,3349476.8372585378
5,shipping_International,207239.3019661256,3349476.8372585378
6,Agriculture,631285.4065655612,3349476.8372585378
7,Transport,935495.4511272612,3349476.8372585378
