index,Italy,EU28
From_medical_a_practitioner,90.1953261094206,91.82478876007276
Not_from_medical_practitioner_a,8.619895962082936,6.513358796441253
