index,OTC_pain_medication,Abortive/_acute_prescription_medication,"prophylactic_Preventive,_prescription_medication",Rescue_prescription_medication
Used_in_the_past,44.31732608191093,22.710651755789257,33.3810027192834,18.51487932900456
Currently_use,48.607666207858514,65.42753489218407,49.30240671873037,44.300012716738266
Overall_tried,93.06882915208212,88.01795295808444,83.35749791825266,63.35650108813665
