index,Male,Female
Remain,45.33352470184661,51.47773048822784
Leave,55.51073118917442,49.23633757600136
