index,Northeast,Midwest,South,West
Households_with_internet_subscription_an,83.53872622656034,82.4838549538495,80.97140069505204,86.11916386269588
Households_with_without_subscription_internet_access,2.475349273993942,2.963227605940247,3.065335051411921,2.439332728924228
