index,Republican,Democrat,Independent
More_favorably,6.768226403998028,31.5566819156191,18.599048764037235
Less_favorably,52.4285142169967,12.76293776193755,18.594189817178943
Had_affect_no,37.61002859885056,51.40308219938669,59.36778446590549
