index,Total,Elementary,Middle_School,High_School
Personally_owns,51.38516753778841,43.48478090630773,55.31643471456853,52.44452522200056
School_provides,16.76699944703271,19.714861769716546,15.694620095399394,15.720644332220589
Share_with_family,27.622575675312,31.59221395958716,26.598921741640854,26.58979925353793
Other,1.920057752415957,2.7588746713847314,0.8962383025615139,2.7401013165936945
