index,18_24_to,25_to_34,35_to_44,45_54_to,55_64_to,64_older_and
None,39.698376022455335,31.0494223905004,31.3248781898682,31.031572638638337,35.27066773233206,58.69933866914877
One_three_days_to,7.359671211008063,12.134455281491752,16.2912009009828,8.110833946176854,13.909425276660414,8.3341031601488
Three_days_to_seven,19.374383384066206,29.018908767573464,22.547551204941115,29.466085563534406,23.41223296037705,20.22779548873916
More_than_week_a,32.08187217134682,26.425686013903047,28.643437886761248,30.14993116367185,26.636881478936655,11.506043350221644
