Unnamed:_0,index,matenware,matemanted,maternaws,matmanism,matemaring,matemanders,matannous,Instendwers,matemarens,mutemanders
0,Deli_meat,7.81818612597236,9.662188238308572,19.57387872876997,43.498261240221936,41.0104257892833,7.868373195049685,9.420521189363685,3.615060499219112,2.2024554576259163,9.204801049571556
1,Deli_cheese,17.661397804573184,20.95848444125243,33.94928016591043,47.24930716423472,51.04561434942572,18.68809748375474,19.58576836157908,8.153443525000313,17.494100372841892,19.527753290767343
2,Deli_department,-13.516186428002143,-14.660500572985242,-11.980068913780856,19.279043200703555,0.0532476953304268,-13.870599746637753,-17.328992189065758,-22.7334244223716,-24.193076690580117,-19.54275396014431
3,Deli_preprared,-29.02597117811858,-32.382750828943614,-33.77910214476445,1.6764166216634635,-20.97421966093013,-30.15210880389502,-36.03885252584843,-40.76435864000747,-44.74049382088364,-40.24876194067325
