index,No_response,Don't_know,At_least_once_per_year,At_least_month_once_a,1-2_times_week_a,3_or_more_week_times_a
Corporate_members,4.90335670018726,34.95059998920218,30.960342177123977,15.965155730088686,15.971840431003375,56.14347598764503
Individual_members,0.0,30.966525347874395,30.95110294013179,44.92366938222282,44.92400610360789,0.0
