index,Northeast,Midwest,South,West
Nonmovers,91.35697718231242,88.83392087831523,88.5117610138065,88.49572810751268
Movers,7.378854313750367,10.271830694479036,10.623668360964288,10.219762215689784
