index,Yearly_wage_including_bonuses,Yearly_excluding_wage_special_payments,Bonuses_and_allowances,Additional_liability_for_tax
Average,344.4597365430758,297.362413155981,44.362660408502165,0.0
Men,421.0528425034837,363.2014537923444,56.55997436111824,0.0
Women,258.3321058173998,225.60369631188215,31.83400660842892,0.0
