index,Often,Sometimes,Rarely,Never,Don't_know
Bachelor's_degree,18.7680746884044,45.66047463590783,29.49504644390075,4.899074762686446,0.0
High_school_or_steql_Bachelor's_degree,12.72660063882568,50.4092500830168,29.642251163189453,2.7579958173037227,1.851878058813185
Vocation_'s_degree,20.68360630275898,39.66826456273266,27.768035638944585,7.797284565157838,1.840603628311385
Master's_degree,12.727052790465592,50.465821886899256,29.85272187947105,4.947613534836371,0.8641498653674446
Doctoral_degree,10.887429802723886,46.612494593998655,31.5774895425253,10.876126011725994,0.0
Professional_degree_(MD_JD_etc.),12.614208659760884,46.60939118956105,30.755745041672817,5.794622742581552,2.773762403708588
Some_college,23.7408442962979,46.56781085498645,25.718567313488187,1.817837499636667,0.8088288186187853
