index,South_Africa,Indonesia,Brazil,Mexico,Korea,India,Japan,Middle_East,European_Union,China,United_States
1990,0.0,0.0,0.0,0.0,0.0,0.0,591.3366089616023,0.0,0.0,0.0,0.0
2016,0.0,587.4790136719323,587.5544287022525,587.4178708122737,587.3004280917411,591.4336707289153,591.3445889027819,0.0,0.0,0.0,0.0
