index,Krasnodar_Krai,Rostov_oblast,Smara_region,Saint_Petersburg,Irkutsk_region,Republic_of_Tatarstan,Moscow_region,Khanty-_Mansi_Autonomous_Okrug,Nizhny_Novgorod_Region,Moscow
May_2019,1443.2960301900985,1441.7734909162818,1971.6649509171505,1972.3911075406968,1973.8009925633123,1973.4996058652923,1974.3008653229736,1440.281675529156,1971.5757053415227,1971.1670288804532
May_2020,1442.2260586440525,1444.1953134767473,1442.504036666498,1974.4769180705223,1973.982409799014,1974.8343880537727,1975.0567704717296,1974.214058151052,1974.1023792613323,1974.7656250692728
