index,Desktop_/laptop,Mobile_phone,Game_console,Handheld,Tablet
Phone_only_gamers,34.47233324180712,40.58839056489551,18.624539379708217,3.829164443741398,0.0
Tablet_only_gamers,31.62518559922873,0.0,11.839716322290784,1.9000187998558644,53.40933548295142
Phone_/Tablet_gamers,21.60096087547158,23.59142590440443,18.60946682329129,5.7931109214638425,29.540233937728505
