index,Med24,Webapoteket,Zooplus,Aliexpress_com,Cdon._com,Asos,Coolshop,Ticketmaster,Ebay,Boozt._com,DSB,Danske_Spil,Saxo_Boghandel,Amazon_,Bilka_dk,Elgiganten,Wish_com,Just_Eat,Coop_dk,Matas_webshop,Nemlig_com,Ham/Hennes.Maurtzz,Zalando_Ldk
2017,0.0,0.0,0.0,1.1020189566016936,1.1028913822567028,0.0,0.0,0.0,0.0,2.009845432907141,0.0,0.0,0.0,Amazon_/Amazon_co_Luk_com,2.011620553880901,0.0,0.0,3.999563637322676,3.9994584427486775,0.0,2.1053168514514757,0.0,2.7107035329193083
2078,0.0,0.0,0.0,1.102803270562242,1.1024316430073775,1.1027514225243462,1.1032615113133617,1.1038588126979143,1.103586086024586,2.008476105247321,0.0,0.0,0.0,Amazon_/Amazon_co_Luk_com,0.0,2.01248428824632,0.0,0.0,0.0,0.0,0.0,0.0,3.4097106879485377
2019_(HI),0.0,0.0,0.0,0.0,0.0,0.0,0.0,0.0,0.0,2.008980799442799,2.008583697418448,0.0,2.010645031549381,Amazon_/Amazon_co_Luk_com,2.011690084197617,2.011995478131817,0.0,2.008023558789381,0.0,1.6001503293399355,2.1057681991108512,0.0,4.022075875557516
2020_(HI),0.5918054925353813,0.6972593067228021,0.6981386254695541,0.6970827836342415,0.0,0.0,0.0,0.0,0.0,0.0,0.0,0.0,2.011286388781164,Amazon_/Amazon_co_Luk_com,2.012074898536687,2.012415956728168,1.6018906851553374,2.1053683997897306,4.000046453444359,1.601158818631967,2.105326441839988,2.103608263798021,2.1040080631191413
