index,Display_advertising_including_programmatic,Online_PR_and_outreach,Website_personalization,Socila_media_(paid_--ads),Social_media_(organic),Paid_search_marketing_(AdWords),E-mail_marketing_and_marketing_automation,Content_marketing,SEO
Lowest_ROI,25.80100693937028,25.76889484004934,0.0,0.0,60.01528572178401,0.0,0.0,0.0,0.0
Medium_ROI,0.0,99.92338258522793,0.0,60.057683963926,0.0,60.05414196614107,99.97172443559325,99.93909878435464,136.64371165117137
Highest_ROI,0.0,0.0,0.0,0.0,0.0,0.0,0.0,0.0,80.26354276056057
Don_INJA_'t_use_or,43.0918846335826,99.97371822539117,99.9932860639002,99.97228330091538,60.01032390399147,99.9881807536601,99.97296300198283,99.9425426030965,99.95967106999676
