index,Turkey,Japan,South_Korea,Brazil,Russia,Iran,Indonesia,Egypt,United_States,Vietnam,India,China
2015,51.26500721884122,52.35617151559518,0.0,53.42783307009313,52.59472679767214,0.0,0.0,69.37733114299635,0.0,0.0,0.0,0.0
2076,0.0,0.0,0.0,0.0,0.0,0.0,0.0,0.0,83.09567310464445,0.0,0.0,0.0
2017,52.66651950104642,51.73745408376135,53.03509306482465,53.6585448580031,53.56845066823735,53.01099728544477,64.60099650533493,51.96632865682068,85.4418671303606,86.27758790083817,0.0,0.0
2018,0.0,53.51114369733568,0.0,0.0,0.0,52.94358563286687,69.9859438931544,68.87944591861287,87.14574257963068,86.6633323572537,3049.2822990850104,0.0
2019,0.0,52.07119122749691,52.34903464252329,51.580018903527616,51.91418001992088,61.33796160729753,73.50300907527617,69.17799333175799,0.0,89.97328689607912,0.0,0.0
