Unnamed:_0,index,Jan,Aug,Jun,Jul,Apr,Sep,Feb,Nov,Mar,Oct,May,Dec
0,2019,8.620496332299679,9.160538984314693,9.24149192076858,9.270625599185673,9.01795637717318,9.207779078787803,8.935736430584166,8.86836097510777,8.704658991463743,8.987828542275437,8.662355989556286,8.773044325345008
1,2016,8.916175634447702,8.740841877053464,8.791427134189957,8.527373945899429,8.618667008147767,8.683209522612959,9.011595463591902,8.918223023730304,8.704658991463743,8.752883509797753,8.895029442195657,8.653116398456993
2,2020,8.916175634447702,9.160538984314693,9.49965061256292,9.270625599185673,9.072010802799564,9.207779078787803,8.770206483993787,8.86836097510777,9.094424073247016,8.987828542275437,9.166546937294296,8.773044325345008
3,2017,8.494765722230488,8.740841877053464,8.741664861934963,8.56160431823407,8.449530683547067,8.473230225188319,8.607807037950003,8.564687993309402,8.3597772809075,8.535836696985706,8.662355989556286,8.610751325576004
4,2018,8.459428009172893,8.868610756328007,8.381944513450005,8.737191940465225,8.788112462531116,9.083026835214769,8.512053441202521,8.630849253426392,8.704658991463743,8.699074917895484,8.575379037897187,8.860689765054559
5,2015,8.336142532650898,8.671717816914857,8.791427134189957,8.664047015223314,8.449530683547067,8.774795652418339,8.424068244585227,9.022935803231746,8.62608585069018,8.752883509797753,8.74363507086232,8.860689765054559
