index,Unnamed:_1,0,Unnamed:_3,6,Unnamed:_5,Unnamed:_6,Unnamed:_7,2,Unnamed:_9,Unnamed:_10,Unnamed:_11,Unnamed:_12,Unnamed:_13,Unnamed:_14,Unnamed:_15
Total_attendance,3382869.01861183,3273654.590335419,3382869.01861183,3084640.8893842627,3382869.01861183,3382869.01861183,3382869.01861183,3045703.443614754,3382869.01861183,3382869.01861183,3382869.01861183,3382869.01861183,3382869.01861183,3382869.01861183,3382869.01861183
Average_attendance,73685.65546352416,74795.71604117146,73685.65546352416,74002.51977020316,73685.65546352416,73685.65546352416,73685.65546352416,58548.65404184209,73685.65546352416,73685.65546352416,73685.65546352416,73685.65546352416,73685.65546352416,73685.65546352416,73685.65546352416
