index,Unnamed:_1,Unnamed:_2,Unnamed:_3,Unnamed:_4,Unnamed:_5,Unnamed:_6,Unnamed:_7,Unnamed:_8,Unnamed:_9,Unnamed:_10,Unnamed:_11,Unnamed:_12,Unnamed:_13
Single,40.78900835654527,40.78900835654527,40.78900835654527,40.78900835654527,40.78900835654527,40.78900835654527,40.78900835654527,40.78900835654527,40.78900835654527,40.78900835654527,40.78900835654527,40.78900835654527,40.78900835654527
Married,42.458184916406815,42.458184916406815,42.458184916406815,42.458184916406815,42.458184916406815,42.458184916406815,42.458184916406815,42.458184916406815,42.458184916406815,42.458184916406815,42.458184916406815,42.458184916406815,42.458184916406815
Widowed,7.721450052221471,7.721450052221471,7.721450052221471,7.721450052221471,7.721450052221471,7.721450052221471,7.721450052221471,7.721450052221471,7.721450052221471,7.721450052221471,7.721450052221471,7.721450052221471,7.721450052221471
Divorced,8.474596745812633,8.474596745812633,8.474596745812633,8.474596745812633,8.474596745812633,8.474596745812633,8.474596745812633,8.474596745812633,8.474596745812633,8.474596745812633,8.474596745812633,8.474596745812633,8.474596745812633
