index,Unnamed:_1,Unnamed:_2,Unnamed:_3,Unnamed:_4,Unnamed:_5,Unnamed:_6,Unnamed:_7,Unnamed:_8,Unnamed:_9,Unnamed:_10,Unnamed:_11,Unnamed:_12,Unnamed:_13,Unnamed:_14,Unnamed:_15,Unnamed:_16,Unnamed:_17,Unnamed:_18,Unnamed:_19,Unnamed:_20
Northeast,2.634782320857589,2.634782320857589,2.634782320857589,2.634782320857589,2.634782320857589,2.634782320857589,2.634782320857589,2.634782320857589,2.634782320857589,2.634782320857589,2.634782320857589,2.634782320857589,2.634782320857589,2.634782320857589,2.634782320857589,2.634782320857589,2.634782320857589,2.634782320857589,2.634782320857589,2.634782320857589
Midwest,6.707076213556505,6.707076213556505,6.707076213556505,6.707076213556505,6.707076213556505,6.707076213556505,6.707076213556505,6.707076213556505,6.707076213556505,6.707076213556505,6.707076213556505,6.707076213556505,6.707076213556505,6.707076213556505,6.707076213556505,6.707076213556505,6.707076213556505,6.707076213556505,6.707076213556505,6.707076213556505
South,12.684074272700297,12.684074272700297,12.684074272700297,12.684074272700297,12.684074272700297,12.684074272700297,12.684074272700297,12.684074272700297,12.684074272700297,12.684074272700297,12.684074272700297,12.684074272700297,12.684074272700297,12.684074272700297,12.684074272700297,12.684074272700297,12.684074272700297,12.684074272700297,12.684074272700297,12.684074272700297
West,3.585027070985234,3.585027070985234,3.585027070985234,3.585027070985234,3.585027070985234,3.585027070985234,3.585027070985234,3.585027070985234,3.585027070985234,3.585027070985234,3.585027070985234,3.585027070985234,3.585027070985234,3.585027070985234,3.585027070985234,3.585027070985234,3.585027070985234,3.585027070985234,3.585027070985234,3.585027070985234
