index,Increasing_the_effectiveness_of_company_work,Nothing_good_happened,New_opportunities_for_business_opened,Adoption_of_new_technologies_in_business,People_ready_work_for_less_money_are_to,Easier_take_unpopular_decisions_to,Cutting_otherwise_would_costs_that_not_be_cut_for_a_long_time
March_2020,14.06704235018831,0.0,29.116029859755464,29.1222707763348,0.0,0.0,0.0
April_2020,51.1073859445877,51.06866277715054,29.10958009360555,29.10826966492748,29.10155371795233,29.12687775215616,29.104706936958955
May_2020,29.143675809773256,29.120874350774727,49.76997062592216,29.123785959493823,29.094149795921204,29.1132984349796,29.121402617335576
