Unnamed:_0,index,Don't_know)_No_opinion,Never,At_least_month_once_a,a_few_times_month_a,At_least_week_once_a,a_few_times_week_a,At_least_day_once_a
0,Other,18.881610196863967,18.88489442956135,18.88300124583703,18.880635331648698,18.901469400089205,18.9010894062234,18.89577175397026
1,Black,0.0,0.0,0.0,18.87545565335873,0.0,0.0,0.0
2,Hispanic,0.0,0.0,0.0,0.0,18.894584273139596,0.0,0.0
