Unnamed:_0,index,ises,any,1510,Subject:,Spend,jess,JOSE,each,ecos,the,STER,1993,JOST,JOSS,1900,2016,pong
0,Votes_for_up_cast_runner-,9.656739880734278,13.836311147244658,14.20509937324681,43.41503350946465,14.36651937109758,14.837810798714427,538.5912530243436,49.06881295001489,87.37185892046779,184.20938608548025,14.845841003449266,37.51300479847674,48.55805757506499,538.5912530243436,538.5912530243436,76.73746308440809,15.153135896936815
1,Total_votes_cast,9.656739880734278,13.836311147244658,14.20509937324681,43.41503350946465,14.36651937109758,14.837810798714427,538.5912530243436,49.06881295001489,170.71469144206696,184.20938608548025,14.845841003449266,88.61177406224544,103.8744878999952,538.5912530243436,538.5912530243436,145.2252756920657,26.1214937769671
2,Voting-age_population,9.656739880734278,13.836311147244658,14.20509937324681,43.41503350946465,14.36651937109758,14.837810798714427,115.22812383821024,49.06881295001489,234.23827013071948,184.20938608548025,14.845841003449266,37.1557680434567,103.8744878999952,538.5912530243436,538.5912530243436,268.2602937186944,26.1214937769671
3,Votes_for_cast_winner,9.656739880734278,13.836311147244658,14.20509937324681,43.41503350946465,14.36651937109758,14.837810798714427,538.5912530243436,49.06881295001489,87.37185892046779,184.20938608548025,14.845841003449266,54.266073104278576,64.8020881967692,538.5912530243436,538.5912530243436,76.64921671686795,26.1214937769671
4,Total_population,20.232562458728463,25.209571703447978,26.009672102478305,43.41503350946465,31.559402419646688,37.85083164686512,166.9191958501448,49.06881295001489,268.2602937186944,184.20938608548025,53.36428540678838,116.7917807633869,245.20044432368124,538.5912530243436,538.5912530243436,341.0702244624728,98.97730833763922
5,Voting_I-eligible_population,9.656739880734278,13.836311147244658,14.20509937324681,43.41503350946465,14.36651937109758,14.837810798714427,538.5912530243436,205.2632946319692,49.06881295001489,184.20938608548025,14.845841003449266,88.61177406224544,103.8744878999952,538.5912530243436,538.5912530243436,250.49196276346828,15.153135896936815
