index,Any_of_the_above,Homophobic,Anti-religion,Sexist,Racist
Often,20.86219208791713,29.911701158600835,51.80637929693329,13.806120857152932,11.944820981569585
Often_Isometimes,30.00111367142187,51.80178433965449,51.820206675312505,51.731971593727565,51.74410721170257
