index,Kul_Tiran,Dark_Iron_Dwarf,Lightforged_Draenei,Void_Elf,Pandaren_(Alliance),Dwarf,Gnome,Worgen,Draenei,Night_Elf,Human
US_realms,39.07384928227921,34.77756926474417,34.76923609441153,34.78212273683136,34.77737558157685,34.771348391528406,34.77875341678201,7.890669495591503,34.79591355364122,11.157974127764156,39.07921967544837
EU_realms,15.942678028389732,15.939036401313055,15.943235107202677,34.77788376018418,34.7854776744673,15.941738377379952,7.894487546939402,7.886672143489694,7.893335036211081,39.086002421614886,39.08534466590804
