index,National_Central_Capital_Luzon_Dan,Central_Luzon,Central_Visayas,Cordillera_SOCCSKSARGEN,SOCCSKSARGEN,Cagayan_Valley,calabarzon,Ilocos_Region
Under_investigation,22.933592940477222,12.007779173478797,1.0001660864293207,1.001229164278186,0.998292450689828,0.9987195523475804,0.9950720418397516,1.004197053170028
Confirmed_cases,1.998436714406708,0.0,0.0,0.0,0.0,0.0,0.0,0.0
