index,Unnamed:_1,Unnamed:_2,Unnamed:_3,Unnamed:_4,Unnamed:_5,Unnamed:_6,Unnamed:_7,tran,and_the,Unnamed:_10,Unnamed:_11,Unnamed:_12,Unnamed:_13,Unnamed:_14
2019,28.73270496629481,28.73270496629481,28.73270496629481,28.73270496629481,28.73270496629481,28.73270496629481,28.73270496629481,10.86240963895994,4.923930438680998,28.73270496629481,28.73270496629481,28.73270496629481,28.73270496629481,28.73270496629481
2020,1.819318110026288,1.819318110026288,1.819318110026288,1.819318110026288,1.819318110026288,1.819318110026288,1.819318110026288,5.823375777988723,4.905107685081688,1.819318110026288,1.819318110026288,1.819318110026288,1.819318110026288,1.819318110026288
