index,Taiwan,Others_(including_Middle_East_and_other_DRI),Other_Asia,South_Korea,Western_Europe,Japan,China
2011,7962.601256322608,7961.021865815664,6269.352445162023,528.2245298250491,898.9623986175402,1287.3769535438132,6774.353265051275
2017,1319.7367209475406,532.3193090225668,532.5520314332935,531.774965627721,906.172820040616,905.7371750400488,1319.0433784482657
