index,Mobile,Fixed_broadband
Download,34.47144412660836,83.84594457017995
Upload,10.8205204531544,43.72401158494568
