index,Iceland,Other_multiples,Lidl,Waitrose,The_Co-_operative,Aldi,Morrisons,Asda,Sainsbury's,Tesco
12_March_29_2015_weeks_to,0.0,0.0,0.0,1271.9910047471967,1497.0098566717024,1550.141646607145,1549.467405179068,1548.7808641561178,0.0,0.0
12_March_27_2016_weeks_to,509.124733993307,510.6026980391307,508.3346527444192,1282.7645553405737,1544.1783557543768,1549.4752321939875,1549.855625119082,1549.7254730424183,1550.2592754599373,1550.3493979460118
12_weeks_March_26_2017_to,510.7053437490768,510.9877871731769,508.50013820272034,1284.8633134840238,1550.5180142102809,1550.198001114567,1547.431486783973,1547.1210897351602,1550.7830145725602,507.4262717557467
