Unnamed:_0,index,2018,2019
0,ASML,17.930173373958013,22.018276561333423
1,Lam_Research,15.633309151120017,14.319300356805286
2,Ap_ics,19.12125498795784,18.999779677132324
3,Tokya_nology,16.179680424122523,15.419676926254454
4,Others,25.74116432038089,22.97922682530269
5,KLA-Tencor,6.0202805426673365,7.028232572364146
